Unnamed: 0,folder_path,data,intention
0,data\Train\Tableau\tab_015,"Table_name: 1Crime Trend over Years
 Data: 
  Year of Date Number of Records
         2012           242,063
         2013           306,381
         2014           273,748
         2015           226,383

Table_name: 2Forecasted Crime Trneds
 Data: 
 Forecast indicator  Year of Date Lower Prediction Interval for Number of Records Upper Prediction Interval for Number of Records Number of Records
            Actual          2012                                             NaN                                             NaN           242,063
            Actual          2012                                             NaN                                             NaN           242,063
            Actual          2013                                             NaN                                             NaN           306,381
            Actual          2013                                             NaN                                             NaN           306,381
            Actual          2014                                             NaN                                             NaN           273,748
            Actual          2014                                             NaN                                             NaN           273,748
          Estimate          2015                                         252,258                                         263,055           257,656
          Estimate          2015                                         252,258                                         263,055           257,656
          Estimate          2016                                         230,571                                         251,745           241,158
          Estimate          2016                                         230,571                                         251,745           241,158

Table_name: 3Arrests
 Data: 
                       crime_type no_arrest arrested
                           THEFT   210,952   26,778
                         BATTERY   144,856   44,932
                 CRIMINAL DAMAGE   101,975    7,508
                       NARCOTICS     1,049  104,861
                         ASSAULT    48,478   16,032
                   OTHER OFFENSE    48,636   13,701
                        BURGLARY    57,341    3,391
              DECEPTIVE PRACTICE    42,600    7,184
             MOTOR VEHICLE THEFT    40,068    2,934
                         ROBBERY    36,153    4,069
               CRIMINAL TRESPASS     7,453   19,712
               WEAPONS VIOLATION     2,220   10,006
          PUBLIC PEACE VIOLATION     2,377    8,018
      OFFENSE INVOLVING CHILDREN     6,577    1,333
                    PROSTITUTION        31    5,910
INTERFERENCE WITH PUBLIC OFFICER       254    4,503
             CRIM SEXUAL ASSAULT     4,041      576
                     SEX OFFENSE     2,479      892
                           Other     1,690      472
                        GAMBLING         7    1,902
                        HOMICIDE     1,050      576
                           ARSON     1,358      142
            LIQUOR LAW VIOLATION        39    1,459

Table_name: 4Relation between Type of Crime and Location
 Data: 
   Type of the Crime APARTMENT RESIDENCE SIDEWALK STREET
            BATTERY    46,082    35,420   32,562 25,857
           BURGLARY    21,336    20,531      NaN    NaN
    CRIMINAL DAMAGE       NaN    19,780      NaN 39,152
MOTOR VEHICLE THEFT       NaN       NaN      NaN 33,760
          NARCOTICS       NaN       NaN   36,917 30,790
      OTHER OFFENSE       NaN    24,232      NaN    NaN
            ROBBERY       NaN       NaN   15,650    NaN
              THEFT       NaN    22,597      NaN 57,548

Table_name: 5Crimes by Time of Day
 Data: 
  Hour of Date crime_count
            0      50.90K
            1      31.75K
            2      27.25K
            3      22.28K
            4      16.65K
            5      14.28K
            6      17.44K
            7      24.46K
            8      35.91K
            9      48.06K
           10      46.69K
           11      48.47K
           12      59.94K
           13      49.90K
           14      53.06K
           15      58.11K
           16      54.54K
           17      53.92K
           18      58.78K
           19      61.01K
           20      58.60K
           21      56.00K
           22      55.73K
           23      44.85K

Table_name: 6Crime Trends over Months
 Data: 
 Month of Date crime_count
      January      65,385
     February      55,394
        March      68,246
        April      81,774
          May     105,973
         June     106,303
         July     110,612
       August     108,570
    September     100,148
      October      99,405
     November      79,019
     December      67,746

Table_name: 7Weekday
 Data: 
                    Block  Sunday  Monday  Tuesday  Wednesday  Thursday  Friday  Saturday
      038XX W ADDISON ST     1.0     NaN      NaN        1.0       NaN     1.0       3.0
      038XX W AINSLIE ST     NaN     1.0      3.0        NaN       1.0     1.0       NaN
      038XX W ALTGELD ST     NaN     NaN      NaN        1.0       1.0     1.0       NaN
    038XX W ARMITAGE AVE     1.0     1.0      NaN        3.0       1.0     NaN       2.0
   038XX W ARTHINGTON ST     3.0     2.0      2.0        2.0       NaN     1.0       3.0
    038XX W AUGUSTA BLVD     1.0     2.0      NaN        4.0       3.0     3.0       2.0
      038XX W BELDEN AVE     NaN     NaN      NaN        NaN       NaN     NaN       4.0
038XX W BELLE PLAINE AVE     NaN     NaN      NaN        1.0       NaN     NaN       NaN
     038XX W BELMONT AVE     NaN     2.0      NaN        NaN       2.0     NaN       NaN
     038XX W BERTEAU AVE     1.0     NaN      1.0        NaN       NaN     NaN       NaN
      038XX W CARMEN AVE     NaN     1.0      NaN        1.0       NaN     NaN       NaN",Crime Data Visualization - Chicago PD
1,data\Train\Tableau\tab_016,"Table_name: 1Number-bubbles
 Data: 
 Income and Australia                 Country  Rank by number Refugees hosted
          Low income                Pakistan               1       1,616,507
          Low income                    Iran               2         857,354
          Low income                 Lebanon               3         856,546
          Low income                  Jordan               4         641,915
          Low income                  Turkey               5         609,938
          Low income                   Kenya               6         534,938
          Low income                    Chad               7         434,479
          Low income                Ethiopia               8         433,936
          Low income                   China               9         301,047
          Low income                    Iraq              11         246,298
          Low income                   Yemen              12         241,288
          Low income              Bangladesh              14         231,145
          Low income                   Egypt              15         230,086
          Low income             South Sudan              16         229,587
          Low income                  Uganda              17         220,555
          Low income               Venezuela              18         204,340
          Low income                   India              19         188,395
          Low income                   Sudan              22         159,857
          Low income        Syrian Arab Rep.              23         149,292
          Low income                Thailand              24         136,499
          Low income                 Ecuador              26         123,133
          Low income                Cameroon              27         114,753
          Low income        Congo, Dem. Rep.              29         113,362
          Low income United Rep. of Tanzania              30         102,099
          Low income                Malaysia              31          97,513
          Low income                 Algeria              32          94,150
          Low income              Mauritania              33          92,767
          Low income                  Rwanda              36          73,349
          Low income            South Africa              37          65,881
          Low income                   Niger              38          57,661
          Low income     Serbia (and Kosovo)              39          57,083
          Low income                 Liberia              41          53,253
          Low income          Congo, Rep. of              43          51,037
          Low income                   Nepal              45          46,305
          Low income                 Burundi              47          45,490
          Low income            Burkina Faso              49          29,234
          Low income                   Libya              51          25,561
          Low income                  Angola              52          23,783
          Low income                  Zambia              53          23,594
          Low income                    Togo              54          20,613
          Low income              Costa Rica              55          20,569
          Low income                Djibouti              56          20,015
          Low income                   Ghana              57          18,681
          Low income                  Panama              58          17,665
          Low income             Afghanistan              59          16,863
          Low income    Central African Rep.              61          14,322
          Low income                    Mali              62          14,316
          Low income                 Senegal              63          14,247
          Low income                 Armenia              64          13,732
          Low income                  Gambia              68           9,563
          Low income        Papua New Guinea              69           9,378
          Low income                  Guinea              70           8,560
          Low income           Guinea-Bissau              71           8,535
          Low income              Montenegro              72           8,476
          Low income  Bosnia and Herzegovina              73           6,926
          Low income                Zimbabwe              74           6,389
          Low income                  Malawi              76           5,796
          Low income                  Brazil              77           5,196
          Low income              Mozambique              79           4,445
          Low income                Bulgaria              80           4,320
          Low income               Argentina              84           3,362
          Low income               Indonesia              85           3,206
          Low income                 Eritrea              87           3,166
          Low income           Côte d'Ivoire              88           2,980
          Low income                 Ukraine              89           2,968
          Low income            Sierra Leone              91           2,817
          Low income                Botswana              92           2,773
          Low income                 Hungary              94           2,440
          Low income                 Somalia              95           2,425
          Low income                 Namibia              96           2,332
          Low income              Tajikistan              97           2,048
          Low income                  Mexico              98           1,831
          Low income                 Romania              99           1,770
          Low income                 Nigeria             101           1,694
          Low income                   Gabon             102           1,594
          Low income                 Morocco             103           1,470
          Low income              Azerbaijan             105           1,380
          Low income                    Peru             106           1,162
          Low income               Macedonia             107             982
          Low income                 Georgia             109             847
          Low income                 Bolivia             110             748
          Low income                 Tunisia             111             730
          Low income          Dominican Rep.             112             721
          Low income                 Belarus             116             604
          Low income              Kazakhstan             119             584
          Low income               Swaziland             122             507
         High income                      US              10         263,662
         High income                  France              13         232,487
         High income                 Germany              20         187,567
         High income                  Canada              21         160,349
         High income                      UK              25         126,055
         High income                  Sweden              28         114,175
         High income                   Italy              34          78,061
         High income             Netherlands              35          74,707
         High income                 Austria              40          55,598
         High income             Switzerland              42          52,464
         High income                  Israel              44          48,325
         High income                  Norway              46          46,106
         High income                 Belgium              50          25,633
         High income                  Poland              60          16,438
         High income                 Denmark              65          13,170
         High income                 Finland              66          11,252
         High income                   Malta              67           9,906
         High income                 Ireland              75           6,001
         High income                   Spain              78           4,637
         High income                  Cyprus              81           3,883
         High income                  Greece              82           3,485
         High income                  Russia              83           3,458
         High income              Czech Rep.              86           3,184
         High income              Luxembourg              90           2,873
         High income                   Japan              93           2,584
         High income                   Chile             100           1,743
         High income             New Zealand             104           1,403
         High income               Lithuania             108             916
         High income                Slovakia             113             701
         High income                 Croatia             114             684
         High income                  Kuwait             115             635
         High income    United Arab Emirates             117             603
         High income                Portugal             118             598
         High income            Saudi Arabia             120             559
         High income             South Korea             121             547
           Australia               Australia              48          34,503

Table_name: 2Population-bubbles
 Data: 
 Income and Australia                 Country  Rank by 1000 ppl  Ratio by 1000 inhabitants Residents per refugee
         High income                   Malta                 5                       23.1                    43
         High income                  Sweden                11                       11.9                    84
         High income                  Norway                15                        9.1                   109
         High income                 Austria                22                        6.5                   153
         High income             Switzerland                23                        6.5                   154
         High income                  Israel                24                        6.3                   160
         High income              Luxembourg                28                        5.4                   185
         High income                  Canada                35                        4.6                   219
         High income             Netherlands                37                        4.5                   224
         High income                  France                41                        3.6                   276
         High income                  Cyprus                42                        3.4                   294
         High income                 Denmark                50                        2.3                   427
         High income                 Belgium                51                        2.3                   433
         High income                 Germany                52                        2.3                   441
         High income                 Finland                53                        2.1                   483
         High income                      UK                56                        2.0                   500
         High income                 Ireland                65                        1.3                   769
         High income                   Italy                66                        1.3                   781
         High income                      US                75                        0.8                 1,220
         High income                  Poland                84                        0.4                 2,326
         High income                  Greece                87                        0.3                 3,226
         High income             New Zealand                87                        0.3                 3,226
         High income              Czech Rep.                89                        0.3                 3,333
         High income               Lithuania                89                        0.3                 3,333
         High income                  Kuwait                98                        0.2                 5,263
         High income                 Croatia               100                        0.2                 6,250
         High income                Slovakia               104                        0.1                 7,692
         High income                   Chile               106                        0.1                10,000
         High income                   Spain               106                        0.1                10,000
         High income                Portugal               121                        0.1                16,667
         High income    United Arab Emirates               121                        0.1                16,667
         High income                   Japan               140                        0.0                50,000
         High income                  Russia               140                        0.0                50,000
         High income            Saudi Arabia               140                        0.0                50,000
         High income             South Korea               146                        0.0               100,000
           Australia               Australia                62                        1.5                   676
          Low income                 Lebanon                 1                      177.6                     6
          Low income                  Jordan                 2                       88.3                    11
          Low income                    Chad                 3                       33.9                    30
          Low income              Mauritania                 4                       23.9                    42
          Low income                Djibouti                 6                       22.9                    44
          Low income             South Sudan                 7                       20.3                    49
          Low income              Montenegro                 8                       13.7                    73
          Low income                 Liberia                 9                       12.4                    81
          Low income                   Kenya                10                       12.1                    83
          Low income          Congo, Rep. of                12                       11.5                    87
          Low income                    Iran                13                       11.1                    90
          Low income                   Yemen                14                        9.9                   101
          Low income                Pakistan                16                        8.9                   113
          Low income                  Turkey                17                        8.1                   123
          Low income                 Ecuador                18                        7.8                   128
          Low income                    Iraq                19                        7.3                   137
          Low income        Syrian Arab Rep.                20                        6.8                   147
          Low income               Venezuela                21                        6.7                   149
          Low income                  Rwanda                25                        6.2                   161
          Low income     Serbia (and Kosovo)                26                        6.0                   167
          Low income                  Uganda                27                        5.9                   170
          Low income                  Gambia                29                        5.2                   193
          Low income                Cameroon                30                        5.2                   194
          Low income           Guinea-Bissau                31                        5.0                   200
          Low income                 Armenia                32                        4.6                   217
          Low income                Ethiopia                32                        4.6                   217
          Low income                  Panama                34                        4.6                   219
          Low income                 Burundi                36                        4.5                   223
          Low income              Costa Rica                38                        4.2                   237
          Low income                   Sudan                39                        4.2                   238
          Low income                   Libya                40                        4.1                   243
          Low income                Malaysia                43                        3.3                   305
          Low income                   Niger                44                        3.2                   310
          Low income    Central African Rep.                45                        3.1                   323
          Low income                    Togo                46                        3.0                   331
          Low income                   Egypt                47                        2.8                   357
          Low income                 Algeria                49                        2.4                   417
          Low income United Rep. of Tanzania                53                        2.1                   483
          Low income                Thailand                55                        2.0                   490
          Low income  Bosnia and Herzegovina                57                        1.8                   552
          Low income            Burkina Faso                58                        1.7                   578
          Low income        Congo, Dem. Rep.                59                        1.7                   595
          Low income                   Nepal                60                        1.7                   599
          Low income                  Zambia                61                        1.6                   617
          Low income              Bangladesh                62                        1.5                   676
          Low income                Botswana                64                        1.4                   730
          Low income        Papua New Guinea                66                        1.3                   781
          Low income            South Africa                68                        1.3                   800
          Low income                  Angola                69                        1.1                   901
          Low income                 Namibia                70                        1.0                   990
          Low income                 Senegal                70                        1.0                   990
          Low income                   Gabon                72                        1.0                 1,053
          Low income                    Mali                73                        0.9                 1,064
          Low income                  Guinea                76                        0.7                 1,370
          Low income                   Ghana                77                        0.7                 1,389
          Low income                Bulgaria                78                        0.6                 1,667
          Low income             Afghanistan                79                        0.6                 1,818
          Low income                 Eritrea                80                        0.5                 2,000
          Low income               Macedonia                81                        0.5                 2,128
          Low income            Sierra Leone                82                        0.5                 2,174
          Low income                Zimbabwe                83                        0.5                 2,222
          Low income               Swaziland                85                        0.4                 2,439
          Low income                  Malawi                86                        0.4                 2,857
          Low income                 Hungary                91                        0.3                 4,000
          Low income              Tajikistan                91                        0.3                 4,000
          Low income                 Somalia                94                        0.2                 4,348
          Low income                   China                95                        0.2                 4,545
          Low income                 Georgia                97                        0.2                 5,000
          Low income              Mozambique                99                        0.2                 5,882
          Low income              Azerbaijan               101                        0.2                 6,667
          Low income           Côte d'Ivoire               101                        0.2                 6,667
          Low income                   India               101                        0.2                 6,667
          Low income               Argentina               111                        0.1                12,500
          Low income                 Romania               111                        0.1                12,500
          Low income                 Bolivia               115                        0.1                14,286
          Low income          Dominican Rep.               115                        0.1                14,286
          Low income                 Tunisia               115                        0.1                14,286
          Low income                 Ukraine               115                        0.1                14,286
          Low income                 Belarus               121                        0.1                16,667
          Low income              Kazakhstan               129                        0.0                25,000
          Low income                 Morocco               129                        0.0                25,000
          Low income                    Peru               129                        0.0                25,000
          Low income                  Brazil               134                        0.0                33,333
          Low income               Indonesia               146                        0.0               100,000
          Low income                  Mexico               146                        0.0               100,000
          Low income                 Nigeria               146                        0.0               100,000

Table_name: 3GDP-bubbles
 Data: 
 Income and Australia                 Country  Rank by GDP  Ratio by GDP per capita
           Australia               Australia           74                     0.81
          Low income                Pakistan            1                   512.06
          Low income                Ethiopia            2                   336.36
          Low income                   Kenya            3                   295.11
          Low income                    Chad            4                   199.01
          Low income             South Sudan            5                   176.43
          Low income        Congo, Dem. Rep.            6                   153.38
          Low income                  Uganda            7                   151.80
          Low income                  Jordan            8                   116.73
          Low income              Bangladesh            9                   111.35
          Low income                   Yemen           10                    95.29
          Low income                 Burundi           11                    79.71
          Low income                 Liberia           12                    78.85
          Low income                   Niger           13                    74.51
          Low income                    Iran           14                    70.23
          Low income                   Sudan           15                    67.06
          Low income United Rep. of Tanzania           16                    63.33
          Low income                 Lebanon           17                    62.30
          Low income                  Rwanda           18                    52.67
          Low income                Cameroon           19                    47.91
          Low income                   India           20                    46.54
          Low income              Mauritania           21                    44.01
          Low income                  Turkey           22                    38.92
          Low income                   Egypt           23                    34.10
          Low income                    Iraq           24                    32.36
          Low income                   China           25                    31.14
          Low income        Syrian Arab Rep.           26                    30.58
          Low income                   Nepal           27                    30.57
          Low income    Central African Rep.           28                    26.44
          Low income                    Togo           29                    18.99
          Low income            Burkina Faso           30                    18.61
          Low income               Venezuela           31                    15.23
          Low income             Afghanistan           32                    14.68
          Low income                Thailand           33                    13.58
          Low income                  Zambia           34                    13.45
          Low income                 Algeria           35                    12.93
          Low income                 Ecuador           36                    12.19
          Low income                    Mali           37                    11.78
          Low income          Congo, Rep. of           38                    11.35
          Low income                Zimbabwe           39                     8.78
          Low income                  Guinea           40                     8.04
          Low income           Guinea-Bissau           41                     7.66
          Low income                 Senegal           42                     7.28
          Low income                Djibouti           43                     6.99
          Low income     Serbia (and Kosovo)           44                     6.69
          Low income                  Malawi           46                     6.32
          Low income            South Africa           47                     5.83
          Low income                Malaysia           48                     5.51
          Low income                   Ghana           49                     5.47
          Low income                  Gambia           51                     4.81
          Low income                 Eritrea           53                     4.46
          Low income              Mozambique           54                     4.07
          Low income                  Angola           55                     3.93
          Low income        Papua New Guinea           57                     3.47
          Low income                   Libya           61                     2.25
          Low income                 Armenia           62                     2.00
          Low income            Sierra Leone           63                     1.83
          Low income              Costa Rica           65                     1.63
          Low income           Côte d'Ivoire           66                     1.38
          Low income                  Panama           70                     1.10
          Low income              Tajikistan           71                     0.88
          Low income  Bosnia and Herzegovina           72                     0.83
          Low income              Montenegro           76                     0.71
          Low income               Indonesia           78                     0.62
          Low income                 Nigeria           79                     0.61
          Low income                  Brazil           80                     0.43
          Low income                 Ukraine           81                     0.40
          Low income                Bulgaria           85                     0.30
          Low income                 Namibia           85                     0.30
          Low income                 Morocco           87                     0.27
          Low income               Argentina           90                     0.18
          Low income                Botswana           92                     0.16
          Low income              Azerbaijan           96                     0.13
          Low income                 Bolivia           96                     0.13
          Low income                 Georgia           96                     0.13
          Low income                 Romania           96                     0.13
          Low income                 Hungary          100                     0.12
          Low income                  Mexico          100                     0.12
          Low income                    Peru          104                     0.10
          Low income                   Gabon          105                     0.09
          Low income               Swaziland          105                     0.09
          Low income               Macedonia          105                     0.09
          Low income          Dominican Rep.          109                     0.07
          Low income                 Tunisia          109                     0.07
          Low income                 Belarus          114                     0.04
          Low income              Kazakhstan          114                     0.04
         High income                  France           45                     6.56
         High income                      US           50                     5.02
         High income                 Germany           52                     4.80
         High income                  Canada           56                     3.70
         High income                      UK           58                     3.33
         High income                  Sweden           59                     2.75
         High income                   Italy           60                     2.63
         High income             Netherlands           64                     1.79
         High income                  Israel           67                     1.37
         High income                 Austria           68                     1.31
         High income             Switzerland           69                     1.14
         High income                  Norway           72                     0.83
         High income                  Poland           75                     0.77
         High income                 Belgium           77                     0.67
         High income                   Malta           82                     0.37
         High income                 Denmark           83                     0.35
         High income                 Finland           84                     0.31
         High income                  Cyprus           88                     0.20
         High income                  Russia           89                     0.19
         High income                   Spain           92                     0.16
         High income                  Greece           94                     0.15
         High income                 Ireland           94                     0.15
         High income              Czech Rep.          100                     0.12
         High income                   Chile          105                     0.09
         High income                   Japan          109                     0.07
         High income             New Zealand          113                     0.05
         High income                 Croatia          114                     0.04
         High income               Lithuania          114                     0.04
         High income              Luxembourg          114                     0.04
         High income                Portugal          122                     0.03
         High income                Slovakia          122                     0.03
         High income             South Korea          126                     0.02
         High income            Saudi Arabia          126                     0.02
         High income    United Arab Emirates          126                     0.02
         High income                  Kuwait          132                     0.01",How we share the refugee burden
2,data\Train\Tableau\tab_019,"Table_name: 1care_adult
 Data: 
              Outcome      Year Est Lci Est Uci    Est      moe
Delayed Medical Care 2007-2009  13.68%  19.00% 16.34%      NaN
Delayed Medical Care 2007-2009  13.68%  19.00% 16.34% 0.053217
Delayed Medical Care 2011-2012  11.02%  19.00% 15.01%      NaN
Delayed Medical Care 2011-2012  11.02%  19.00% 15.01% 0.079785
Delayed Medical Care 2013-2014   6.93%  14.46% 10.69%      NaN
Delayed Medical Care 2013-2014   6.93%  14.46% 10.69% 0.075277
Delayed Medical Care 2015-2016   6.89%  16.30% 11.60%      NaN
Delayed Medical Care 2015-2016   6.89%  16.30% 11.60% 0.094024

Table_name: 2Current Physical Exam (S)
 Data: 
 School Year  Physical Exam (L) Physical Exam (N)  Physical Exam (P)  Physical Exam (U)  Physical Exam (W) Total Screened
  2012-2013              0.777             1,140              0.799              0.819              0.042          1,427
  2013-2014              0.627               903              0.652              0.677              0.050          1,384
  2014-2015              0.563               817              0.589              0.615              0.052          1,387
  2015-2016              0.602               867              0.628              0.653              0.051          1,381
  2016-2017              0.612               865              0.638              0.663              0.051          1,356

Table_name: 3hc_transit
 Data: 
               Address               facility type  Latitude   Longitude                                                                Name                            Geo nhood (AnalysisNeighborhoods.shp)                                             Variable Geometry (AnalysisNeighborhoods.shp)  Median Est
                  NaN                         NaN 37.711810 -122.405260                                                                 NaN              Visitacion Valley                 Visitacion Valley Transit service to non-profit health care facilities                              Polygon   15.642555
                  NaN                         NaN 37.715865 -122.439328                                                                 NaN                      Excelsior                         Excelsior Transit service to non-profit health care facilities                              Polygon   28.282963
                  NaN                         NaN 37.722070 -122.439829                                                                 NaN                  Outer Mission                     Outer Mission Transit service to non-profit health care facilities                              Polygon   38.619241
                  NaN                         NaN 37.725910 -122.392467                                                                 NaN          Bayview Hunters Point             Bayview Hunters Point Transit service to non-profit health care facilities                              Polygon   22.834254
                  NaN                         NaN 37.726754 -122.433272                                                                 NaN                  Outer Mission                     Outer Mission Transit service to non-profit health care facilities                              Polygon   38.619241
                  NaN                         NaN 37.726763 -122.433266                                                                 NaN                  Outer Mission                     Outer Mission Transit service to non-profit health care facilities                              Polygon   38.619241
                  NaN                         NaN 37.729043 -122.404218                                                                 NaN                        Portola                           Portola Transit service to non-profit health care facilities                              Polygon   26.039956
                  NaN                         NaN 37.730862 -122.392201                                                                 NaN          Bayview Hunters Point             Bayview Hunters Point Transit service to non-profit health care facilities                              Polygon   22.834254
                  NaN                         NaN 37.732227 -122.406518                                                                 NaN                        Portola                           Portola Transit service to non-profit health care facilities                              Polygon   26.039956
                  NaN                         NaN 37.742164 -122.425027                                                                 NaN                      Glen Park                         Glen Park Transit service to non-profit health care facilities                              Polygon   45.705719
                  NaN                         NaN 37.742404 -122.490981                                                                 NaN                Sunset/Parkside                   Sunset/Parkside Transit service to non-profit health care facilities                              Polygon   15.254942
                  NaN                         NaN 37.745717 -122.452267                                                                 NaN                     Twin Peaks                        Twin Peaks Transit service to non-profit health care facilities                              Polygon   39.178200
                  NaN                         NaN 37.746249 -122.420123                                                                 NaN                 Bernal Heights                    Bernal Heights Transit service to non-profit health care facilities                              Polygon   46.908867
                  NaN                         NaN 37.746953 -122.420051                                                                 NaN                 Bernal Heights                    Bernal Heights Transit service to non-profit health care facilities                              Polygon   46.908867
                  NaN                         NaN 37.747497 -122.458745                                                                 NaN                     Twin Peaks                        Twin Peaks Transit service to non-profit health care facilities                              Polygon   39.178200
                  NaN                         NaN 37.747525 -122.420298                                                                 NaN                 Bernal Heights                    Bernal Heights Transit service to non-profit health care facilities                              Polygon   46.908867
                  NaN                         NaN 37.748019 -122.420913                                                                 NaN                 Bernal Heights                    Bernal Heights Transit service to non-profit health care facilities                              Polygon   46.908867
                  NaN                         NaN 37.748836 -122.416966                                                                 NaN                        Mission                           Mission Transit service to non-profit health care facilities                              Polygon   64.505495
                  NaN                         NaN 37.749746 -122.417137                                                                 NaN                        Mission                           Mission Transit service to non-profit health care facilities                              Polygon   64.505495
                  NaN                         NaN 37.750111 -122.418191                                                                 NaN                        Mission                           Mission Transit service to non-profit health care facilities                              Polygon   64.505495
                  NaN                         NaN 37.753150 -122.427601                                                                 NaN                     Noe Valley                        Noe Valley Transit service to non-profit health care facilities                              Polygon   51.822660
                  NaN                         NaN 37.753409 -122.489264                                                                 NaN                Sunset/Parkside                   Sunset/Parkside Transit service to non-profit health care facilities                              Polygon   15.254942
                  NaN                         NaN 37.754138 -122.479346                                                                 NaN                Sunset/Parkside                   Sunset/Parkside Transit service to non-profit health care facilities                              Polygon   15.254942
                  NaN                         NaN 37.754161 -122.478757                                                                 NaN                Sunset/Parkside                   Sunset/Parkside Transit service to non-profit health care facilities                              Polygon   15.254942
                  NaN                         NaN 37.754271 -122.398735                                                                 NaN                   Potrero Hill                      Potrero Hill Transit service to non-profit health care facilities                              Polygon   47.529482
                  NaN                         NaN 37.755523 -122.406495                                                                 NaN                        Mission                           Mission Transit service to non-profit health care facilities                              Polygon   64.505495
                  NaN                         NaN 37.755780 -122.406196                                                                 NaN                        Mission                           Mission Transit service to non-profit health care facilities                              Polygon   64.505495
                  NaN                         NaN 37.756174 -122.406595                                                                 NaN                        Mission                           Mission Transit service to non-profit health care facilities                              Polygon   64.505495
                  NaN                         NaN 37.756903 -122.406632                                                                 NaN                        Mission                           Mission Transit service to non-profit health care facilities                              Polygon   64.505495
                  NaN                         NaN 37.760878 -122.435584                                                                 NaN            Castro/Upper Market               Castro/Upper Market Transit service to non-profit health care facilities                              Polygon   58.320370
                  NaN                         NaN 37.762381 -122.482495                                                                 NaN                Sunset/Parkside                   Sunset/Parkside Transit service to non-profit health care facilities                              Polygon   15.254942
                  NaN                         NaN 37.762718 -122.431841                                                                 NaN            Castro/Upper Market               Castro/Upper Market Transit service to non-profit health care facilities                              Polygon   58.320370
                  NaN                         NaN 37.763348 -122.458141                                                                 NaN                   Inner Sunset                      Inner Sunset Transit service to non-profit health care facilities                              Polygon   32.937561
                  NaN                         NaN 37.764030 -122.418541                                                                 NaN                        Mission                           Mission Transit service to non-profit health care facilities                              Polygon   64.505495
                  NaN                         NaN 37.764706 -122.416362                                                                 NaN                        Mission                           Mission Transit service to non-profit health care facilities                              Polygon   64.505495
                  NaN                         NaN 37.768939 -122.420008                                                                 NaN                        Mission                           Mission Transit service to non-profit health care facilities                              Polygon   64.505495
                  NaN                         NaN 37.769083 -122.434681                                                                 NaN            Castro/Upper Market               Castro/Upper Market Transit service to non-profit health care facilities                              Polygon   58.320370
                  NaN                         NaN 37.769992 -122.450374                                                                 NaN                 Haight Ashbury                    Haight Ashbury Transit service to non-profit health care facilities                              Polygon   52.553649
                  NaN                         NaN 37.770188 -122.448618                                                                 NaN                 Haight Ashbury                    Haight Ashbury Transit service to non-profit health care facilities                              Polygon   52.553649
                  NaN                         NaN 37.771258 -122.419489                                                                 NaN                        Mission                           Mission Transit service to non-profit health care facilities                              Polygon   64.505495
                  NaN                         NaN 37.772196 -122.423170                                                                 NaN                   Hayes Valley                      Hayes Valley Transit service to non-profit health care facilities                              Polygon   62.805145
                  NaN                         NaN 37.773893 -122.454455                                                                 NaN              Lone Mountain/USF                 Lone Mountain/USF Transit service to non-profit health care facilities                              Polygon   46.477086
                  NaN                         NaN 37.775509 -122.415656                                                                 NaN                South of Market                   South of Market Transit service to non-profit health care facilities                              Polygon   73.169814
                  NaN                         NaN 37.775722 -122.497646                                                                 NaN                 Outer Richmond                    Outer Richmond Transit service to non-profit health care facilities                              Polygon   20.625147
                  NaN                         NaN 37.775878 -122.419356                                                                 NaN                     Tenderloin                        Tenderloin Transit service to non-profit health care facilities                              Polygon   83.092159
                  NaN                         NaN 37.776044 -122.407029                                                                 NaN                South of Market                   South of Market Transit service to non-profit health care facilities                              Polygon   73.169814
                  NaN                         NaN 37.777608 -122.408882                                                                 NaN                South of Market                   South of Market Transit service to non-profit health care facilities                              Polygon   73.169814
                  NaN                         NaN 37.777978 -122.418539                                                                 NaN                     Tenderloin                        Tenderloin Transit service to non-profit health care facilities                              Polygon   83.092159
                  NaN                         NaN 37.778384 -122.418696                                                                 NaN                     Tenderloin                        Tenderloin Transit service to non-profit health care facilities                              Polygon   83.092159
                  NaN                         NaN 37.780190 -122.412825                                                                 NaN                South of Market                   South of Market Transit service to non-profit health care facilities                              Polygon   73.169814
                  NaN                         NaN 37.780687 -122.459940                                                                 NaN                 Inner Richmond                    Inner Richmond Transit service to non-profit health care facilities                              Polygon   34.498649
                  NaN                         NaN 37.781938 -122.435869                                                                 NaN               Western Addition                  Western Addition Transit service to non-profit health care facilities                              Polygon   59.170994
                  NaN                         NaN 37.781975 -122.413149                                                                 NaN                     Tenderloin                        Tenderloin Transit service to non-profit health care facilities                              Polygon   83.092159
                  NaN                         NaN 37.782471 -122.416329                                                                 NaN                     Tenderloin                        Tenderloin Transit service to non-profit health care facilities                              Polygon   83.092159
                  NaN                         NaN 37.782643 -122.470159                                                                 NaN                 Inner Richmond                    Inner Richmond Transit service to non-profit health care facilities                              Polygon   34.498649
                  NaN                         NaN 37.782690 -122.414615                                                                 NaN                     Tenderloin                        Tenderloin Transit service to non-profit health care facilities                              Polygon   83.092159
                  NaN                         NaN 37.782745 -122.443220                                                                 NaN              Lone Mountain/USF                 Lone Mountain/USF Transit service to non-profit health care facilities                              Polygon   46.477086
                  NaN                         NaN 37.783156 -122.411456                                                                 NaN                     Tenderloin                        Tenderloin Transit service to non-profit health care facilities                              Polygon   83.092159
                  NaN                         NaN 37.783711 -122.419257                                                                 NaN                     Tenderloin                        Tenderloin Transit service to non-profit health care facilities                              Polygon   83.092159
                  NaN                         NaN 37.784138 -122.411542                                                                 NaN                     Tenderloin                        Tenderloin Transit service to non-profit health care facilities                              Polygon   83.092159
                  NaN                         NaN 37.784588 -122.470038                                                                 NaN                 Inner Richmond                    Inner Richmond Transit service to non-profit health care facilities                              Polygon   34.498649
                  NaN                         NaN 37.784784 -122.439694                                                                 NaN                      Japantown                         Japantown Transit service to non-profit health care facilities                              Polygon   54.187192
                  NaN                         NaN 37.785044 -122.411613                                                                 NaN                     Tenderloin                        Tenderloin Transit service to non-profit health care facilities                              Polygon   83.092159
                  NaN                         NaN 37.786219 -122.455149                                                                 NaN               Presidio Heights                  Presidio Heights Transit service to non-profit health care facilities                              Polygon   40.568145
                  NaN                         NaN 37.786248 -122.454924                                                                 NaN               Presidio Heights                  Presidio Heights Transit service to non-profit health care facilities                              Polygon   40.568145
                  NaN                         NaN 37.786486 -122.433379                                                                 NaN                Pacific Heights                   Pacific Heights Transit service to non-profit health care facilities                              Polygon   44.805008
                  NaN                         NaN 37.787942 -122.419122                                                                 NaN                       Nob Hill                          Nob Hill Transit service to non-profit health care facilities                              Polygon   56.212370
                  NaN                         NaN 37.788834 -122.418989                                                                 NaN                       Nob Hill                          Nob Hill Transit service to non-profit health care facilities                              Polygon   56.212370
                  NaN                         NaN 37.789351 -122.407776                                                                 NaN Financial District/South Beach    Financial District/South Beach Transit service to non-profit health care facilities                         MultiPolygon   61.195950
                  NaN                         NaN 37.789538 -122.417060                                                                 NaN                       Nob Hill                          Nob Hill Transit service to non-profit health care facilities                              Polygon   56.212370
                  NaN                         NaN 37.791178 -122.430981                                                                 NaN                Pacific Heights                   Pacific Heights Transit service to non-profit health care facilities                              Polygon   44.805008
                  NaN                         NaN 37.795671 -122.409173                                                                 NaN                      Chinatown                         Chinatown Transit service to non-profit health care facilities                              Polygon   41.320197
                  NaN                         NaN 37.796931 -122.411772                                                                 NaN                      Chinatown                         Chinatown Transit service to non-profit health care facilities                              Polygon   41.320197
                  NaN                         NaN 37.797869 -122.410400                                                                 NaN                      Chinatown                         Chinatown Transit service to non-profit health care facilities                              Polygon   41.320197
                  NaN                         NaN 37.798455 -122.403869                                                                 NaN                    North Beach                       North Beach Transit service to non-profit health care facilities                         MultiPolygon   31.686736
                  NaN                         NaN 37.799862 -122.409026                                                                 NaN                    North Beach                       North Beach Transit service to non-profit health care facilities                         MultiPolygon   31.686736
                  NaN                         NaN 40.438131   -3.819620                                                                 NaN               Golden Gate Park                  Golden Gate Park Transit service to non-profit health care facilities                              Polygon   35.684638
                  NaN                         NaN 41.211883    8.223586                                                                 NaN                       Seacliff                          Seacliff Transit service to non-profit health care facilities                              Polygon   15.894910
                  NaN                         NaN 46.795044    5.981596                                                                 NaN                   McLaren Park                      McLaren Park Transit service to non-profit health care facilities                              Polygon   18.129105
                  NaN                         NaN 48.858951    2.277020                                                                 NaN                   Russian Hill                      Russian Hill Transit service to non-profit health care facilities                         MultiPolygon   36.020799
                  NaN                         NaN 50.059806   14.325542                                                                 NaN                   Lincoln Park                      Lincoln Park Transit service to non-profit health care facilities                              Polygon   12.910509
                  NaN                         NaN 51.875233   14.649494                                                                 NaN                      Lakeshore                         Lakeshore Transit service to non-profit health care facilities                              Polygon    9.913793
                  NaN                         NaN 53.324443   -6.385786                                                                 NaN                       Presidio                          Presidio Transit service to non-profit health care facilities                              Polygon   29.365079
                  NaN                         NaN 53.558694    9.787740                                                                 NaN                    Mission Bay                       Mission Bay Transit service to non-profit health care facilities                         MultiPolygon   48.148977
                  NaN                         NaN 56.212859    9.300436                                                                 NaN                Treasure Island                   Treasure Island Transit service to non-profit health care facilities                              Polygon   11.631089
                  NaN                         NaN 61.752566    8.441989                                                                 NaN     Oceanview/Merced/Ingleside        Oceanview/Merced/Ingleside Transit service to non-profit health care facilities                              Polygon   22.372742
                  NaN                         NaN 64.296116    8.778609                                                                 NaN                         Marina                            Marina Transit service to non-profit health care facilities                         MultiPolygon   32.903007
                  NaN                         NaN 64.594444  -28.179117                                                                 NaN             West of Twin Peaks                West of Twin Peaks Transit service to non-profit health care facilities                              Polygon   29.039813
                  NaN                         NaN 40.438131   -3.819620                                                                 NaN                            NaN                               NaN                                                  NaN                                  NaN         NaN
                  NaN                         NaN 41.211883    8.223586                                                                 NaN                            NaN                               NaN                                                  NaN                                  NaN         NaN
                  NaN                         NaN 46.795044    5.981596                                                                 NaN                            NaN                               NaN                                                  NaN                                  NaN         NaN
                  NaN                         NaN 48.858951    2.277020                                                                 NaN                            NaN                               NaN                                                  NaN                                  NaN         NaN
                  NaN                         NaN 50.059806   14.325542                                                                 NaN                            NaN                               NaN                                                  NaN                                  NaN         NaN
                  NaN                         NaN 51.875233   14.649494                                                                 NaN                            NaN                               NaN                                                  NaN                                  NaN         NaN
                  NaN                         NaN 53.324443   -6.385786                                                                 NaN                            NaN                               NaN                                                  NaN                                  NaN         NaN
                  NaN                         NaN 53.558694    9.787740                                                                 NaN                            NaN                               NaN                                                  NaN                                  NaN         NaN
                  NaN                         NaN 56.212859    9.300436                                                                 NaN                            NaN                               NaN                                                  NaN                                  NaN         NaN
                  NaN                         NaN 61.752566    8.441989                                                                 NaN                            NaN                               NaN                                                  NaN                                  NaN         NaN
                  NaN                         NaN 64.296116    8.778609                                                                 NaN                            NaN                               NaN                                                  NaN                                  NaN         NaN
                  NaN                         NaN 64.594444  -28.179117                                                                 NaN                            NaN                               NaN                                                  NaN                                  NaN         NaN
   30 Van Ness Avenue    Community Health Network 37.775878 -122.419356                                   Breast & Cervical Cancer Services                            NaN                               NaN                                                  NaN                                  NaN         NaN
       50 Lech Walesa    Community Health Network 37.777978 -122.418539                                           Tom Waddell Health Center                            NaN                               NaN                                                  NaN                                  NaN         NaN
        82 Leland Ave            Community Clinic 37.711810 -122.405260                         North East Medical Services - Leland Avenue                            NaN                               NaN                                                  NaN                                  NaN         NaN
        100 Church St            Community Clinic 37.753150 -122.427601                               AHF Healthcare Center - San Francisco                            NaN                               NaN                                                  NaN                                  NaN         NaN
         101 Grove St    Community Health Network 37.778384 -122.418696                                  Adult Immunization & Travel Clinic                            NaN                               NaN                                                  NaN                                  NaN         NaN
          140 Turk St                 Free Clinic 37.783156 -122.411456                  San Francisco City Impact Health & Wellness Center                            NaN                               NaN                                                  NaN                                  NaN         NaN
  150 Golden Gate Ave            Community Clinic 37.781975 -122.413149                                     St  Anthony Free Medical Clinic                            NaN                               NaN                                                  NaN                                  NaN         NaN
          160 Capp St            Community Clinic 37.749746 -122.417137                                       Native American Health Center                            NaN                               NaN                                                  NaN                                  NaN         NaN
          165 Capp St            Community Clinic 37.764030 -122.418541                                Mission Neighborhood Resource Center                            NaN                               NaN                                                  NaN                                  NaN         NaN
          225 30th St            Community Clinic 37.742164 -122.425027                                        30th Street Community Clinic                            NaN                               NaN                                                  NaN                                  NaN         NaN
           229 7th St            Community Clinic 37.777608 -122.408882                                       South Of Market Health Center                            NaN                               NaN                                                  NaN                                  NaN         NaN
      234 Eddy Street    Community Health Network 37.784138 -122.411542                                     Housing and Urban Health Clinic                            NaN                               NaN                                                  NaN                                  NaN         NaN
      240 Shotwell St            Community Clinic 37.764706 -122.416362                                  Mission Neighborhood Health Center                            NaN                               NaN                                                  NaN                                  NaN         NaN
         330 Ellis St            Community Clinic 37.785044 -122.411613                                               Glide Health Services                            NaN                               NaN                                                  NaN                                  NaN         NaN
          333 Turk St            Community Clinic 37.782690 -122.414615                                                 Curry Senior Center                            NaN                               NaN                                                  NaN                                  NaN         NaN
       356 7th Street    Community Health Network 37.776044 -122.407029                                           San Francisco City Clinic                            NaN                               NaN                                                  NaN                                  NaN         NaN
375 Laguna Honda Blvd General Acute Care Hospital 37.747497 -122.458745                       Laguna Honda Hospital & Rehabilitation Center                            NaN                               NaN                                                  NaN                                  NaN         NaN
  375 Woodside Avenue    Community Health Network 37.745717 -122.452267                                          Special Programs for Youth                            NaN                               NaN                                                  NaN                                  NaN         NaN
          433 Turk St            Community Clinic 37.782471 -122.416329                                            Baart Turk Street Clinic                            NaN                               NaN                                                  NaN                                  NaN         NaN
       450 Stanyan St General Acute Care Hospital 37.773893 -122.454455                                            St Mary's Medical Center                            NaN                               NaN                                                  NaN                                  NaN         NaN
        450 Sutter St            Community Clinic 37.789351 -122.407776                                                        First Resort                            NaN                               NaN                                                  NaN                                  NaN         NaN
    505 Parnassus Ave General Acute Care Hospital 37.763348 -122.458141                                                 UCSF Medical Center                            NaN                               NaN                                                  NaN                                  NaN         NaN
      555 Cole Street    Community Health Network 37.769992 -122.450374                                                  Cole Street Clinic                            NaN                               NaN                                                  NaN                                  NaN         NaN
       558 Clayton St                 Free Clinic 37.770188 -122.448618                                  Haight Ashbury Free Medical Clinic                            NaN                               NaN                                                  NaN                                  NaN         NaN
       601 Duboce Ave General Acute Care Hospital 37.769083 -122.434681          California Pacific Medical Center - Davies Campus Hospital                            NaN                               NaN                                                  NaN                                  NaN         NaN
          730 Polk St            Community Clinic 37.783711 -122.419257                                                     Wellness Clinic                            NaN                               NaN                                                  NaN                                  NaN         NaN
       845 Jackson St General Acute Care Hospital 37.795671 -122.409173                                                    Chinese Hospital                            NaN                               NaN                                                  NaN                                  NaN         NaN
         888 Paris St            Community Clinic 37.715865 -122.439328                        Chinese Hospital - Excelsior Health Services                            NaN                               NaN                                                  NaN                                  NaN         NaN
          900 Hyde St General Acute Care Hospital 37.789538 -122.417060                                     Saint Francis Memorial Hospital                            NaN                               NaN                                                  NaN                                  NaN         NaN
   995 Potrero Avenue    Community Health Network 37.756903 -122.406632                                        Family Health Center at SFGH                            NaN                               NaN                                                  NaN                                  NaN         NaN
      1000 Cayuga Ave    Community Health Network 37.722070 -122.439829                                           Balboa Teen Health Center                            NaN                               NaN                                                  NaN                                  NaN         NaN
   1000 Montgomery St            Community Clinic 37.798455 -122.403869                                       On Lok Senior Health Services                            NaN                               NaN                                                  NaN                                  NaN         NaN
     1001 Potrero Ave    Community Health Network 37.755780 -122.406196                                    Children's Health Center at SFGH                            NaN                               NaN                                                  NaN                                  NaN         NaN
     1001 Potrero Ave    Community Health Network 37.755780 -122.406196                                      General Medical Clinic at SFGH                            NaN                               NaN                                                  NaN                                  NaN         NaN
     1001 Potrero Ave General Acute Care Hospital 37.755523 -122.406495                                      San Francisco General Hospital                            NaN                               NaN                                                  NaN                                  NaN         NaN
    1001 Potrero Ave.    Community Health Network 37.756174 -122.406595                                               Women's Health Center                            NaN                               NaN                                                  NaN                                  NaN         NaN
      1033 Clement St            Community Clinic 37.782643 -122.470159                               North East Medical Services - Clement                            NaN                               NaN                                                  NaN                                  NaN         NaN
1050 Wisconsin Street    Community Health Network 37.754271 -122.398735                                          Potrero Hill Health Center                            NaN                               NaN                                                  NaN                                  NaN         NaN
         1101 Capp St            Community Clinic 37.748836 -122.416966                                                   Fort Help Mission                            NaN                               NaN                                                  NaN                                  NaN         NaN
       1111 Market St            Community Clinic 37.780190 -122.412825                                                 Baart Market Clinic                            NaN                               NaN                                                  NaN                                  NaN         NaN
       1138 Sutter St    Community Health Network 37.787942 -122.419122                                        Larkin Street Medical Clinic                            NaN                               NaN                                                  NaN                                  NaN         NaN
   1301 Pierce Street    Community Health Network 37.781938 -122.435869                                           Maxine Hall Health Center                            NaN                               NaN                                                  NaN                                  NaN         NaN
         1333 Bush St            Community Clinic 37.788834 -122.418989                                       On Lok Senior Health Services                            NaN                               NaN                                                  NaN                                  NaN         NaN
     1351 24th Avenue    Community Health Network 37.762381 -122.482495                                            Ocean Park Health Center                            NaN                               NaN                                                  NaN                                  NaN         NaN
      1372 Mission St            Community Clinic 37.775509 -122.415656                                                 St  James Infirmary                            NaN                               NaN                                                  NaN                                  NaN         NaN
      1400 Noriega St            Community Clinic 37.754161 -122.478757                          North East Medical Services - 1400 Noriega                            NaN                               NaN                                                  NaN                                  NaN         NaN
       1441 Powell St            Community Clinic 37.797869 -122.410400                                       On Lok Senior Health Services                            NaN                               NaN                                                  NaN                                  NaN         NaN
      1450 Noriega St            Community Clinic 37.754138 -122.479346                               North East Medical Services - Noriega                            NaN                               NaN                                                  NaN                                  NaN         NaN
    1490 Mason Street    Community Health Network 37.796931 -122.411772                                             Chinatown Health Center                            NaN                               NaN                                                  NaN                                  NaN         NaN
     1520 Stockton St            Community Clinic 37.799862 -122.409026                                         North East Medical Services                            NaN                               NaN                                                  NaN                                  NaN         NaN
   1525 Silver Avenue    Community Health Network 37.732227 -122.406518                                  Silver Avenue Family Health Center                            NaN                               NaN                                                  NaN                                  NaN         NaN
     1580 Valencia St            Community Clinic 37.747525 -122.420298                         St Luke's Health Care Center - Adult Clinic                            NaN                               NaN                                                  NaN                                  NaN         NaN
     1580 Valencia St            Community Clinic 37.747525 -122.420298                     St Luke's Health Care Center - Pediatric Clinic                            NaN                               NaN                                                  NaN                                  NaN         NaN
     1580 Valencia St            Community Clinic 37.747525 -122.420298                       St Luke's Health Care Center - Women's Clinic                            NaN                               NaN                                                  NaN                                  NaN         NaN
   1600 Divisadero St General Acute Care Hospital 37.784784 -122.439694                                   UCSF Medical Center At Mount Zion                            NaN                               NaN                                                  NaN                                  NaN         NaN
     1647 Valencia St            Community Clinic 37.746953 -122.420051                Mission Neighborhood Health Center - Valencia Clinic                            NaN                               NaN                                                  NaN                                  NaN         NaN
     1650 Valencia St            Community Clinic 37.746249 -122.420123                             Planned Parenthood San Francisco Center                            NaN                               NaN                                                  NaN                                  NaN         NaN
      1663 Mission St    Community Health Network 37.771258 -122.419489                             Mission Neighborhood Health Centers-LPC                            NaN                               NaN                                                  NaN                                  NaN         NaN
      1735 Mission St            Community Clinic 37.768939 -122.420008                               Haight Ashbury Integrated Care Center                            NaN                               NaN                                                  NaN                                  NaN         NaN
       1748 Market St            Community Clinic 37.772196 -122.423170                                  Lyon-martin Womens Health Services                            NaN                               NaN                                                  NaN                                  NaN         NaN
        1800 31st Ave            Community Clinic 37.753409 -122.489264                                   Chinese Community Health Services                            NaN                               NaN                                                  NaN                                  NaN         NaN
     1833 Fillmore St            Community Clinic 37.786486 -122.433379                               Women's Community Clinic/tides Center                            NaN                               NaN                                                  NaN                                  NaN         NaN
      2308 Taraval St            Community Clinic 37.742404 -122.490981                        North East Medical Services - Taraval Street                            NaN                               NaN                                                  NaN                                  NaN         NaN
     2333 Buchanan St General Acute Care Hospital 37.791178 -122.430981         California Pacific Medical Center - Pacific Campus Hospital                            NaN                               NaN                                                  NaN                                  NaN         NaN
    2401 Keith Street    Community Health Network 37.725910 -122.392467                                             Southeast Health Center                            NaN                               NaN                                                  NaN                                  NaN         NaN
      2425 Geary Blvd General Acute Care Hospital 37.782745 -122.443220                          Kaiser Foundation Hospital - San Francisco                            NaN                               NaN                                                  NaN                                  NaN         NaN
   2574 San Bruno Ave            Community Clinic 37.729043 -122.404218                      North East Medical Services - San Bruno Avenue                            NaN                               NaN                                                  NaN                                  NaN         NaN
      2919 Mission St            Community Clinic 37.750111 -122.418191                          Instituto Familiar De La Raza - Outpatient                            NaN                               NaN                                                  NaN                                  NaN         NaN
    3555 Cesar Chavez General Acute Care Hospital 37.748019 -122.420913      California Pacific Medical Center - St  Luke's Campus Hospital                            NaN                               NaN                                                  NaN                                  NaN         NaN
  3575 A/B Geary Blvd            Community Clinic 37.780687 -122.459940                                         On Lok Senior Health By Ioa                            NaN                               NaN                                                  NaN                                  NaN         NaN
       3626 Balboa St            Community Clinic 37.775722 -122.497646                                                Richmond Maxi-center                            NaN                               NaN                                                  NaN                                  NaN         NaN
   3698 California St General Acute Care Hospital 37.786248 -122.454924 California Pacific Medical Center - California East Campus Hospital                            NaN                               NaN                                                  NaN                                  NaN         NaN
   3700 California St General Acute Care Hospital 37.786219 -122.455149 California Pacific Medical Center - California West Campus Hospital                            NaN                               NaN                                                  NaN                                  NaN         NaN
    3850 17th Street     Community Health Network 37.762718 -122.431841                                        Castro-Mission Health Center                            NaN                               NaN                                                  NaN                                  NaN         NaN
         4122 18th St                 Free Clinic 37.760878 -122.435584                                                              Magnet                            NaN                               NaN                                                  NaN                                  NaN         NaN
      4430 Mission St            Community Clinic 37.726754 -122.433272                      On Lok Senior Health Services - Mission Center                            NaN                               NaN                                                  NaN                                  NaN         NaN
      4434 Mission St            Community Clinic 37.726763 -122.433266               Mission Neighborhood Health Center - Excelsior Clinic                            NaN                               NaN                                                  NaN                                  NaN         NaN
   4900 California St                 Free Clinic 37.784588 -122.470038                                           San Francisco Free Clinic                            NaN                               NaN                                                  NaN                                  NaN         NaN
     5190 3rd Street     Community Health Network 37.730862 -122.392201                                    3rd Street Youth Center & Clinic                            NaN                               NaN                                                  NaN                                  NaN         NaN

Table_name: 4phys_match
 Data: 
                          Ethnicity     Group      Year                        Variable  measure_suffix(%)
                             White  resident 2011-2015 Physician-Resident Ethnic Match               41.2
                             White physician      2013 Physician-Resident Ethnic Match               56.2
                             Asian  resident 2011-2015 Physician-Resident Ethnic Match               33.5
                             Asian physician      2013 Physician-Resident Ethnic Match               20.6
            Black/African American  resident 2011-2015 Physician-Resident Ethnic Match                5.3
            Black/African American physician      2013 Physician-Resident Ethnic Match                2.1
                Hispanic or Latino  resident 2011-2015 Physician-Resident Ethnic Match               15.3
                Hispanic or Latino physician      2013 Physician-Resident Ethnic Match                2.6
 Native Hawaiian/ Pacific Islander  resident 2011-2015 Physician-Resident Ethnic Match                0.4
 Native Hawaiian/ Pacific Islander physician      2013 Physician-Resident Ethnic Match                0.8
American Indian and Alaskan Native  resident 2011-2015 Physician-Resident Ethnic Match                0.2
American Indian and Alaskan Native physician      2013 Physician-Resident Ethnic Match                0.5
                        Other Race  resident 2011-2015 Physician-Resident Ethnic Match                0.5
                        Other Race physician      2013 Physician-Resident Ethnic Match                2.4",Access to Health Care Services
3,data\Train\Tableau\tab_023,"Table_name: 12Lower 48
 Data: 
 State 1996
   AK  69%
   AL  68%
   AR  76%
   AZ  64%
   CA  46%
   CO  79%
   CT  77%
   DC   3%
   DE  69%
   FL  62%
   GA  63%
   HI  20%
   IA  95%
   ID  93%
   IL  72%
   IN  89%
   KS  87%
   KY  90%
   LA  58%
   MA  83%
   MD  60%
   ME  98%
   MI  83%
   MN  92%
   MO  86%
   MS  52%
   MT  91%
   NC  69%
   ND  95%
   NE  92%
   NH  97%
   NJ  68%
   NM  45%
   NV  71%
   NY  68%
   OH  87%
   OK  73%
   OR  89%
   PA  86%
   RI  84%
   SC  59%
   SD  94%
   TN  80%
   TX  54%
   UT  94%
   VA  70%
   VT  97%
   WA  79%
   WI  91%
   WV  95%
   WY  92%

Table_name: 1Overview
 Data: 
  Year     count
 1996 2,361,667
 1997 2,439,626
 1998 2,485,758
 1999 2,553,383
 2000 2,568,435
 2001 2,618,726
 2002 2,715,135
 2003 2,753,636
 2004 2,789,570
 2005 2,810,439
 2006 2,870,061
 2007 2,975,879
 2008 3,020,658
 2009 3,051,001
 2010 3,089,951
 2011 3,020,828
 2012 2,978,427
 2013 2,873,188
 2014 2,915,810
 2015 2,934,684
 2016 2,965,184
 2017 3,013,504
 2018 3,016,755
 2019 2,996,477
 2020 3,028,025
 2021 3,035,982
 2022 3,063,043
 2023 3,165,069
 2024 3,208,852
 2025 3,158,428
 2026 3,073,965
 2027 2,980,054

Table_name: 2Overview
 Data: 
  Year     count
 1996 2,361,667
 1997 2,439,626
 1998 2,485,758
 1999 2,553,383
 2000 2,568,435
 2001 2,618,726
 2002 2,715,135
 2003 2,753,636
 2004 2,789,570
 2005 2,810,439
 2006 2,870,061
 2007 2,975,879
 2008 3,020,658
 2009 3,051,001
 2010 3,089,951
 2011 3,020,828
 2012 2,978,427
 2013 2,873,188
 2014 2,915,810
 2015 2,934,684
 2016 2,965,184
 2017 3,013,504
 2018 3,016,755
 2019 2,996,477
 2020 3,028,025
 2021 3,035,982
 2022 3,063,043
 2023 3,165,069
 2024 3,208,852
 2025 3,158,428
 2026 3,073,965
 2027 2,980,054

Table_name: 3By Ethnicity
 Data: 
        Ethnicity      1996      1997      1998      1999      2000      2001      2002      2003      2004      2005      2006      2007      2008      2009      2010      2011      2012      2013      2014      2015      2016      2017      2018      2019      2020      2021      2022      2023      2024      2025      2026      2027
African American   309,579   319,405   322,338   334,323   336,176   345,431   358,388   371,973   384,728   391,122   408,750   431,944   452,313   459,984   468,937   455,805   438,579   406,098   413,151   414,853   416,394   422,886   417,989   409,926   403,295   399,334   414,468   440,238   448,950   447,928   437,603   424,351
           Asian   105,076   112,328   116,026   123,143   126,851   132,044   135,096   137,811   142,555   150,747   153,826   159,646   165,297   168,187   172,798   173,759   178,225   178,640   186,429   185,922   190,990   204,759   206,228   211,536   223,517   228,934   233,108   244,015   258,296   257,471   255,823   252,377
       Caucasian 1,690,804 1,732,238 1,754,328 1,786,755 1,782,495 1,800,226 1,855,842 1,856,120 1,851,095 1,852,128 1,871,929 1,902,881 1,888,922 1,868,731 1,855,847 1,796,091 1,763,326 1,705,416 1,696,803 1,693,809 1,694,789 1,696,551 1,679,698 1,648,540 1,652,231 1,641,034 1,599,999 1,620,897 1,622,793 1,592,349 1,551,268 1,515,923
        Hispanic   234,075   252,291   269,197   283,984   296,776   314,122   338,417   359,401   380,736   387,257   404,958   449,346   481,698   520,126   559,491   562,641   566,813   552,937   588,904   608,838   631,520   657,852   681,048   694,546   717,192   734,695   781,594   824,645   842,788   824,790   794,321   753,596
 Native American    22,133    23,364    23,869    25,178    26,137    26,903    27,392    28,331    30,456    29,185    30,598    32,062    32,428    33,973    32,878    32,532    31,484    30,097    30,523    31,262    31,491    31,456    31,792    31,929    31,790    31,985    33,874    35,274    36,025    35,890    34,950    33,807

Table_name: 4Original Percent
 Data: 
        Ethnicity   1996   1997   1998   1999   2000   2001   2002   2003   2004   2005   2006   2007   2008   2009   2010   2011   2012   2013   2014   2015   2016   2017   2018   2019   2020   2021   2022   2023   2024   2025   2026   2027
 Native American  0.94%  0.96%  0.96%  0.99%  1.02%  1.03%  1.01%  1.03%  1.09%  1.04%  1.07%  1.08%  1.07%  1.11%  1.06%  1.08%  1.06%  1.05%  1.05%  1.07%  1.06%  1.04%  1.05%  1.07%  1.05%  1.05%  1.11%  1.11%  1.12%  1.14%  1.14%  1.13%
African American 13.11% 13.09% 12.97% 13.09% 13.09% 13.19% 13.20% 13.51% 13.79% 13.92% 14.24% 14.51% 14.97% 15.08% 15.18% 15.09% 14.73% 14.13% 14.17% 14.14% 14.04% 14.03% 13.86% 13.68% 13.32% 13.15% 13.53% 13.91% 13.99% 14.18% 14.24% 14.24%
           Asian  4.45%  4.60%  4.67%  4.82%  4.94%  5.04%  4.98%  5.00%  5.11%  5.36%  5.36%  5.36%  5.47%  5.51%  5.59%  5.75%  5.98%  6.22%  6.39%  6.34%  6.44%  6.79%  6.84%  7.06%  7.38%  7.54%  7.61%  7.71%  8.05%  8.15%  8.32%  8.47%
        Hispanic  9.91% 10.34% 10.83% 11.12% 11.55% 12.00% 12.46% 13.05% 13.65% 13.78% 14.11% 15.10% 15.95% 17.05% 18.11% 18.63% 19.03% 19.24% 20.20% 20.75% 21.30% 21.83% 22.58% 23.18% 23.69% 24.20% 25.52% 26.05% 26.26% 26.11% 25.84% 25.29%
       Caucasian 71.59% 71.00% 70.58% 69.98% 69.40% 68.74% 68.35% 67.41% 66.36% 65.90% 65.22% 63.94% 62.53% 61.25% 60.06% 59.46% 59.20% 59.36% 58.19% 57.72% 57.16% 56.30% 55.68% 55.02% 54.56% 54.05% 52.24% 51.21% 50.57% 50.42% 50.46% 50.87%

Table_name: 5Attainment Rates
 Data: 
             Attainment Ethnicity & Gender (Combined)  1973  1974  1975  1976  1977  1978  1979  1980  1981  1982  1983  1984  1985  1986  1987  1988  1989  1990  1991  1992  1993  1994  1995  1996  1997  1998  1999  2000  2001  2002  2003  2004  2005  2006  2007  2008  2009  2010  2011  2012
At Least Some College      African American, Females 21.4% 22.3% 23.3% 24.7% 26.7% 29.4% 31.5% 32.7% 32.2% 33.6% 33.8% 34.4% 33.8% 35.1% 36.6% 35.8% 35.3% 34.7% 36.7% 37.4% 39.3% 40.9% 43.4% 45.4% 47.6% 50.2% 52.6% 54.2% 54.6% 54.3% 53.6% 53.7% 53.9% 54.5% 54.3% 54.9% 57.0% 59.2% 60.1% 60.2%
At Least Some College        African American, Males 19.1% 22.4% 25.8% 28.5% 31.2% 33.2% 33.4% 32.8% 32.2% 34.9% 35.1% 34.3% 33.0% 33.9% 34.2% 34.3% 33.7% 34.6% 33.7% 34.0% 34.6% 37.4% 40.9% 44.5% 45.4% 45.9% 45.2% 47.7% 47.7% 49.6% 49.4% 50.2% 46.9% 45.3% 44.2% 45.1% 45.2% 45.6% 47.3% 50.9%
At Least Some College             Caucasian, Females 32.9% 35.1% 36.8% 39.2% 41.0% 43.0% 44.7% 45.1% 44.8% 44.0% 43.9% 44.4% 45.1% 45.9% 46.3% 46.5% 46.6% 47.7% 48.8% 51.0% 53.5% 56.6% 59.3% 61.7% 63.7% 65.3% 66.4% 67.2% 67.9% 68.8% 69.3% 69.1% 68.9% 69.3% 69.8% 70.8% 71.6% 72.9% 74.0% 74.7%
At Least Some College               Caucasian, Males 43.4% 45.5% 47.6% 50.6% 52.4% 53.8% 53.8% 53.0% 51.0% 48.7% 47.6% 46.8% 46.9% 46.6% 46.5% 46.3% 46.4% 46.9% 47.7% 49.6% 52.0% 54.1% 55.7% 57.6% 59.7% 61.0% 61.1% 60.8% 60.6% 61.0% 61.5% 61.6% 60.8% 60.9% 61.0% 61.8% 62.3% 63.6% 64.4% 64.3%
At Least Some College              Hispanic, Females 12.1% 14.7% 16.1% 18.0% 19.1% 20.6% 21.9% 21.6% 21.8% 22.3% 24.2% 25.5% 26.6% 26.4% 26.3% 27.2% 27.5% 26.7% 25.1% 26.3% 29.3% 32.6% 32.9% 33.5% 34.1% 35.9% 35.9% 36.0% 36.0% 35.7% 35.1% 35.6% 35.5% 35.9% 37.0% 39.8% 41.0% 42.3% 42.9% 44.1%
At Least Some College                Hispanic, Males 19.5% 21.2% 24.1% 25.1% 25.7% 26.2% 27.4% 27.2% 26.2% 25.0% 24.3% 25.1% 25.9% 26.3% 26.3% 26.2% 27.0% 25.6% 24.4% 24.4% 25.7% 27.4% 27.2% 27.6% 28.5% 29.4% 29.1% 28.6% 28.2% 28.5% 28.1% 28.0% 29.2% 29.3% 29.4% 29.1% 29.9% 30.6% 31.8% 34.7%

Table_name: 6Maine
 Data: 
        Ethnicity   1996   1997   1998   1999   2000   2001   2002   2003   2004   2005   2006   2007   2008   2009   2010   2011   2012   2013   2014   2015   2016   2017   2018   2019   2020   2021   2022   2023   2024   2025  2026  2027
African American     59    100     76     91     84    110    149    172    173    219    227    285    274    298    209    218    225    265    264    217    227    288    285    318    325    389    946  1,072  1,148  1,257 1,369 1,345
           Asian    125    104    124    130    121    144    148    137    172    196    184    234    216    243    168    171    183    212    182    213    230    225    274    227    234    282    421    433    418    423   431   412
       Caucasian 11,744 11,852 11,696 11,947 12,295 12,201 12,498 12,822 12,552 12,359 12,561 13,629 13,397 12,909 13,070 12,318 11,864 11,595 11,252 11,228 11,033 10,994 10,837 10,586 10,520 10,550 10,674 10,682 10,568 10,097 9,967 9,613
        Hispanic     40     72     42     66     79     61     74     76     92    107    103    129    116    152    162    172    206    167    194    213    203    200    245    217    243    288    225    265    254    272   247   259
 Native American     51     43     50     58     75     77     78     71     88     69     76     73     90     98     77     83     83     98     97    114    109     93    103    102     98    101     96     69    104    102   101    93

Table_name: 7Mississippi
 Data: 
        Ethnicity   1996   1997   1998   1999   2000   2001   2002   2003   2004   2005   2006   2007   2008   2009   2010   2011   2012   2013   2014   2015   2016   2017   2018   2019   2020   2021   2022   2023   2024   2025   2026   2027
African American 11,025 11,585 11,474 11,322 11,158 11,195 11,023 11,000 10,938 11,161 11,437 11,660 11,837 12,486 13,149 12,953 12,781 11,622 11,430 11,323 11,644 12,218 11,700 11,549 11,011 11,123 11,365 12,949 12,843 12,161 11,638 10,714
           Asian    143    141    178    152    190    219    216    212    240    194    243    280    239    238    276    251    282    283    319    296    327    343    371    385    348    376    354    378    421    413    461    404
       Caucasian 12,155 12,697 12,464 12,681 12,297 12,174 12,409 12,362 12,150 12,278 12,240 12,544 12,079 12,619 12,561 11,953 11,964 11,565 11,547 11,536 11,886 12,230 11,858 11,708 11,594 11,738 11,587 12,025 12,261 11,960 11,293 10,767
        Hispanic     40     51     57     55     87    120    131    122    163    186    227    271    313    327    372    473    475    525    553    581    711    766    938    995  1,187  1,316  1,548  2,025  2,204  2,240  2,151  1,922
 Native American     23     28     25     22     16     32     31     20     32     29     39     40     37     39     36     30     39     30     49     47     39     48     48     52     49     45     48     58     54     50     59     47

Table_name: 8California
 Data: 
        Ethnicity    1996    1997    1998    1999    2000    2001    2002    2003    2004    2005    2006    2007    2008    2009    2010    2011    2012    2013    2014    2015    2016    2017    2018    2019    2020    2021    2022    2023    2024    2025    2026    2027
African American  20,742  21,165  22,065  22,536  22,474  23,451  24,855  25,267  26,800  25,355  25,737  25,911  26,206  27,153  27,762  25,391  23,281  21,163  22,273  21,036  20,681  19,987  19,382  18,775  18,136  17,575  17,402  18,601  18,136  18,728  18,082  17,571
           Asian  39,454  42,711  44,031  45,499  46,958  48,206  48,728  48,770  50,224  52,334  52,252  54,019  56,321  57,207  58,601  56,773  56,496  54,781  57,424  53,705  55,900  58,047  56,272  56,296  58,321  58,067  58,085  60,521  62,574  62,338  60,974  58,571
       Caucasian 124,496 128,405 134,229 137,578 139,228 140,421 144,664 141,574 140,807 138,584 138,595 141,011 139,087 135,791 132,559 126,050 121,735 115,544 114,439 111,425 109,755 107,026 104,292 102,224 103,395 102,784  98,215  97,319  94,956  93,925  90,739  90,046
        Hispanic  82,015  87,742  95,438 100,637 103,795 109,038 116,724 121,418 129,671 124,409 128,462 142,491 147,717 161,019 171,099 166,503 164,882 161,664 168,376 167,338 169,480 173,347 174,554 175,863 180,322 183,057 189,947 196,680 199,020 192,457 180,524 172,430
 Native American   2,364   2,513   2,665   2,655   2,734   3,036   3,120   3,040   2,950   2,833   2,866   3,071   2,980   3,144   2,887   2,896   2,878   2,740   2,635   2,579   2,363   2,306   2,261   2,215   2,105   2,109   2,214   2,350   2,312   2,392   2,290   2,261

Table_name: 9Percent Change
 Data: 
                                                       metric  1996  1997   1998   1999   2000   2001   2002   2003   2004   2005   2006   2007    2008    2009    2010    2011    2012    2013    2014    2015    2016    2017    2018    2019    2020    2021    2022    2023    2024    2025    2026    2027
Pct. Change African American along Year of Academic Year End 0.00% 3.17%  4.12%  7.99%  8.59% 11.58% 15.77% 20.15% 24.27% 26.34% 32.03% 39.53%  46.11%  48.58%  51.48%  47.23%  41.67%  31.18%  33.46%  34.01%  34.50%  36.60%  35.02%  32.41%  30.27%  28.99%  33.88%  42.21%  45.02%  44.69%  41.35%  37.07%
           Pct. Change Asian along Year of Academic Year End 0.00% 6.90% 10.42% 17.19% 20.72% 25.67% 28.57% 31.15% 35.67% 43.46% 46.39% 51.93%  57.31%  60.06%  64.45%  65.37%  69.62%  70.01%  77.42%  76.94%  81.76%  94.87%  96.27% 101.32% 112.72% 117.87% 121.85% 132.23% 145.82% 145.03% 143.46% 140.19%
       Pct. Change Caucasian along Year of Academic Year End 0.00% 2.45%  3.76%  5.67%  5.42%  6.47%  9.76%  9.78%  9.48%  9.54% 10.71% 12.54%  11.72%  10.52%   9.76%   6.23%   4.29%   0.86%   0.35%   0.18%   0.24%   0.34%  -0.66%  -2.50%  -2.28%  -2.94%  -5.37%  -4.13%  -4.02%  -5.82%  -8.25% -10.34%
        Pct. Change Hispanic along Year of Academic Year End 0.00% 7.78% 15.00% 21.32% 26.79% 34.20% 44.58% 53.54% 62.66% 65.44% 73.00% 91.97% 105.79% 122.20% 139.02% 140.37% 142.15% 136.22% 151.59% 160.10% 169.79% 181.04% 190.95% 196.72% 206.39% 213.87% 233.91% 252.30% 260.05% 252.36% 239.34% 221.95%
 Pct. Change Native American along Year of Academic Year End 0.00% 5.56%  7.84% 13.76% 18.09% 21.55% 23.76% 28.00% 37.60% 31.86% 38.25% 44.86%  46.51%  53.49%  48.55%  46.98%  42.25%  35.98%  37.91%  41.25%  42.28%  42.12%  43.64%  44.26%  43.63%  44.51%  53.05%  59.37%  62.77%  62.16%  57.91%  52.74%
           Pct. Change Total along Year of Academic Year End 0.00% 3.30%  5.25%  8.12%  8.76% 10.88% 14.97% 16.60% 18.12% 19.00% 21.53% 26.01%  27.90%  29.19%  30.84%  27.91%  26.12%  21.66%  23.46%  24.26%  25.55%  27.60%  27.74%  26.88%  28.22%  28.55%  29.70%  34.02%  35.87%  33.74%  30.16%  26.18%",WICHE Public High School Graduates and Enrollment to 2027 Story Points
4,data\Train\Tableau\tab_025,"Table_name: 1Grads per Co, by Year
 Data: 
        Company  2012  2013  2014  2015  2016
          BAML   1.0     5   6.0   7.0   6.0
      Barclays   2.0     5  12.0   9.0  18.0
 Credit Suisse   3.0     3   6.0   9.0   8.0
      Evercore   4.0     3   5.0   6.0   6.0
 Goldman Sachs   3.0     9   6.0   9.0  11.0
     Greenhill   NaN     2   1.0   2.0   2.0
           JPM   5.0     9  19.0  22.0  18.0
        Lazard   NaN     1   2.0   1.0   3.0
        Moelis   1.0     1   NaN   NaN   NaN
Morgan Stanley   1.0     4   5.0  13.0  16.0

Table_name: 2ClubJob by Co
 Data: 
 Company  NA  Beta Alpha Psi  Finance Society  Alpha Kappa Psi  Delta Sigma Pi  Quantitative Finance Society  Stern Investment Analysis Group  Undergraduate Stern Women in Business
   BAML   6               3                2                1               1                             1                                1                                      1

Table_name: 3Company Placement by Club Involvement Status
 Data: 
        Company    Club % of Total Number of Records along Club  Number of Records
           JPM No Club                                  40.68%               24.0
           JPM    Club                                  59.32%               35.0
      Barclays No Club                                  30.77%               12.0
      Barclays    Club                                  69.23%               27.0
Morgan Stanley No Club                                  61.76%               21.0
Morgan Stanley    Club                                  38.24%               13.0
 Goldman Sachs No Club                                  38.46%               10.0
 Goldman Sachs    Club                                  61.54%               16.0
 Credit Suisse No Club                                  13.04%                3.0
 Credit Suisse    Club                                  86.96%               20.0
          BAML No Club                                  47.37%                9.0
          BAML    Club                                  52.63%               10.0
      Evercore No Club                                  23.53%                4.0
      Evercore    Club                                  76.47%               13.0
        Lazard No Club                                  33.33%                2.0
        Lazard    Club                                  66.67%                4.0
     Greenhill No Club                                  60.00%                3.0
     Greenhill    Club                                  40.00%                2.0

Table_name: 4Club vs. No Club by Job
 Data: 
                          Grad Job    Club % of Total Number of Records along Club  Number of Records
       Investment Banking Analyst No Club                                  33.64%               36.0
       Investment Banking Analyst    Club                                  66.36%               71.0
                          Analyst No Club                                  47.83%               11.0
                          Analyst    Club                                  52.17%               12.0
          Sales & Trading Analyst No Club                                  27.78%                5.0
          Sales & Trading Analyst    Club                                  72.22%               13.0
          Equity Research Analyst No Club                                  27.27%                3.0
          Equity Research Analyst    Club                                  72.73%                8.0
Investment Banking Credit Analyst No Club                                  80.00%                4.0
Investment Banking Credit Analyst    Club                                  20.00%                1.0
  Investment Banking Risk Analyst No Club                                  33.33%                1.0
  Investment Banking Risk Analyst    Club                                  66.67%                2.0

Table_name: 5Combined-CoJobPlacement by Club
 Data: 
        Company    Club % of Total Number of Records along Club  Number of Records
      Barclays No Club                                  25.00%                3.0
      Barclays    Club                                  75.00%                9.0
Morgan Stanley No Club                                  71.43%                5.0
Morgan Stanley    Club                                  28.57%                2.0
      Evercore    Club                                 100.00%                6.0
 Credit Suisse    Club                                 100.00%                5.0
           JPM No Club                                  20.00%                1.0
           JPM    Club                                  80.00%                4.0
          BAML No Club                                  33.33%                1.0
          BAML    Club                                  66.67%                2.0
        Lazard No Club                                  33.33%                1.0
        Lazard    Club                                  66.67%                2.0
 Goldman Sachs No Club                                  50.00%                1.0
 Goldman Sachs    Club                                  50.00%                1.0
     Greenhill No Club                                  50.00%                1.0
     Greenhill    Club                                  50.00%                1.0

Table_name: 6Most Popular Job at Each Company
 Data: 
        Company  Investment Banking Analyst  Analyst  Sales & Trading Analyst  Equity Research Analyst  Asset Management Analyst  Finance Analyst  Investment Banking Credit Analyst  Credit Analyst  Investment Banking Risk Analyst  Credit Risk Analyst  Market Risk Analyst  Rotational Analyst  Credit Research Analyst  Global Markets Analyst  Investor Services Analyst  Operations Analyst  Public Finance Analyst  US Economics Research Analyst  Wealth Management Analyst  Business Analyst  Compliance Analyst  Corporate Client Banking Analyst  Distressed Credit Analyst  Prime Brokerage Sales Analyst  Private Equity Analyst  Strategy and Business Development Analyst  Treasury Services Analyst  Analyst - Credit Underwriting  Assistant Project Manager  Business Development Analyst  Capital Markets Analyst  CMBA Banking Analyst  Equity Capital Markets Analyst  FICC Technology Analyst  Global Loan Products Analyst  Leveraged Finance Analyst  Private Fund Group Analyst  Quantitative Management Associate  Real Estate Analyst  Sales & Product Marketing Analyst  US Economist
           JPM                          31     21.0                      7.0                      2.0                       7.0              1.0                                6.0             1.0                              6.0                  NaN                  NaN                 4.0                      NaN                     1.0                        3.0                 NaN                     1.0                            NaN                        1.0               NaN                 NaN                               2.0                        2.0                            NaN                     NaN                                        NaN                        2.0                            NaN                        NaN                           NaN                      1.0                   NaN                             NaN                      NaN                           NaN                        1.0                         NaN                                NaN                  NaN                                1.0           NaN
      Barclays                          31      4.0                     11.0                      NaN                       NaN              1.0                                NaN             3.0                              NaN                  4.0                  NaN                 NaN                      3.0                     NaN                        NaN                 NaN                     2.0                            NaN                        NaN               NaN                 2.0                               NaN                        NaN                            NaN                     NaN                                        NaN                        NaN                            NaN                        NaN                           NaN                      NaN                   NaN                             NaN                      NaN                           NaN                        NaN                         NaN                                NaN                  NaN                                NaN           NaN
 Goldman Sachs                          19      5.0                      4.0                      3.0                       2.0              NaN                                NaN             1.0                              NaN                  NaN                  3.0                 NaN                      NaN                     NaN                        NaN                 3.0                     NaN                            3.0                        NaN               NaN                 NaN                               NaN                        NaN                            NaN                     2.0                                        2.0                        NaN                            NaN                        NaN                           NaN                      NaN                   NaN                             NaN                      1.0                           NaN                        NaN                         NaN                                NaN                  NaN                                NaN           NaN
 Credit Suisse                          25      4.0                      4.0                      5.0                       2.0              NaN                                NaN             2.0                              NaN                  1.0                  NaN                 NaN                      NaN                     2.0                        NaN                 NaN                     NaN                            NaN                        NaN               NaN                 NaN                               NaN                        NaN                            NaN                     NaN                                        NaN                        NaN                            NaN                        NaN                           1.0                      NaN                   NaN                             NaN                      NaN                           NaN                        NaN                         NaN                                NaN                  NaN                                NaN           NaN
Morgan Stanley                          14      1.0                      2.0                      6.0                       1.0              8.0                                2.0             NaN                              NaN                  NaN                  NaN                 NaN                      NaN                     NaN                        NaN                 NaN                     NaN                            NaN                        2.0               2.0                 NaN                               NaN                        NaN                            1.0                     NaN                                        NaN                        NaN                            1.0                        1.0                           NaN                      NaN                   NaN                             NaN                      NaN                           NaN                        NaN                         NaN                                NaN                  1.0                                NaN           NaN
      Evercore                          29      NaN                      NaN                      2.0                       NaN              NaN                                NaN             NaN                              NaN                  NaN                  NaN                 NaN                      NaN                     NaN                        NaN                 NaN                     NaN                            NaN                        NaN               NaN                 NaN                               NaN                        NaN                            NaN                     NaN                                        NaN                        NaN                            NaN                        NaN                           NaN                      NaN                   NaN                             NaN                      NaN                           NaN                        NaN                         1.0                                NaN                  NaN                                NaN           NaN
          BAML                          16      4.0                      2.0                      NaN                       NaN              NaN                                NaN             NaN                              NaN                  NaN                  1.0                 NaN                      NaN                     NaN                        NaN                 NaN                     NaN                            NaN                        NaN               NaN                 NaN                               NaN                        NaN                            1.0                     NaN                                        NaN                        NaN                            NaN                        NaN                           NaN                      NaN                   1.0                             1.0                      NaN                           1.0                        NaN                         NaN                                1.0                  NaN                                NaN           1.0
        Lazard                          10      NaN                      NaN                      NaN                       NaN              NaN                                NaN             NaN                              NaN                  NaN                  NaN                 NaN                      NaN                     NaN                        NaN                 NaN                     NaN                            NaN                        NaN               NaN                 NaN                               NaN                        NaN                            NaN                     NaN                                        NaN                        NaN                            NaN                        NaN                           NaN                      NaN                   NaN                             NaN                      NaN                           NaN                        NaN                         NaN                                NaN                  NaN                                NaN           NaN
     Greenhill                           8      NaN                      NaN                      NaN                       NaN              NaN                                NaN             NaN                              NaN                  NaN                  NaN                 NaN                      NaN                     NaN                        NaN                 NaN                     NaN                            NaN                        NaN               NaN                 NaN                               NaN                        NaN                            NaN                     NaN                                        NaN                        NaN                            NaN                        NaN                           NaN                      NaN                   NaN                             NaN                      NaN                           NaN                        NaN                         NaN                                NaN                  NaN                                NaN           NaN
        Moelis                           2      NaN                      NaN                      NaN                       NaN              NaN                                NaN             NaN                              NaN                  NaN                  NaN                 NaN                      NaN                     NaN                        NaN                 NaN                     NaN                            NaN                        NaN               NaN                 NaN                               NaN                        NaN                            NaN                     NaN                                        NaN                        NaN                            NaN                        NaN                           NaN                      NaN                   NaN                             NaN                      NaN                           NaN                        NaN                         NaN                                NaN                  NaN                                NaN           NaN","How does company placement and job placement differ by club,
and club involvements status?"
5,data\Train\Tableau\tab_026,"Table_name: 1Sales Dropped for 1st Time
 Data: 
                                                    metric    Jan-16    Feb-16    Mar-16    Apr-16    May-16    Jun-16    Jul-16    Aug-16    Sep-16    Oct-16    Nov-16    Dec-16    Jan-17    Feb-17    Mar-17    Apr-17    May-17    Jun-17    Jul-17    Aug-17      Sep-17      Oct-17      Nov-17      Dec-17      Jan-18      Feb-18      Mar-18
                                             Actual Sales $464,524  $478,708  $494,771  $517,319  $527,665  $539,298  $557,231  $568,685  $650,852  $678,871  $697,926  $702,872  $728,249  $750,913  $776,550  $812,394  $828,642  $846,661  $874,437  $892,926  $1,040,035  $1,085,416  $1,116,515  $1,125,077  $1,166,352  $1,100,503  $1,076,224 
Difference in Sales from the Previous along Month of Date       NaN  $14,184   $16,062   $22,548   $10,346   $11,633   $17,933   $11,454   $82,167   $28,019   $19,055    $4,946   $25,377   $22,665   $25,637   $35,844   $16,248   $18,019   $27,776   $18,489    $147,109     $45,381     $31,099      $8,562     $41,275    ($65,849)   ($24,279)

Table_name: 2Sales by Channel
 Data: 
   Channel    Jan-16    Feb-16    Mar-16    Apr-16    May-16    Jun-16    Jul-16    Aug-16    Sep-16    Oct-16    Nov-16    Dec-16    Jan-17    Feb-17    Mar-17    Apr-17    May-17    Jun-17    Jul-17    Aug-17    Sep-17    Oct-17    Nov-17    Dec-17    Jan-18    Feb-18    Mar-18
 Internet $110,000  $113,300  $117,039  $122,306  $124,752  $126,623  $130,422  $133,030  $136,356  $142,083  $145,919  $146,795  $151,932  $156,490  $161,655  $168,929  $172,308  $174,892  $180,139  $183,742  $188,335  $196,245  $201,544  $202,753  $209,850  $113,319   $54,393 
   Retail $152,387  $156,197  $160,570  $166,993  $170,333  $175,443  $182,461  $185,197  $188,901  $195,891  $200,200  $200,401  $206,413  $211,573  $217,497  $226,197  $230,721  $237,642  $247,148  $250,855  $255,872  $265,340  $271,177  $271,448  $279,592  $286,582  $294,606 
Wholesale $202,137  $209,212  $217,162  $228,020  $232,580  $237,232  $244,349  $250,458  $325,595  $340,898  $351,807  $355,676  $369,904  $382,850  $397,398  $417,268  $425,614  $434,126  $447,150  $458,329  $595,827  $623,831  $643,794  $650,875  $676,910  $700,602  $727,225 

Table_name: 3Abandon Cart
 Data: 
 Month of Date abandon_cart_rate
       Jan-16             6.80%
       Feb-16             6.90%
       Mar-16             6.70%
       Apr-16             6.40%
       May-16             6.50%
       Jun-16             6.60%
       Jul-16             6.50%
       Aug-16             6.90%
       Sep-16             7.00%
       Oct-16             6.90%
       Nov-16             6.90%
       Dec-16             7.00%
       Jan-17             6.90%
       Feb-17             7.00%
       Mar-17             6.90%
       Apr-17             6.50%
       May-17             6.70%
       Jun-17             6.70%
       Jul-17             6.70%
       Aug-17             7.10%
       Sep-17             7.10%
       Oct-17             7.10%
       Nov-17             7.10%
       Dec-17             7.20%
       Jan-18             7.10%
       Feb-18            56.50%
       Mar-18            70.60%

Table_name: 4Abandon Cart No Inventory
 Data: 
       Date Range abandon_cart_no_inventory_rate
Jan 2018 & Prior                          1.20%
  Feb & Mar 2018                         94.40%

Table_name: 5Solution Implemented
 Data: 
  month     sales  sales_with_solution
Jan-16  464524.0            464524.00
Feb-16  478708.0            478708.47
Mar-16  494771.0            494770.93
Apr-16  517319.0            517318.58
May-16  527665.0            527664.95
Jun-16  539298.0            539297.82
Jul-16  557231.0            557231.18
Aug-16  568685.0            568685.24
Sep-16  650852.0            650852.23
Oct-16  678871.0            678871.49
Nov-16  697926.0            697926.06
Dec-16  702872.0            702871.65
Jan-17  728249.0            728248.54
Feb-17  750913.0            750913.45
Mar-17  776550.0            776549.98
Apr-17  812394.0            812394.23
May-17  828642.0            828642.12
Jun-17  846661.0            846660.63
Jul-17  874437.0            874436.87
Aug-17  892926.0            892925.62
Sep-17 1040035.0           1040034.83
Oct-17 1085416.0           1085416.07
Nov-17 1116515.0           1116514.76
Dec-17 1125077.0           1125076.93
Jan-18 1166352.0           1166351.76
Feb-18 1100503.0           1203958.45
Mar-18 1076224.0           1248360.48
   NaN       NaN                  NaN
   NaN       NaN                  NaN
   NaN       NaN                  NaN
   NaN       NaN                  NaN
   NaN       NaN                  NaN
   NaN       NaN                  NaN
   NaN       NaN                  NaN
   NaN       NaN                  NaN
   NaN       NaN                  NaN
   NaN       NaN                  NaN
   NaN       NaN                  NaN
   NaN       NaN                  NaN
   NaN       NaN                  NaN
   NaN       NaN                  NaN
   NaN       NaN                  NaN
   NaN       NaN                  NaN
   NaN       NaN                  NaN
   NaN       NaN                  NaN
   NaN       NaN                  NaN
   NaN       NaN                  NaN
   NaN       NaN                  NaN
   NaN       NaN                  NaN
   NaN       NaN                  NaN
   NaN       NaN                  NaN
   NaN       NaN                  NaN
   NaN       NaN                  NaN
   NaN       NaN                  NaN",Why Have Sales Decreased for the First Time?
6,data\Train\Tableau\tab_027,"Table_name: 1crime_time
 Data: 
          crime       Variable     metric    2013    2014    2015    2016    2017
 Violent crime  Violent crime Avg. Count  10,388  13,900  14,650  14,438  14,815
 Violent crime  Violent crime   Avg. Pop 850,282 850,282 850,282 850,282 850,282
 Violent crime  Violent crime  Avg. Rate      12      16      17      17      17
Property crime Property crime Avg. Count  38,663  49,229  53,995  50,685  57,116
Property crime Property crime   Avg. Pop 850,282 850,282 850,282 850,282 850,282
Property crime Property crime  Avg. Rate      45      58      64      60      67
    Drug crime     Drug crime Avg. Count   2,827   3,345   2,587   2,544   1,955
    Drug crime     Drug crime   Avg. Pop 850,282 850,282 850,282 850,282 850,282
    Drug crime     Drug crime  Avg. Rate       3       4       3       3       2
   Other crime    Other crime Avg. Count  36,236  49,884  50,909  49,244  47,428
   Other crime    Other crime   Avg. Pop 850,282 850,282 850,282 850,282 850,282
   Other crime    Other crime  Avg. Rate      43      59      60      58      56

Table_name: 2safety_time
 Data: 
 percent %                    Variable  Year                      safety            metric  2001  2003  2005  2007  2009  2011  2013  2015  2017
        %   Perceived safety at night  2001   Perceived safety at night     Avg. percents 42.58   NaN   NaN   NaN   NaN   NaN   NaN   NaN   NaN
        %   Perceived safety at night  2001   Perceived safety at night Avg. percents_lcl 30.94   NaN   NaN   NaN   NaN   NaN   NaN   NaN   NaN
        %   Perceived safety at night  2001   Perceived safety at night Avg. percents_ucl 54.23   NaN   NaN   NaN   NaN   NaN   NaN   NaN   NaN
        %   Perceived safety at night  2003   Perceived safety at night     Avg. percents   NaN 40.82   NaN   NaN   NaN   NaN   NaN   NaN   NaN
        %   Perceived safety at night  2003   Perceived safety at night Avg. percents_lcl   NaN 28.28   NaN   NaN   NaN   NaN   NaN   NaN   NaN
        %   Perceived safety at night  2003   Perceived safety at night Avg. percents_ucl   NaN 53.35   NaN   NaN   NaN   NaN   NaN   NaN   NaN
        %   Perceived safety at night  2005   Perceived safety at night     Avg. percents   NaN   NaN 46.86   NaN   NaN   NaN   NaN   NaN   NaN
        %   Perceived safety at night  2005   Perceived safety at night Avg. percents_lcl   NaN   NaN 36.69   NaN   NaN   NaN   NaN   NaN   NaN
        %   Perceived safety at night  2005   Perceived safety at night Avg. percents_ucl   NaN   NaN 57.03   NaN   NaN   NaN   NaN   NaN   NaN
        %   Perceived safety at night  2007   Perceived safety at night     Avg. percents   NaN   NaN   NaN 41.08   NaN   NaN   NaN   NaN   NaN
        %   Perceived safety at night  2007   Perceived safety at night Avg. percents_lcl   NaN   NaN   NaN 31.60   NaN   NaN   NaN   NaN   NaN
        %   Perceived safety at night  2007   Perceived safety at night Avg. percents_ucl   NaN   NaN   NaN 50.55   NaN   NaN   NaN   NaN   NaN
        %   Perceived safety at night  2009   Perceived safety at night     Avg. percents   NaN   NaN   NaN   NaN 51.70   NaN   NaN   NaN   NaN
        %   Perceived safety at night  2009   Perceived safety at night Avg. percents_lcl   NaN   NaN   NaN   NaN 42.29   NaN   NaN   NaN   NaN
        %   Perceived safety at night  2009   Perceived safety at night Avg. percents_ucl   NaN   NaN   NaN   NaN 61.12   NaN   NaN   NaN   NaN
        %   Perceived safety at night  2011   Perceived safety at night     Avg. percents   NaN   NaN   NaN   NaN   NaN 50.39   NaN   NaN   NaN
        %   Perceived safety at night  2011   Perceived safety at night Avg. percents_lcl   NaN   NaN   NaN   NaN   NaN 41.51   NaN   NaN   NaN
        %   Perceived safety at night  2011   Perceived safety at night Avg. percents_ucl   NaN   NaN   NaN   NaN   NaN 59.27   NaN   NaN   NaN
        %   Perceived safety at night  2013   Perceived safety at night     Avg. percents   NaN   NaN   NaN   NaN   NaN   NaN 45.52   NaN   NaN
        %   Perceived safety at night  2013   Perceived safety at night Avg. percents_lcl   NaN   NaN   NaN   NaN   NaN   NaN 37.21   NaN   NaN
        %   Perceived safety at night  2013   Perceived safety at night Avg. percents_ucl   NaN   NaN   NaN   NaN   NaN   NaN 53.82   NaN   NaN
        %   Perceived safety at night  2015   Perceived safety at night     Avg. percents   NaN   NaN   NaN   NaN   NaN   NaN   NaN 52.19   NaN
        %   Perceived safety at night  2015   Perceived safety at night Avg. percents_lcl   NaN   NaN   NaN   NaN   NaN   NaN   NaN 31.42   NaN
        %   Perceived safety at night  2015   Perceived safety at night Avg. percents_ucl   NaN   NaN   NaN   NaN   NaN   NaN   NaN 72.96   NaN
        %   Perceived safety at night  2017   Perceived safety at night     Avg. percents   NaN   NaN   NaN   NaN   NaN   NaN   NaN   NaN 51.06
        %   Perceived safety at night  2017   Perceived safety at night Avg. percents_lcl   NaN   NaN   NaN   NaN   NaN   NaN   NaN   NaN 39.49
        %   Perceived safety at night  2017   Perceived safety at night Avg. percents_ucl   NaN   NaN   NaN   NaN   NaN   NaN   NaN   NaN 62.64
        % Perceived safety during day  2001 Perceived safety during day     Avg. percents 57.97   NaN   NaN   NaN   NaN   NaN   NaN   NaN   NaN
        % Perceived safety during day  2001 Perceived safety during day Avg. percents_lcl 46.26   NaN   NaN   NaN   NaN   NaN   NaN   NaN   NaN
        % Perceived safety during day  2001 Perceived safety during day Avg. percents_ucl 69.68   NaN   NaN   NaN   NaN   NaN   NaN   NaN   NaN
        % Perceived safety during day  2003 Perceived safety during day     Avg. percents   NaN 60.04   NaN   NaN   NaN   NaN   NaN   NaN   NaN
        % Perceived safety during day  2003 Perceived safety during day Avg. percents_lcl   NaN 47.37   NaN   NaN   NaN   NaN   NaN   NaN   NaN
        % Perceived safety during day  2003 Perceived safety during day Avg. percents_ucl   NaN 72.72   NaN   NaN   NaN   NaN   NaN   NaN   NaN
        % Perceived safety during day  2005 Perceived safety during day     Avg. percents   NaN   NaN 66.12   NaN   NaN   NaN   NaN   NaN   NaN
        % Perceived safety during day  2005 Perceived safety during day Avg. percents_lcl   NaN   NaN 57.96   NaN   NaN   NaN   NaN   NaN   NaN
        % Perceived safety during day  2005 Perceived safety during day Avg. percents_ucl   NaN   NaN 74.27   NaN   NaN   NaN   NaN   NaN   NaN
        % Perceived safety during day  2007 Perceived safety during day     Avg. percents   NaN   NaN   NaN 60.41   NaN   NaN   NaN   NaN   NaN
        % Perceived safety during day  2007 Perceived safety during day Avg. percents_lcl   NaN   NaN   NaN 51.75   NaN   NaN   NaN   NaN   NaN
        % Perceived safety during day  2007 Perceived safety during day Avg. percents_ucl   NaN   NaN   NaN 69.07   NaN   NaN   NaN   NaN   NaN
        % Perceived safety during day  2009 Perceived safety during day     Avg. percents   NaN   NaN   NaN   NaN 68.41   NaN   NaN   NaN   NaN
        % Perceived safety during day  2009 Perceived safety during day Avg. percents_lcl   NaN   NaN   NaN   NaN 59.94   NaN   NaN   NaN   NaN
        % Perceived safety during day  2009 Perceived safety during day Avg. percents_ucl   NaN   NaN   NaN   NaN 76.89   NaN   NaN   NaN   NaN
        % Perceived safety during day  2011 Perceived safety during day     Avg. percents   NaN   NaN   NaN   NaN   NaN 68.22   NaN   NaN   NaN
        % Perceived safety during day  2011 Perceived safety during day Avg. percents_lcl   NaN   NaN   NaN   NaN   NaN 60.18   NaN   NaN   NaN
        % Perceived safety during day  2011 Perceived safety during day Avg. percents_ucl   NaN   NaN   NaN   NaN   NaN 76.26   NaN   NaN   NaN
        % Perceived safety during day  2013 Perceived safety during day     Avg. percents   NaN   NaN   NaN   NaN   NaN   NaN 65.32   NaN   NaN
        % Perceived safety during day  2013 Perceived safety during day Avg. percents_lcl   NaN   NaN   NaN   NaN   NaN   NaN 57.82   NaN   NaN
        % Perceived safety during day  2013 Perceived safety during day Avg. percents_ucl   NaN   NaN   NaN   NaN   NaN   NaN 72.81   NaN   NaN
        % Perceived safety during day  2015 Perceived safety during day     Avg. percents   NaN   NaN   NaN   NaN   NaN   NaN   NaN 66.28   NaN
        % Perceived safety during day  2015 Perceived safety during day Avg. percents_lcl   NaN   NaN   NaN   NaN   NaN   NaN   NaN 46.22   NaN
        % Perceived safety during day  2015 Perceived safety during day Avg. percents_ucl   NaN   NaN   NaN   NaN   NaN   NaN   NaN 86.34   NaN
        % Perceived safety during day  2017 Perceived safety during day     Avg. percents   NaN   NaN   NaN   NaN   NaN   NaN   NaN   NaN 66.33
        % Perceived safety during day  2017 Perceived safety during day Avg. percents_lcl   NaN   NaN   NaN   NaN   NaN   NaN   NaN   NaN 53.51
        % Perceived safety during day  2017 Perceived safety during day Avg. percents_ucl   NaN   NaN   NaN   NaN   NaN   NaN   NaN   NaN 79.14

Table_name: 3safety_ethnicity
 Data: 
 percent %   Safety                    Variable  Year Safety.1            metric   All  Asian (inc. Pacific Islander 2001-2013)  Black/African American  Latino/a  White  Mixed race  Middle Eastern (2015 onwards)  Pacific Islander (2015 onwards)
        % Not safe Perceived safety during day  2017 Not safe     Avg. percents 18.22                                    38.28                   41.26     47.39  25.53       39.19                            NaN                              NaN
        % Not safe Perceived safety during day  2017 Not safe Avg. percents_lcl 15.66                                    32.03                   30.31     38.03  21.72       26.42                            NaN                              NaN
        % Not safe Perceived safety during day  2017 Not safe Avg. percents_ucl 20.78                                    44.52                   52.21     56.74  29.35       51.96                            NaN                              NaN
        %     Safe Perceived safety during day  2017     Safe     Avg. percents 81.78                                    61.72                   58.74     52.61  74.47       60.81                          88.45                            71.84
        %     Safe Perceived safety during day  2017     Safe Avg. percents_lcl 79.22                                    55.48                   47.79     43.26  70.65       48.04                          75.89                            47.33
        %     Safe Perceived safety during day  2017     Safe Avg. percents_ucl 84.34                                    67.97                   69.69     61.97  78.28       73.58                         101.02                            96.35",crime_story
7,data\Train\Tableau\tab_028,"Table_name: 1_1Overall Arrivals _ Pie Chart
 Data: 
 arrival_status arrival_rate
       On Time       78.90%
      Diverted        0.30%
       Delayed       19.10%
     Cancelled        1.70%

Table_name: 1_2Overall Delay Causes _ Pie Chart
 Data: 
         delay_cause delay_rate
      Carrier Delay     36.40%
     Security Delay      0.20%
Late Aircraft Delay     32.10%
          NAS Delay     27.60%
      Weather Delay      3.60%

Table_name: 2_1Abs. Arrivals over Time _ Line Chart
 Data: 
              metric  Aug-10  Sep-10  Oct-10  Nov-10  Dec-10  Jan-11  Feb-11  Mar-11  Apr-11  May-11  Jun-11  Jul-11  Aug-11  Sep-11  Oct-11  Nov-11  Dec-11  Jan-12  Feb-12  Mar-12  Apr-12  May-12  Jun-12  Jul-12  Aug-12  Sep-12  Oct-12  Nov-12  Dec-12  Jan-13  Feb-13  Mar-13  Apr-13  May-13  Jun-13  Jul-13  Aug-13  Sep-13  Oct-13  Nov-13  Dec-13  Jan-14  Feb-14  Mar-14  Apr-14  May-14  Jun-14  Jul-14  Aug-14  Sep-14  Oct-14  Nov-14  Dec-14  Jan-15  Feb-15  Mar-15  Apr-15  May-15  Jun-15  Jul-15  Aug-15  Sep-15  Oct-15  Nov-15  Dec-15  Jan-16  Feb-16  Mar-16  Apr-16  May-16  Jun-16  Jul-16  Aug-16  Sep-16  Oct-16  Nov-16  Dec-16  Jan-17  Feb-17  Mar-17  Apr-17  May-17  Jun-17  Jul-17  Aug-17  Sep-17  Oct-17  Nov-17  Dec-17  Jan-18  Feb-18  Mar-18  Apr-18  May-18  Jun-18  Jul-18  Aug-18
      Flights count 569,217 526,107 545,518 520,999 539,382 494,400 455,515 526,687 507,024 520,612 528,587 547,218 541,442 487,468 504,395 478,040 493,888 486,133 464,826 521,628 505,218 518,423 526,933 545,131 540,793 490,199 515,254 488,006 494,218 509,519 469,746 552,312 536,393 548,642 552,141 571,623 562,921 510,805 535,344 503,296 516,739 471,949 430,602 503,757 483,499 499,278 502,617 520,880 507,491 469,489 491,011 462,054 477,183 469,967 429,191 504,311 485,151 496,993 503,897 520,718 510,536 464,946 486,165 467,971 479,230 445,827 423,889 479,122 461,630 479,358 487,637 502,457 498,347 454,876 472,626 450,938 460,948 450,017 410,517 488,597 468,329 486,482 494,266 509,070 510,451 458,723 479,796 454,162 464,205 570,118 520,731 611,987 596,045 616,529 626,193 645,298 644,672
      On Time count 464,770 447,537 457,002 433,284 388,559 377,224 339,540 417,323 382,828 401,179 406,609 425,962 429,581 408,896 431,461 407,760 416,669 407,117 400,504 428,718 435,791 432,244 425,049 414,377 428,020 408,355 413,287 418,368 378,393 412,617 373,995 440,674 414,619 435,706 397,225 417,698 443,425 428,206 449,983 420,007 355,878 319,626 304,301 390,746 385,075 383,928 361,010 393,852 394,411 380,547 392,728 372,389 359,237 361,062 312,484 396,686 397,004 399,996 377,105 406,757 409,843 402,092 422,799 391,796 372,945 362,416 354,417 390,717 390,095 400,001 380,555 377,597 386,544 388,872 404,016 390,040 348,636 341,946 338,961 390,515 367,834 384,820 376,862 391,677 393,449 383,679 406,720 400,871 372,590 453,940 413,030 494,957 484,766 489,266 479,466 489,514 487,364
       Delays count  97,597  72,738  82,391  83,138 129,763  97,078  92,709 101,542 112,528 107,145 111,137 110,478  96,632  73,512  68,219  66,279  72,613  70,908  58,987  86,476  63,639  80,453  94,684 121,396 104,434  77,075  86,545  63,834 106,727  88,210  83,565 101,743 111,306 105,278 143,184 142,559 112,650  77,134  81,338  77,352 144,958 119,994 101,440 102,297  91,806 104,145 129,706 117,151 105,706  81,178  92,285  84,657 110,163  95,951  95,179  95,452  82,247  89,645 115,742 107,627  94,113  60,061  60,079  70,571  96,772  70,882  61,680  82,569  66,607  75,498 100,361 113,601 103,421  63,686  63,470  58,871 103,593  97,699  64,264  88,638  92,143  96,680 110,719 110,081 104,709  58,914  69,027  51,298  85,302  97,760  97,291  98,744 103,805 118,393 134,105 142,650 142,884
   Diversions count   1,237   1,078     851     822   1,368     964   1,088   1,151   1,505   1,534   1,551   1,546   1,503   1,073     815     773     893   1,004     674   1,024     827   1,247   1,414   1,648   1,240     816     798     699   1,128   1,131     857     962   1,009   1,420   1,880   1,767   1,309   1,053     760     855   1,156   1,477   1,142     867   1,056   1,692   1,768   1,487   1,425     988     792     707   1,048     973   1,011   1,172   1,380   1,658   1,930   1,528   1,528     718     833   1,005   1,450     864     969   1,103     819   1,350   1,739   1,950   1,489     802     593     717   1,256   1,486     980     917     954     943   1,306   1,555   1,286     791     746     575     989   1,249   1,434   1,006   1,223   1,715   1,928   2,051   2,072
Cancellations count   5,613   4,754   5,274   3,755  19,692  19,134  22,178   6,671  10,163  10,754   9,290   9,232  13,726   3,987   3,900   3,228   3,713   7,104   4,661   5,410   4,961   4,479   5,786   7,710   7,099   3,953  14,624   5,105   7,970   7,561  11,329   8,933   9,459   6,238   9,852   9,599   5,537   4,412   3,263   5,082  14,747  30,852  23,719   9,847   5,562   9,513  10,133   8,390   5,949   6,776   5,206   4,301   6,735  11,981  20,517  11,001   4,520   5,694   9,120   4,806   5,052   2,075   2,454   4,599   8,063  11,665   6,823   4,733   4,109   2,509   4,982   9,309   6,893   1,516   4,547   1,310   7,463   8,886   6,312   8,527   7,398   4,039   5,379   5,757  11,007  15,339   3,303   1,418   5,324  17,169   8,976  17,280   6,251   7,155  10,694  11,083  12,352

Table_name: 2_2Rel. Arrivals over Time _ Line Chart
 Data: 
 arrival_status Aug-10 Sep-10 Oct-10 Nov-10 Dec-10 Jan-11 Feb-11 Mar-11 Apr-11 May-11 Jun-11 Jul-11 Aug-11 Sep-11 Oct-11 Nov-11 Dec-11 Jan-12 Feb-12 Mar-12 Apr-12 May-12 Jun-12 Jul-12 Aug-12 Sep-12 Oct-12 Nov-12 Dec-12 Jan-13 Feb-13 Mar-13 Apr-13 May-13 Jun-13 Jul-13 Aug-13 Sep-13 Oct-13 Nov-13 Dec-13 Jan-14 Feb-14 Mar-14 Apr-14 May-14 Jun-14 Jul-14 Aug-14 Sep-14 Oct-14 Nov-14 Dec-14 Jan-15 Feb-15 Mar-15 Apr-15 May-15 Jun-15 Jul-15 Aug-15 Sep-15 Oct-15 Nov-15 Dec-15 Jan-16 Feb-16 Mar-16 Apr-16 May-16 Jun-16 Jul-16 Aug-16 Sep-16 Oct-16 Nov-16 Dec-16 Jan-17 Feb-17 Mar-17 Apr-17 May-17 Jun-17 Jul-17 Aug-17 Sep-17 Oct-17 Nov-17 Dec-17 Jan-18 Feb-18 Mar-18 Apr-18 May-18 Jun-18 Jul-18 Aug-18
       On Time 81.00% 84.70% 85.10% 83.20% 71.20% 75.70% 73.30% 78.30% 74.70% 76.20% 74.80% 75.10% 78.10% 83.50% 85.00% 84.40% 82.80% 82.50% 84.50% 80.90% 85.50% 82.80% 79.90% 74.80% 78.60% 83.10% 80.90% 85.50% 75.60% 78.80% 77.30% 78.30% 76.30% 78.30% 70.60% 71.30% 78.50% 84.30% 84.10% 82.70% 67.70% 64.90% 69.40% 76.90% 79.70% 77.00% 71.20% 75.10% 76.20% 80.20% 79.70% 79.20% 73.80% 74.00% 70.50% 77.40% 81.50% 80.40% 74.60% 78.10% 79.90% 85.90% 86.30% 82.40% 77.40% 81.00% 82.50% 81.10% 85.00% 83.90% 79.20% 75.80% 77.50% 85.70% 86.20% 86.60% 74.30% 74.40% 82.60% 79.50% 78.20% 79.90% 75.80% 76.80% 78.10% 83.40% 84.40% 87.70% 79.10% 77.30% 78.10% 80.90% 81.80% 79.60% 74.90% 75.20% 75.40%
       Delayed 17.70% 14.20% 13.60% 15.80% 24.40% 20.20% 21.10% 20.10% 22.80% 21.20% 22.90% 22.70% 19.30% 15.50% 14.20% 14.60% 16.10% 15.70% 14.20% 17.80% 13.40% 16.10% 18.90% 23.60% 20.00% 16.10% 16.70% 13.50% 22.30% 19.30% 20.00% 19.80% 21.50% 20.20% 27.30% 26.80% 20.30% 14.80% 15.00% 15.90% 28.70% 27.40% 24.80% 20.70% 18.80% 20.70% 26.30% 23.00% 22.20% 17.90% 18.90% 19.40% 24.00% 23.20% 24.10% 19.90% 17.20% 18.10% 23.20% 20.60% 18.90% 13.50% 12.90% 16.10% 20.10% 16.40% 15.50% 17.40% 13.90% 15.30% 19.60% 22.20% 20.90% 13.80% 12.70% 12.80% 22.90% 22.70% 15.50% 18.30% 19.90% 18.90% 22.90% 21.70% 19.50% 12.70% 14.40% 11.70% 19.10% 18.80% 19.40% 16.20% 16.90% 19.00% 22.70% 22.80% 22.50%
      Diverted  0.30%  0.20%  0.20%  0.20%  0.40%  0.30%  0.40%  0.30%  0.40%  0.30%  0.30%  0.20%  0.20%  0.20%  0.20%  0.20%  0.30%  0.30%  0.30%  0.20%  0.20%  0.20%  0.20%  0.30%  0.30%  0.20%  0.20%  0.20%  0.30%  0.30%  0.30%  0.20%  0.30%  0.30%  0.30%  0.30%  0.20%  0.20%  0.20%  0.20%  0.40%  0.40%  0.40%  0.30%  0.30%  0.30%  0.30%  0.20%  0.20%  0.20%  0.20%  0.30%  0.40%  0.30%  0.30%  0.40%  0.30%  0.30%  0.30%  0.30%  0.30%  0.20%  0.20%  0.30%  0.40%  0.30%  0.30%  0.30%  0.20%  0.30%  0.30%  0.30%  0.30%  0.20%  0.20%  0.20%  0.50%  0.50%  0.40%  0.30%  0.20%  0.20%  0.30%  0.30%  0.30%  0.20%  0.20%  0.20%  0.40%  0.30%  0.40%  0.30%  0.20%  0.20%  0.30%  0.30%  0.20%
     Cancelled  1.00%  0.90%  1.10%  0.80%  4.00%  3.80%  5.30%  1.30%  2.10%  2.40%  2.00%  1.90%  2.40%  0.80%  0.70%  0.70%  0.80%  1.50%  1.00%  1.00%  1.00%  0.90%  1.00%  1.30%  1.20%  0.60%  2.30%  0.80%  1.80%  1.60%  2.50%  1.60%  1.90%  1.20%  1.80%  1.60%  0.90%  0.80%  0.70%  1.20%  3.30%  7.20%  5.40%  2.10%  1.20%  2.00%  2.30%  1.60%  1.40%  1.60%  1.20%  1.10%  1.70%  2.60%  5.10%  2.20%  1.10%  1.20%  1.90%  1.00%  1.00%  0.50%  0.60%  1.30%  2.00%  2.30%  1.70%  1.20%  0.90%  0.50%  0.90%  1.70%  1.40%  0.30%  0.90%  0.40%  2.30%  2.40%  1.60%  1.90%  1.70%  1.00%  1.00%  1.20%  2.10%  3.70%  1.00%  0.40%  1.40%  3.50%  2.00%  2.60%  1.00%  1.10%  2.10%  1.70%  1.90%

Table_name: 3_1Abs. Arrivals over Months _ Line Chart
 Data: 
              metric   January  February     March     April       May      June      July    August September   October  November  December
      Flights count 3,897,930 3,605,017 4,188,401 4,043,289 4,166,317 4,222,271 4,362,395 4,885,870 3,862,613 4,030,109 3,825,466 3,925,793
      On Time count 3,035,948 2,837,232 3,350,336 3,258,012 3,327,140 3,203,881 3,317,434 3,837,407 3,248,184 3,377,996 3,234,515 2,992,907
       Delays count   738,482   655,115   757,461   724,081   777,237   939,638   965,543   962,146   564,298   603,354   556,000   849,891
   Diversions count     9,148     8,155     8,202     8,773    11,559    13,516    13,532    13,089     7,319     6,188     6,153     9,288
Cancellations count   114,352   104,515    72,402    52,423    50,381    65,236    65,886    73,228    42,812    42,571    28,798    73,707

Table_name: 3_2Rel. Arrivals over Months _ Line Chart
 Data: 
 arrival_status January February  March  April    May   June   July August September October November December
       On Time  76.10%   77.10% 79.20% 80.20% 79.60% 75.00% 75.10% 78.10%    83.80%  83.90%   83.90%   75.00%
       Delayed  20.40%   19.40% 18.70% 18.10% 18.80% 23.10% 23.00% 20.20%    14.80%  14.80%   15.10%   22.40%
      Diverted   0.30%    0.30%  0.30%  0.30%  0.30%  0.30%  0.30%  0.30%     0.20%   0.20%    0.20%    0.40%
     Cancelled   3.10%    3.10%  1.80%  1.40%  1.30%  1.70%  1.50%  1.50%     1.10%   1.10%    0.80%    2.20%

Table_name: 4Delay Cause over Months _ Line Chart
 Data: 
           type_delay January February March April   May  June  July August September October November December
      Carrier Delays   1,413    1,202 1,381 1,316 1,403 1,752 1,845  1,568     1,036   1,100    1,018    1,573
Late Aircraft Delays   1,746    1,518 1,770 1,753 1,937 2,514 2,660  2,098     1,212   1,308    1,198    2,099
          NAS Delays   1,006      953 1,039 1,077 1,216 1,363 1,457  1,216       820     866      740    1,126
     Security Delays       6        4     5     4     6     7     6      8         4       4        7        7
      Weather Delays     254      205   158   183   235   297   301    230       113      87       96      229

Table_name: 5_1Arrival Proportion of Carriers _ Bar Chart
 Data: 
                 Carrier Name Cancelled Diverted Delayed On Time
              Virgin America      0.8%     0.2%   18.2%   80.7%
            Spirit Air Lines      2.1%     0.1%   22.3%   75.4%
      Hawaiian Airlines Inc.      0.1%     0.3%   15.8%   83.8%
           Endeavor Air Inc.      2.0%     0.3%   17.0%   80.7%
             JetBlue Airways      1.8%     0.3%   23.0%   74.9%
  Continental Air Lines Inc.      0.9%     0.3%   19.1%   79.7%
        Delta Air Lines Inc.      0.7%     0.2%   14.6%   84.5%
 Atlantic Southeast Airlines      2.5%     0.2%   21.8%   75.4%
      Southwest Airlines Co.      1.1%     0.2%   21.1%   77.6%
            Republic Airline      3.4%     0.1%   16.4%   80.1%
                 Comair Inc.      2.7%     0.2%   21.0%   76.1%
           PSA Airlines Inc.      4.5%     0.3%   24.2%   71.0%
      Pinnacle Airlines Inc.      2.9%     0.3%   18.7%   78.1%
                   Envoy Air      4.2%     0.3%   21.8%   73.7%
               Allegiant Air      0.8%     0.4%   20.4%   78.4%
American Eagle Airlines Inc.      3.2%     0.3%   20.8%   75.8%
 AirTran Airways Corporation      0.8%     0.2%   14.7%   84.3%
    ExpressJet Airlines Inc.      2.7%     0.3%   20.7%   76.2%
             US Airways Inc.      0.9%     0.2%   17.0%   81.9%
       United Air Lines Inc.      1.1%     0.2%   19.7%   78.9%
          Mesa Airlines Inc.      2.1%     0.2%   16.6%   81.2%
      American Airlines Inc.      1.5%     0.3%   22.0%   76.3%
       SkyWest Airlines Inc.      2.1%     0.4%   18.2%   79.4%
      Frontier Airlines Inc.      0.8%     0.2%   24.3%   74.8%
        Alaska Airlines Inc.      0.8%     0.4%   13.0%   85.8%

Table_name: 5_1Flight Count of Carriers _ Bar Chart
 Data: 
                 Carrier Name flight_count
      Southwest Airlines Co.    9,867,331
        Delta Air Lines Inc.    6,686,569
      American Airlines Inc.    5,511,132
       SkyWest Airlines Inc.    5,113,195
    ExpressJet Airlines Inc.    4,297,039
       United Air Lines Inc.    4,039,615
             JetBlue Airways    2,075,358
             US Airways Inc.    2,011,336
American Eagle Airlines Inc.    1,645,542
        Alaska Airlines Inc.    1,361,181
 AirTran Airways Corporation      823,291
                   Envoy Air      782,171
      Frontier Airlines Inc.      728,047
          Mesa Airlines Inc.      638,097
      Hawaiian Airlines Inc.      604,921
            Spirit Air Lines      531,446
 Atlantic Southeast Airlines      466,587
              Virgin America      389,059
  Continental Air Lines Inc.      345,492
           Endeavor Air Inc.      285,059
      Pinnacle Airlines Inc.      282,069
            Republic Airline      212,490
           PSA Airlines Inc.      185,722
               Allegiant Air       67,587
                 Comair Inc.       65,135

Table_name: 6Cause of Delay of Carrier and Airport _ Bar Chart
 Data: 
          delay_type  AirTran Airways Corporation  Alaska Airlines Inc.  Allegiant Air  American Airlines Inc.  American Eagle Airlines Inc.  Atlantic Southeast Airlines  Comair Inc.  Continental Air Lines Inc.  Delta Air Lines Inc.  Endeavor Air Inc.  Envoy Air  ExpressJet Airlines Inc.  Frontier Airlines Inc.  Hawaiian Airlines Inc.  JetBlue Airways  Mesa Airlines Inc.  Pinnacle Airlines Inc.  PSA Airlines Inc.  Republic Airline  SkyWest Airlines Inc.  Southwest Airlines Co.  Spirit Air Lines  United Air Lines Inc.  US Airways Inc.  Virgin America
      Carrier Delay                       0.3037                0.3098         0.4004                  0.3939                        0.3402                       0.4554       0.4037                      0.3793                0.4219             0.3797     0.3095                    0.3765                  0.2863                  0.7809           0.3859              0.4033                  0.4022             0.3416            0.2742                 0.3316                  0.3412            0.2112                 0.3532           0.3849          0.2420
Late Aircraft Delay                       0.3695                0.2435         0.2997                  0.2973                        0.2835                       0.3558       0.1084                      0.1725                0.2633             0.2783     0.3175                    0.3476                  0.3083                  0.1888           0.2904              0.3155                  0.2337             0.3600            0.3483                 0.3739                  0.4835            0.2301                 0.3536           0.2184          0.3764
          NAS Delay                       0.3137                0.4077         0.2310                  0.2649                        0.2897                       0.1644       0.4140                      0.4085                0.2614             0.3074     0.2937                    0.2567                  0.3919                  0.0133           0.2982              0.2315                  0.3360             0.2356            0.3347                 0.2616                  0.1510            0.5358                 0.2555           0.3734          0.2678
      Weather Delay                       0.0131                0.0345         0.0611                  0.0424                        0.0861                       0.0235       0.0731                      0.0350                0.0528             0.0331     0.0764                    0.0187                  0.0134                  0.0132           0.0216              0.0444                  0.0271             0.0609            0.0417                 0.0313                  0.0220            0.0192                 0.0373           0.0166          0.1080
     Security Delay                       0.0000                0.0044         0.0078                  0.0015                        0.0005                       0.0010       0.0008                      0.0048                0.0007             0.0015     0.0028                    0.0006                  0.0000                  0.0039           0.0039              0.0052                  0.0010             0.0019            0.0011                 0.0017                  0.0023            0.0038                 0.0004           0.0068          0.0059
          Cancelled                       0.0084                0.0078         0.0079                  0.0149                        0.0319                       0.0250       0.0271                      0.0090                0.0066             0.0204     0.0421                    0.0274                  0.0080                  0.0010           0.0175              0.0208                  0.0287             0.0450            0.0341                 0.0206                  0.0110            0.0215                 0.0114           0.0086          0.0083
           Diverted                       0.0021                0.0042         0.0036                  0.0027                        0.0029                       0.0024       0.0021                      0.0029                0.0021             0.0027     0.0031                    0.0033                  0.0018                  0.0029           0.0034              0.0017                  0.0032             0.0028            0.0015                 0.0039                  0.0019            0.0014                 0.0023           0.0020          0.0019

Table_name: 7_1Top 10 Airports _ Flight Count
 Data: 
                              Airport Name Atlanta, GA Chicago, IL Dallas, TX Dallas/Fort Worth, TX Denver, CO Houston, TX Los Angeles, CA Phoenix, AZ San Francisco, CA
 Hartsfield-Jackson Atlanta International   3,118,944         NaN        NaN                   NaN        NaN         NaN             NaN         NaN               NaN
             Chicago O'Hare International         NaN   2,392,842        NaN                   NaN        NaN         NaN             NaN         NaN               NaN
          Dallas/Fort Worth International         NaN         NaN        NaN             2,034,130        NaN         NaN             NaN         NaN               NaN
                     Denver International         NaN         NaN        NaN                   NaN  1,849,501         NaN             NaN         NaN               NaN
                Los Angeles International         NaN         NaN        NaN                   NaN        NaN         NaN       1,753,040         NaN               NaN
         Phoenix Sky Harbor International         NaN         NaN        NaN                   NaN        NaN         NaN             NaN   1,375,231               NaN
              San Francisco International         NaN         NaN        NaN                   NaN        NaN         NaN             NaN         NaN         1,339,033
     George Bush Intercontinental/Houston         NaN         NaN        NaN                   NaN        NaN   1,325,303             NaN         NaN               NaN
             Chicago Midway International         NaN     708,832        NaN                   NaN        NaN         NaN             NaN         NaN               NaN
                        Dallas Love Field         NaN         NaN    456,117                   NaN        NaN         NaN             NaN         NaN               NaN

Table_name: 7_2Top 10 Carrier _ Flight Count
 Data: 
 carrier_code               carrier_name   count  Unnamed: 3  Unnamed: 4  Unnamed: 5  Unnamed: 6  Unnamed: 7  Unnamed: 8  Unnamed: 9  Unnamed: 10
          WN     Southwest Airlines Co. 9867331         NaN         NaN         NaN         NaN         NaN         NaN         NaN          NaN
          DL       Delta Air Lines Inc. 6686569         NaN         NaN         NaN         NaN         NaN         NaN         NaN          NaN
          AA     American Airlines Inc. 5511132         NaN         NaN         NaN         NaN         NaN         NaN         NaN          NaN
          UA      United Air Lines Inc. 4039615         NaN         NaN         NaN         NaN         NaN         NaN         NaN          NaN
          B6            JetBlue Airways 2075358         NaN         NaN         NaN         NaN         NaN         NaN         NaN          NaN
          US            US Airways Inc. 2011336         NaN         NaN         NaN         NaN         NaN         NaN         NaN          NaN
          HA     Hawaiian Airlines Inc.  604921         NaN         NaN         NaN         NaN         NaN         NaN         NaN          NaN
          NK           Spirit Air Lines  531446         NaN         NaN         NaN         NaN         NaN         NaN         NaN          NaN
          CO Continental Air Lines Inc.  345492         NaN         NaN         NaN         NaN         NaN         NaN         NaN          NaN
          YX           Republic Airline 212,490         NaN         NaN         NaN         NaN         NaN         NaN         NaN          NaN
         NaN                        NaN     NaN         NaN         NaN         NaN         NaN         NaN         NaN         NaN          NaN

Table_name: 8_1On-Time Prop of Top 10 Airports _ Box Plot
 Data: 
 Carrier         Unnamed: 1   DAL   MDW   IAH    DFW   DEN    ATL   PHX   LAX   ORD   SFO
     AA Avg. Flights count   NaN   NaN   471 12,444   604    638 2,166 2,841 4,658 1,038
     AA            On Time   NaN   NaN     1      1     1      1     1     1     1     1
     B6 Avg. Flights count   NaN   NaN   NaN     66    89    185    63   338   191   404
     B6            On Time   NaN   NaN   NaN      1     1      1     1     1     1     1
     CO Avg. Flights count   NaN   NaN 5,885    192   442    125   302   688   593   457
     CO            On Time   NaN   NaN     1      1     1      1     1     1     1     1
     DL Avg. Flights count   134   203   229    458   680 18,607   629 2,167   581   868
     DL            On Time     1     1     1      1     1      1     1     1     1     1
     HA Avg. Flights count   NaN   NaN   NaN    NaN   NaN    NaN    30   120   NaN    45
     HA            On Time   NaN   NaN   NaN    NaN   NaN    NaN     1     1   NaN     1
     NK Avg. Flights count   NaN   NaN   508    743   335    568    83   652   865   NaN
     NK            On Time   NaN   NaN     1      1     1      1     1     1     1   NaN
     UA Avg. Flights count   NaN   NaN 4,250    356 4,291    223   505 2,438 5,381 4,195
     UA            On Time   NaN   NaN     1      1     1      1     1     1     1     1
     US Avg. Flights count   NaN   NaN   420    567   395    453 4,903   535   600   451
     US            On Time   NaN   NaN     1      1     1      1     1     1     1     1
     WN Avg. Flights count 4,280 6,741   NaN    NaN 4,997  2,463 5,018 3,333   NaN 1,326
     WN            On Time     1     1   NaN    NaN     1      1     1     1   NaN     1
     YX Avg. Flights count   NaN   NaN 1,271    316   367    386   NaN   NaN 1,574   NaN
     YX            On Time   NaN   NaN     1      1     1      1   NaN   NaN     1   NaN

Table_name: 8_2Delay Cause of Top 10 Airports _ Bar Chart
 Data: 
                              Airport Name          Unnamed: 1    DAL    PHX    SFO    DEN    ORD    MDW    LAX    IAH    DFW    ATL
             Chicago Midway International       Carrier Delay    NaN    NaN    NaN    NaN    NaN 34.80%    NaN    NaN    NaN    NaN
             Chicago Midway International Late Aircraft Delay    NaN    NaN    NaN    NaN    NaN 35.40%    NaN    NaN    NaN    NaN
             Chicago Midway International           NAS Delay    NaN    NaN    NaN    NaN    NaN 25.10%    NaN    NaN    NaN    NaN
             Chicago Midway International      Security Delay    NaN    NaN    NaN    NaN    NaN  0.20%    NaN    NaN    NaN    NaN
             Chicago Midway International       Weather Delay    NaN    NaN    NaN    NaN    NaN  4.50%    NaN    NaN    NaN    NaN
             Chicago O'Hare International       Carrier Delay    NaN    NaN    NaN    NaN 27.00%    NaN    NaN    NaN    NaN    NaN
             Chicago O'Hare International Late Aircraft Delay    NaN    NaN    NaN    NaN 23.60%    NaN    NaN    NaN    NaN    NaN
             Chicago O'Hare International           NAS Delay    NaN    NaN    NaN    NaN 46.60%    NaN    NaN    NaN    NaN    NaN
             Chicago O'Hare International      Security Delay    NaN    NaN    NaN    NaN  0.20%    NaN    NaN    NaN    NaN    NaN
             Chicago O'Hare International       Weather Delay    NaN    NaN    NaN    NaN  2.60%    NaN    NaN    NaN    NaN    NaN
                        Dallas Love Field       Carrier Delay 30.60%    NaN    NaN    NaN    NaN    NaN    NaN    NaN    NaN    NaN
                        Dallas Love Field Late Aircraft Delay 43.50%    NaN    NaN    NaN    NaN    NaN    NaN    NaN    NaN    NaN
                        Dallas Love Field           NAS Delay 21.80%    NaN    NaN    NaN    NaN    NaN    NaN    NaN    NaN    NaN
                        Dallas Love Field      Security Delay  0.20%    NaN    NaN    NaN    NaN    NaN    NaN    NaN    NaN    NaN
                        Dallas Love Field       Weather Delay  3.90%    NaN    NaN    NaN    NaN    NaN    NaN    NaN    NaN    NaN
          Dallas/Fort Worth International       Carrier Delay    NaN    NaN    NaN    NaN    NaN    NaN    NaN    NaN 31.90%    NaN
          Dallas/Fort Worth International Late Aircraft Delay    NaN    NaN    NaN    NaN    NaN    NaN    NaN    NaN 27.10%    NaN
          Dallas/Fort Worth International           NAS Delay    NaN    NaN    NaN    NaN    NaN    NaN    NaN    NaN 37.60%    NaN
          Dallas/Fort Worth International      Security Delay    NaN    NaN    NaN    NaN    NaN    NaN    NaN    NaN  0.30%    NaN
          Dallas/Fort Worth International       Weather Delay    NaN    NaN    NaN    NaN    NaN    NaN    NaN    NaN  3.20%    NaN
                     Denver International       Carrier Delay    NaN    NaN    NaN 33.20%    NaN    NaN    NaN    NaN    NaN    NaN
                     Denver International Late Aircraft Delay    NaN    NaN    NaN 29.10%    NaN    NaN    NaN    NaN    NaN    NaN
                     Denver International           NAS Delay    NaN    NaN    NaN 34.20%    NaN    NaN    NaN    NaN    NaN    NaN
                     Denver International      Security Delay    NaN    NaN    NaN  0.40%    NaN    NaN    NaN    NaN    NaN    NaN
                     Denver International       Weather Delay    NaN    NaN    NaN  3.20%    NaN    NaN    NaN    NaN    NaN    NaN
     George Bush Intercontinental/Houston       Carrier Delay    NaN    NaN    NaN    NaN    NaN    NaN    NaN 34.10%    NaN    NaN
     George Bush Intercontinental/Houston Late Aircraft Delay    NaN    NaN    NaN    NaN    NaN    NaN    NaN 26.10%    NaN    NaN
     George Bush Intercontinental/Houston           NAS Delay    NaN    NaN    NaN    NaN    NaN    NaN    NaN 36.00%    NaN    NaN
     George Bush Intercontinental/Houston      Security Delay    NaN    NaN    NaN    NaN    NaN    NaN    NaN  0.20%    NaN    NaN
     George Bush Intercontinental/Houston       Weather Delay    NaN    NaN    NaN    NaN    NaN    NaN    NaN  3.60%    NaN    NaN
 Hartsfield-Jackson Atlanta International       Carrier Delay    NaN    NaN    NaN    NaN    NaN    NaN    NaN    NaN    NaN 32.20%
 Hartsfield-Jackson Atlanta International Late Aircraft Delay    NaN    NaN    NaN    NaN    NaN    NaN    NaN    NaN    NaN 30.90%
 Hartsfield-Jackson Atlanta International           NAS Delay    NaN    NaN    NaN    NaN    NaN    NaN    NaN    NaN    NaN 34.00%
 Hartsfield-Jackson Atlanta International      Security Delay    NaN    NaN    NaN    NaN    NaN    NaN    NaN    NaN    NaN  0.20%
 Hartsfield-Jackson Atlanta International       Weather Delay    NaN    NaN    NaN    NaN    NaN    NaN    NaN    NaN    NaN  2.80%
                Los Angeles International       Carrier Delay    NaN    NaN    NaN    NaN    NaN    NaN 37.90%    NaN    NaN    NaN
                Los Angeles International Late Aircraft Delay    NaN    NaN    NaN    NaN    NaN    NaN 23.90%    NaN    NaN    NaN
                Los Angeles International           NAS Delay    NaN    NaN    NaN    NaN    NaN    NaN 35.40%    NaN    NaN    NaN
                Los Angeles International      Security Delay    NaN    NaN    NaN    NaN    NaN    NaN  0.40%    NaN    NaN    NaN
                Los Angeles International       Weather Delay    NaN    NaN    NaN    NaN    NaN    NaN  2.30%    NaN    NaN    NaN
         Phoenix Sky Harbor International       Carrier Delay    NaN 41.50%    NaN    NaN    NaN    NaN    NaN    NaN    NaN    NaN
         Phoenix Sky Harbor International Late Aircraft Delay    NaN 27.50%    NaN    NaN    NaN    NaN    NaN    NaN    NaN    NaN
         Phoenix Sky Harbor International           NAS Delay    NaN 28.00%    NaN    NaN    NaN    NaN    NaN    NaN    NaN    NaN
         Phoenix Sky Harbor International      Security Delay    NaN  0.30%    NaN    NaN    NaN    NaN    NaN    NaN    NaN    NaN
         Phoenix Sky Harbor International       Weather Delay    NaN  2.70%    NaN    NaN    NaN    NaN    NaN    NaN    NaN    NaN
              San Francisco International       Carrier Delay    NaN    NaN 32.70%    NaN    NaN    NaN    NaN    NaN    NaN    NaN
              San Francisco International Late Aircraft Delay    NaN    NaN 20.90%    NaN    NaN    NaN    NaN    NaN    NaN    NaN
              San Francisco International           NAS Delay    NaN    NaN 43.30%    NaN    NaN    NaN    NaN    NaN    NaN    NaN
              San Francisco International      Security Delay    NaN    NaN  0.30%    NaN    NaN    NaN    NaN    NaN    NaN    NaN
              San Francisco International       Weather Delay    NaN    NaN  2.80%    NaN    NaN    NaN    NaN    NaN    NaN    NaN",Udacity_DAND_Tableau_Story
8,data\Train\Tableau\tab_031,"Table_name: 10Co2 Emission Over Past 10 Years
 Data: 
        Country co2_emission
         China      108,796
 United States       58,723
         India       24,397
        Russia       18,037
         Japan       13,260
       Germany        8,572
          Iran        7,166
   South Korea        6,963
  Saudi Arabia        6,552
        Canada        6,242
        Brazil        5,451
  South Africa        5,110
        Mexico        5,088
       Oceania        5,012
United Kingdom        4,674
     Australia        4,461
         Italy        4,048
        France        3,685
        Poland        3,560
       Ukraine        2,810

Table_name: 11Co2 Emission India vs  United States
 Data: 
  Year India United States
 1975   234         4,478
 1976   245         4,748
 1977   259         4,889
 1978   263         4,941
 1979   277         5,008
 1980   292         4,808
 1981   315         4,686
 1982   326         4,447
 1983   353         4,429
 1984   362         4,662
 1985   398         4,652
 1986   427         4,663
 1987   456         4,825
 1988   492         5,050
 1989   541         5,132
 1990   579         5,113
 1991   616         5,058
 1992   656         5,167
 1993   678         5,267
 1994   717         5,359
 1995   762         5,422
 1996   826         5,611
 1997   860         5,686
 1998   878         5,731
 1999   952         5,805
 2000   979         6,011
 2001   993         5,905
 2002 1,023         5,947
 2003 1,060         6,012
 2004 1,125         6,114
 2005 1,186         6,135
 2006 1,260         6,052
 2007 1,358         6,131
 2008 1,463         5,914
 2009 1,613         5,478
 2010 1,678         5,676
 2011 1,780         5,540
 2012 1,964         5,339
 2013 2,037         5,474
 2014 2,186         5,523
 2015 2,269         5,372
 2016 2,382         5,248
 2017 2,434         5,208
 2018 2,600         5,375
 2019 2,626         5,256
 2020 2,442         4,713

Table_name: 12Co2 Emission in 2020
 Data: 
  Year  Canada  China  Germany India  Italy Japan Russia  Ukraine  United Kingdom United States
 2020     536 10,668      644 2,442    304 1,031  1,577      214             330         4,713

Table_name: 1Top Countries Emission
 Data: 
        Country co2_emission
     Australia       14,739
        Brazil       14,502
        Canada       23,226
         China      221,180
        France       18,459
       Germany       42,610
         India       49,218
          Iran       16,703
         Italy       18,878
         Japan       51,854
        Mexico       16,995
       Oceania       16,475
        Poland       16,842
        Russia       83,778
  Saudi Arabia       15,303
  South Africa       16,894
   South Korea       17,683
       Ukraine       20,550
United Kingdom       24,728
 United States      244,060

Table_name: 2Co2 Emission Over Time
 Data: 
  Year co2_emission
 1975       67,324
 1976       71,105
 1977       72,870
 1978       75,108
 1979       77,269
 1980       76,977
 1981       75,014
 1982       74,498
 1983       74,919
 1984       77,136
 1985       79,877
 1986       80,844
 1987       82,788
 1988       85,631
 1989       86,622
 1990       88,195
 1991       88,759
 1992       86,108
 1993       86,353
 1994       86,236
 1995       87,648
 1996       89,954
 1997       90,056
 1998       89,566
 1999       90,524
 2000       92,998
 2001       93,999
 2002       95,821
 2003      100,340
 2004      104,331
 2005      107,355
 2006      110,616
 2007      113,347
 2008      115,021
 2009      112,661
 2010      118,594
 2011      122,026
 2012      123,739
 2013      124,342
 2014      124,747
 2015      124,780
 2016      124,706
 2017      126,305
 2018      128,453
 2019      128,423
 2020      121,593

Table_name: 3Total Emission by Continents
 Data: 
       Country co2_emission
       Africa       40,923
         Asia      481,573
       Europe      306,165
North America      290,316
      Oceania       16,475
South America       35,880

Table_name: 4Overall Contribution by India in Co2 Emission
 Data: 
 country             source  co2_emission
  India           Coal Co2         31022
  India            Oil Co2         13350
  India         Cement Co2          2353
  India            Gas Co2          2340
  India        Flaring Co2           153
  India Other Industry Co2             0

Table_name: 5Donut Chart for Coal Co2
 Data: 
       Country % of Total Coal Co2   Coal Co2
       Africa               3.38%  15,929.04
         Asia              53.06% 249,911.97
       Europe              22.85% 107,631.76
North America              18.35%  86,441.41
      Oceania               1.63%   7,668.20
South America               0.73%   3,445.26

Table_name: 6Donut Chart for Cement Co Emission
 Data: 
       Country % of Total Cement Co2 Cement Co2
          NaN                   NaN  37,624.75
       Africa                 4.55%        NaN
   Antarctica                    0%        NaN
         Asia                67.50%        NaN
       Europe                16.29%        NaN
North America                 7.51%        NaN
      Oceania                 0.46%        NaN
South America                 3.69%        NaN

Table_name: 7Donut Chart for Gas Co2 Emission
 Data: 
       Country % of Total Gas Co2   Gas Co2
       Africa              2.78%  5,914.45
   Antarctica                 0%         0
         Asia             26.19% 55,803.13
       Europe             35.26% 75,127.68
North America             31.23% 66,527.48
      Oceania              1.12%  2,391.30
South America              3.42%  7,283.46

Table_name: 8Donut Chart for Faring Co2 Emission
 Data: 
       Country % of Total Flaring Co2 Flaring Co2
         Asia                 35.28%    4,851.50
North America                 18.09%    2,488.27
       Europe                 17.16%    2,359.94
       Africa                 17.07%    2,347.72
South America                 10.09%    1,388.08
      Oceania                  2.30%     316.768

Table_name: 9Donut Chart for Oil Co2 Emission
 Data: 
       Country % of Total Oil Co2    Oil Co2
       Africa              3.52%  15,020.74
   Antarctica           3.67E-07      0.157
         Asia             32.89% 140,537.79
       Europe             26.40% 112,806.87
North America             30.64% 130,931.92
      Oceania              1.36%   5,791.23
South America              5.20%  22,210.34",CO2 emission story
9,data\Train\Tableau\tab_032,"Table_name: 1Crimes Recorded from 2002-2012
 Data: 
           Country Avg. Crimes Recorded  Crimes Recorded 
          Austria                   587            6,456
          Croatia                    77              850
           Cyprus                     7               82
   Czech Republic                   339            3,731
          Denmark                   464            5,103
England and Wales                 4,955           54,508
          Estonia                    50              546
          Finland                   437            4,806
           France                 3,761           30,084
          Germany                 6,253           68,783
           Greece                   378            4,158
          Hungary                   429            4,716
          Iceland                    15              162
          Ireland                   103              515
            Italy                 2,630           28,932
           Latvia                    54              599
        Lithuania                    75              828
       Luxembourg                    29              323
            Malta                    16              172
      Netherlands                 1,283           14,115
           Norway                   280            3,085
           Poland                 1,254           13,795
         Portugal                   410            4,512
          Romania                   272            2,992
         Scotland                   375            4,121
         Slovakia                   108            1,188
         Slovenia                    86              942
            Spain                 2,260           24,865
           Sweden                 1,317           14,485
      Switzerland                   476            5,239
           Turkey                 1,037           11,411

Table_name: 2Crimes Recorded per Year
 Data: 
           Country  2002  2003  2004  2005  2006  2007  2008  2009  2010  2011  2012
          Austria   592   643   644   605   589   594   573   592   536   540   548
          Croatia    78    80    85    80    81    76    75    73    73    76    72
           Cyprus     5     7     8     7     8     8     7     7     8     8     8
   Czech Republic   372   358   352   344   336   357   344   333   313   317   305
          Denmark   492   486   474   433   425   445   477   492   471   467   441
England and Wales 5,975 6,014 5,638 5,555 5,428 4,952 4,703 4,338 4,151 4,023 3,731
          Estonia    53    54    53    53    52    50    51    48    48    43    41
          Finland   435   443   445   432   416   436   441   441   432   458   425
           France 4,114 3,975 3,825 3,776 3,726 3,589 3,558 3,521   NaN   NaN   NaN
          Germany 6,507 6,572 6,633 6,392 6,304 6,285 6,114 6,054 5,933 5,991 5,997
           Greece   441   442   406   456   464   423   417   387   334   194   194
          Hungary   421   413   419   437   426   427   408   394   447   451   472
          Iceland    20    18    17    12    13    13    15    16    15    13    12
          Ireland   106   103    99   102   103   NaN   NaN   NaN   NaN   NaN   NaN
            Italy 2,232 2,457 2,418 2,579 2,771 2,933 2,710 2,630 2,621 2,763 2,819
           Latvia    49    52    62    51    62    56    57    57    51    52    50
        Lithuania    73    79    84    82    75    68    72    76    71    72    75
       Luxembourg    26    26    27    25    26    28    28    32    31    36    38
            Malta    17    18    18    19    17    15    14    12    13    14    16
      Netherlands 1,402 1,369 1,319 1,348 1,312 1,304 1,278 1,254 1,194 1,194 1,140
           Norway   320   304   288   276   277   272   264   277   271   264   274
           Poland 1,404 1,467 1,461 1,380 1,288 1,153 1,082 1,130 1,151 1,160 1,120
         Portugal   392   417   416   393   400   399   430   426   423   414   403
          Romania   312   277   232   208   233   281   289   300   293   259   308
         Scotland   427   407   438   418   419   386   377   338   323   314   273
         Slovakia   107   112   131   124   115   111   105   105    95    93    90
         Slovenia    77    77    87    84    90    88    82    87    89    89    91
            Spain 2,183 2,144 2,141 2,231 2,267 2,310 2,397 2,339 2,297 2,286 2,269
           Sweden 1,235 1,255 1,249 1,242 1,225 1,306 1,378 1,406 1,370 1,416 1,403
      Switzerland   357   379   389   353   335   326   323   676   657   693   750
           Turkey   439   472   508   668   975   971 1,012 1,288 1,522 1,653 1,904",EuroStat Statistics
10,data\Train\Tableau\tab_033,"Table_name: 1school_readiness
 Data: 
 suffix                                   Variable      Year                 Dem Typ  2012-2013  2013-2014  2014-2015  2015-2016
     % % of SFUSD Students Ready for Kindergarten 2012-2013                     All       41.0        NaN        NaN        NaN
     % % of SFUSD Students Ready for Kindergarten 2012-2013 African American/ Black       45.0        NaN        NaN        NaN
     % % of SFUSD Students Ready for Kindergarten 2012-2013                 Chinese       58.0        NaN        NaN        NaN
     % % of SFUSD Students Ready for Kindergarten 2012-2013        Hispanic/ Latino       17.0        NaN        NaN        NaN
     % % of SFUSD Students Ready for Kindergarten 2012-2013                   White       56.0        NaN        NaN        NaN
     % % of SFUSD Students Ready for Kindergarten 2012-2013         Other Non-White       44.0        NaN        NaN        NaN
     % % of SFUSD Students Ready for Kindergarten 2013-2014                     All        NaN       47.0        NaN        NaN
     % % of SFUSD Students Ready for Kindergarten 2013-2014 African American/ Black        NaN       43.0        NaN        NaN
     % % of SFUSD Students Ready for Kindergarten 2013-2014                 Chinese        NaN       53.0        NaN        NaN
     % % of SFUSD Students Ready for Kindergarten 2013-2014        Hispanic/ Latino        NaN       33.0        NaN        NaN
     % % of SFUSD Students Ready for Kindergarten 2013-2014                   White        NaN       76.0        NaN        NaN
     % % of SFUSD Students Ready for Kindergarten 2013-2014         Other Non-White        NaN       55.0        NaN        NaN
     % % of SFUSD Students Ready for Kindergarten 2014-2015                     All        NaN        NaN       53.0        NaN
     % % of SFUSD Students Ready for Kindergarten 2014-2015 African American/ Black        NaN        NaN       55.0        NaN
     % % of SFUSD Students Ready for Kindergarten 2014-2015                 Chinese        NaN        NaN       61.0        NaN
     % % of SFUSD Students Ready for Kindergarten 2014-2015        Hispanic/ Latino        NaN        NaN       36.0        NaN
     % % of SFUSD Students Ready for Kindergarten 2014-2015                   White        NaN        NaN       80.0        NaN
     % % of SFUSD Students Ready for Kindergarten 2014-2015         Other Non-White        NaN        NaN       61.0        NaN
     % % of SFUSD Students Ready for Kindergarten 2015-2016                     All        NaN        NaN        NaN       55.0
     % % of SFUSD Students Ready for Kindergarten 2015-2016 African American/ Black        NaN        NaN        NaN       52.0
     % % of SFUSD Students Ready for Kindergarten 2015-2016                 Chinese        NaN        NaN        NaN       67.0
     % % of SFUSD Students Ready for Kindergarten 2015-2016        Hispanic/ Latino        NaN        NaN        NaN       34.0
     % % of SFUSD Students Ready for Kindergarten 2015-2016                   White        NaN        NaN        NaN       75.0
     % % of SFUSD Students Ready for Kindergarten 2015-2016         Other Non-White        NaN        NaN        NaN       67.0

Table_name: 2attendance
 Data: 
                      group      year  pct_regular_attendance
                       All 2014-2015                    91.0
                       All 2015-2016                    90.0
                       All 2016-2017                    89.0
    African American/Black 2014-2015                    75.0
    African American/Black 2015-2016                    74.0
    African American/Black 2016-2017                    71.0
                     Asian 2014-2015                    97.0
                     Asian 2015-2016                    97.0
                     Asian 2016-2017                    97.3
           Hispanic/Latino 2014-2015                    86.0
           Hispanic/Latino 2015-2016                    85.0
           Hispanic/Latino 2016-2017                    81.7
                     White 2014-2015                    92.0
                     White 2015-2016                    93.0
                     White 2016-2017                    92.2
           English Learner 2014-2015                    90.0
           English Learner 2015-2016                    89.0
           English Learner 2016-2017                    87.5
                Special Ed 2014-2015                    83.0
                Special Ed 2015-2016                    82.0
                Special Ed 2016-2017                    80.0
Economically Disadvantaged 2014-2015                    89.0
Economically Disadvantaged 2015-2016                    88.0
Economically Disadvantaged 2016-2017                    86.0

Table_name: 3discipline
 Data: 
 suffix                   Variable                           Dem Typ  2012-2013  2013-2014  2014-2015  2015-2016  2016-2017
     % SFUSD K-12 Suspension Rate           African American/ Black        7.9        5.3        5.3        4.2        5.4
     % SFUSD K-12 Suspension Rate                               All        2.2        1.5        1.6        1.3        1.6
     % SFUSD K-12 Suspension Rate    American Indian/ Alaska Native        4.0        2.4        2.9        1.7        3.3
     % SFUSD K-12 Suspension Rate                             Asian        0.6        0.0        0.2        0.0        0.0
     % SFUSD K-12 Suspension Rate                          Filipino        1.2        1.3        1.2        0.7        1.0
     % SFUSD K-12 Suspension Rate                  Hispanic/ Latino        2.5        1.9        1.8        1.5        1.7
     % SFUSD K-12 Suspension Rate Native Hawaiian/ Pacific Islander        5.0        3.9        4.4        4.3        5.5

Table_name: 4ed_outcomes
 Data: 
 suffix                                 Variable                           Dem Typ  2012  2013  2014  2015  2016  2017
     % SFUSD Cohort High School Graduation Rate                               All  82.0  82.0  84.0  85.0  87.0  84.4
     % SFUSD Cohort High School Graduation Rate           African American/ Black  71.0  66.0  64.0  71.0  71.0  76.8
     % SFUSD Cohort High School Graduation Rate    American Indian/ Alaska Native  71.0  83.0  38.0  53.0  77.8  78.6
     % SFUSD Cohort High School Graduation Rate                             Asian  90.0  89.0  92.0  92.0  95.0  93.9
     % SFUSD Cohort High School Graduation Rate                          Filipino  84.0  86.0  89.0  90.0  91.0  89.0
     % SFUSD Cohort High School Graduation Rate                  Hispanic/ Latino  67.0  69.0  69.0  73.0  75.0  70.3
     % SFUSD Cohort High School Graduation Rate                        Mixed Race  78.0  73.0  90.0  94.0  90.9  85.2
     % SFUSD Cohort High School Graduation Rate Native Hawaiian/ Pacific Islander  71.0  80.0  72.0  88.0  87.0  79.6
     % SFUSD Cohort High School Graduation Rate                             White  82.0  83.0  87.0  85.0  84.0  84.4
     % SFUSD Cohort High School Graduation Rate                   English Learner   NaN  69.0  72.0  74.0  74.0   NaN",Primary & Secondary Education Outcomes
11,data\Train\Tableau\tab_034,"Table_name: 1ss_income
 Data: 
  year                        family_type  annual_self_sufficiency_standard  Unnamed: 3  Unnamed: 4  Unnamed: 5  Unnamed: 6
 2011                1 adult, 0 children                             30286         NaN         NaN         NaN         NaN
 2011  1 adult, 2 children (0-2y, 6-12y)                             74239         NaN         NaN         NaN         NaN
 2011 2 adults, 2 children (0-2y, 6-12y)                             77083         NaN         NaN         NaN         NaN
 2014                1 adult, 0 children                             33082         NaN         NaN         NaN         NaN
 2014  1 adult, 2 children (0-2y, 6-12y)                             80693         NaN         NaN         NaN         NaN
 2014 2 adults, 2 children (0-2y, 6-12y)                             83522         NaN         NaN         NaN         NaN

Table_name: 2econ_sf_time
 Data: 
     Geography Measure suffix        Type                                                  Variable  Year  error length  est_corr  lcl_corr  ucl_corr
San Francisco              % Percent (%) Percent of adults 25y+ with a bachelor's degree or higher  2005           NaN      50.2      49.1      51.3
San Francisco              % Percent (%) Percent of adults 25y+ with a bachelor's degree or higher  2005           2.2      50.2      49.1      51.3
San Francisco              % Percent (%) Percent of adults 25y+ with a bachelor's degree or higher  2006           NaN      50.3      49.2      51.4
San Francisco              % Percent (%) Percent of adults 25y+ with a bachelor's degree or higher  2006           2.2      50.3      49.2      51.4
San Francisco              % Percent (%) Percent of adults 25y+ with a bachelor's degree or higher  2007           NaN      50.1      49.0      51.2
San Francisco              % Percent (%) Percent of adults 25y+ with a bachelor's degree or higher  2007           2.2      50.1      49.0      51.2
San Francisco              % Percent (%) Percent of adults 25y+ with a bachelor's degree or higher  2008           NaN      51.3      50.2      52.4
San Francisco              % Percent (%) Percent of adults 25y+ with a bachelor's degree or higher  2008           2.2      51.3      50.2      52.4
San Francisco              % Percent (%) Percent of adults 25y+ with a bachelor's degree or higher  2009           NaN      51.5      50.4      52.6
San Francisco              % Percent (%) Percent of adults 25y+ with a bachelor's degree or higher  2009           2.2      51.5      50.4      52.6
San Francisco              % Percent (%) Percent of adults 25y+ with a bachelor's degree or higher  2010           NaN      52.5      51.4      53.6
San Francisco              % Percent (%) Percent of adults 25y+ with a bachelor's degree or higher  2010           2.2      52.5      51.4      53.6
San Francisco              % Percent (%) Percent of adults 25y+ with a bachelor's degree or higher  2011           NaN      52.5      51.4      53.6
San Francisco              % Percent (%) Percent of adults 25y+ with a bachelor's degree or higher  2011           2.2      52.5      51.4      53.6
San Francisco              % Percent (%) Percent of adults 25y+ with a bachelor's degree or higher  2012           NaN      53.2      52.1      54.3
San Francisco              % Percent (%) Percent of adults 25y+ with a bachelor's degree or higher  2012           2.2      53.2      52.1      54.3
San Francisco              % Percent (%) Percent of adults 25y+ with a bachelor's degree or higher  2013           NaN      53.2      52.1      54.3
San Francisco              % Percent (%) Percent of adults 25y+ with a bachelor's degree or higher  2013           2.2      53.2      52.1      54.3
San Francisco              % Percent (%) Percent of adults 25y+ with a bachelor's degree or higher  2014           NaN      54.0      53.0      55.0
San Francisco              % Percent (%) Percent of adults 25y+ with a bachelor's degree or higher  2014           2.0      54.0      53.0      55.0
San Francisco              % Percent (%) Percent of adults 25y+ with a bachelor's degree or higher  2015           NaN      55.3      54.3      56.3
San Francisco              % Percent (%) Percent of adults 25y+ with a bachelor's degree or higher  2015           2.0      55.3      54.3      56.3
San Francisco              % Percent (%) Percent of adults 25y+ with a bachelor's degree or higher  2016           NaN      57.3      56.3      58.3
San Francisco              % Percent (%) Percent of adults 25y+ with a bachelor's degree or higher  2016           2.0      57.3      56.3      58.3

Table_name: 3gini_chart
 Data: 
   metric  Solano County  Sonoma County  Contra Costa County  Alameda County  Napa County  Santa Clara County  San Mateo County  California  San Francisco County  Marin County
 US Gini          47.00          47.00                47.00           47.00        47.00               47.00             47.00       47.00                 47.00         47.00
est_corr          43.40          44.81                45.96           46.04        46.41               46.45             48.21       48.99                 50.29         52.45
lcl_corr          41.18          43.43                45.03           45.37        44.51               45.80             47.21       48.82                 49.24         51.05
ucl_corr          45.62          46.19                46.89           46.71        48.31               47.10             49.21       49.16                 51.34         53.85

Table_name: 4econ_gender
 Data: 
     Level  metric    All Female   Male
 <200%FPL     Est 25.19% 28.28% 22.62%
 <200%FPL Est Lci 22.48% 23.82% 19.15%
 <200%FPL Est Uci 27.90% 32.74% 26.09%
>=200%FPL     Est 74.81% 71.72% 77.38%
>=200%FPL Est Lci 72.10% 67.26% 73.91%
>=200%FPL Est Uci 77.52% 76.18% 80.85%

Table_name: 5econ_race
 Data: 
                             Level  metric    All  Asian Black/ African American Latino/a  White Two or More Races
        Master's Degree or Higher     Est 19.63% 13.50%                     NaN   10.40% 28.63%               NaN
        Master's Degree or Higher Est Lci 17.46% 10.35%                     NaN    5.38% 25.22%               NaN
        Master's Degree or Higher Est Uci 21.80% 16.64%                     NaN   15.42% 32.03%               NaN
                Bachelor's Degree     Est 33.82% 28.14%                     NaN   21.29% 43.93%            40.17%
                Bachelor's Degree Est Lci 30.93% 23.79%                     NaN   14.92% 39.82%            25.40%
                Bachelor's Degree Est Uci 36.70% 32.50%                     NaN   27.65% 48.03%            54.94%
 Some College or Associate Degree     Est 20.67% 19.21%                  38.72%   24.62% 18.03%            26.06%
 Some College or Associate Degree Est Lci 18.55% 15.60%                  26.15%   17.02% 14.93%            13.77%
 Some College or Associate Degree Est Uci 22.78% 22.82%                  51.29%   32.23% 21.14%            38.36%
High School Gradute or Equivalent     Est 13.03% 16.30%                  24.51%   19.56%  7.16%               NaN
High School Gradute or Equivalent Est Lci 10.85% 11.83%                  12.45%   12.08%  4.80%               NaN
High School Gradute or Equivalent Est Uci 15.20% 20.76%                  36.57%   27.05%  9.52%               NaN
            Less than High School     Est 12.86% 22.85%                     NaN   24.12%    NaN               NaN
            Less than High School Est Lci 10.95% 18.74%                     NaN   16.12%    NaN               NaN
            Less than High School Est Uci 14.77% 26.97%                     NaN   32.13%    NaN               NaN

Table_name: 6econ_age
 Data: 
                             Level  metric  25-34  35-44  45-54  55-64  65-74    75+    All
        Master's Degree or Higher     Est 21.65% 26.03% 18.58% 14.88% 18.36%  9.80% 19.63%
        Master's Degree or Higher Est Lci 17.15% 21.68% 14.47% 10.20% 13.21%  5.32% 17.46%
        Master's Degree or Higher Est Uci 26.14% 30.38% 22.69% 19.57% 23.51% 14.28% 21.80%
                Bachelor's Degree     Est 50.32% 36.29% 28.15% 23.71% 20.78% 16.54% 33.82%
                Bachelor's Degree Est Lci 44.89% 30.66% 23.29% 18.20% 15.18%  9.88% 30.93%
                Bachelor's Degree Est Uci 55.74% 41.91% 33.01% 29.23% 26.38% 23.20% 36.70%
 Some College or Associate Degree     Est 16.29% 19.46% 24.61% 24.90% 23.23% 19.96% 20.67%
 Some College or Associate Degree Est Lci 12.41% 15.28% 19.48% 19.68% 17.60% 13.02% 18.55%
 Some College or Associate Degree Est Uci 20.18% 23.64% 29.75% 30.12% 28.86% 26.89% 22.78%
High School Gradute or Equivalent     Est  7.10% 10.50% 16.33% 17.51% 15.50% 21.52% 13.03%
High School Gradute or Equivalent Est Lci  4.15%  6.98% 10.81% 12.33% 10.37% 13.92% 10.85%
High School Gradute or Equivalent Est Uci 10.06% 14.03% 21.85% 22.69% 20.62% 29.13% 15.20%
            Less than High School     Est  4.64%  7.72% 12.33% 19.00% 22.14% 32.18% 12.86%
            Less than High School Est Lci  2.33%  4.69%  7.67% 14.02% 15.82% 24.23% 10.95%
            Less than High School Est Uci  6.94% 10.76% 16.99% 23.98% 28.45% 40.13% 14.77%

Table_name: 7econ_poverty
 Data: 
                             Level  metric <200% FPL >=200% FPL    All
        Master's Degree or Higher     Est     8.18%     23.40% 19.63%
        Master's Degree or Higher Est Lci     5.22%     20.58% 17.46%
        Master's Degree or Higher Est Uci    11.15%     26.21% 21.80%
                Bachelor's Degree     Est    18.24%     38.84% 33.82%
                Bachelor's Degree Est Lci    13.39%     35.70% 30.93%
                Bachelor's Degree Est Uci    23.09%     41.99% 36.70%
 Some College or Associate Degree     Est    23.95%     19.64% 20.67%
 Some College or Associate Degree Est Lci    19.01%     17.20% 18.55%
 Some College or Associate Degree Est Uci    28.88%     22.08% 22.78%
High School Gradute or Equivalent     Est    20.67%     10.44% 13.03%
High School Gradute or Equivalent Est Lci    14.94%      8.47% 10.85%
High School Gradute or Equivalent Est Uci    26.39%     12.42% 15.20%
            Less than High School     Est    28.96%      7.68% 12.86%
            Less than High School Est Lci    23.45%      5.89% 10.95%
            Less than High School Est Uci    34.47%      9.47% 14.77%",Economic Environment Story
12,data\Train\Tableau\tab_035,"Table_name: 2Trends - All Persons by Setting
 Data: 
     Setting1  2018  2019  2020  2021  2022
   Emergency   739   743   742   869 1,151
Transitional   311   241   254   217   177
 Unsheltered    51    71   108   181   248

Table_name: 3Trends - Family members
 Data: 
  Year of Year  family_member_count
         2018                  354
         2019                  325
         2020                  381
         2021                  474
         2022                  506

Table_name: 4Trends - Individuals
 Data: 
  Year of Year individual_count
         2018              747
         2019              730
         2020              723
         2021              793
         2022            1,070

Table_name: 5Trends - Unsheltered
 Data: 
  Year of Year  unsheltered_count
         2018                 51
         2019                 71
         2020                108
         2021                181
         2022                248

Table_name: 6Trends - Youth 18-24
 Data: 
    HH Type1  2018  2019  2020  2021  2022
   Families    34    13    21    41    36
Individuals    39    26    27    55    65

Table_name: 7Race
 Data: 
 Metric (RICH PIT 2016-2021 subpopulatio) Below Poverty General Population Families Experiencing Homelessness Individuals Experiencing Homelessness
                Asian, AIAN, Hawaiian|PI           16%                 5%                                 3%                                    3%
               Black or African-American           11%                 9%                                28%                                   22%
                          Multiple Races           19%                 3%                                10%                                    6%
                                   White           64%                84%                                59%                                   69%

Table_name: 8Point in Time Count Data
 Data: 
                 Descriptive1                                          Measure1  2018  2019  2020  2021  2022
Populations / Subpopulations          Total Number of Persons - Adult-Only HHs 747.0 730.0 723.0 793.0 1,070
Populations / Subpopulations    Total Number of Persons - Adults with Children 354.0 325.0 381.0 474.0   506
Populations / Subpopulations Total Number of Households - Adults with Children 121.0 111.0 121.0 153.0   155
Populations / Subpopulations                        Total Number of CH persons 264.0 198.0 226.0 357.0   497
Populations / Subpopulations                     Total Number of CH households  12.0 189.0  11.0  14.0    23
Populations / Subpopulations           Total Number of Households - Child Only   NaN   NaN   NaN   NaN     1
Populations / Subpopulations          Total Number of Persons - Child-Only HHs   NaN   NaN   NaN   NaN     1
                        Race                  American Indian or Alaska Native  19.0  17.0  24.0  18.0    37
                        Race                                             Asian  14.0   8.0   6.0   5.0     8
                        Race                         Black or African-American 289.0 309.0 322.0 437.0   384
                        Race                                    Multiple Races 116.0  62.0  90.0 134.0   113
                        Race         Native Hawaiian or Other Pacific Islander   1.0   4.0   6.0   9.0     5
                        Race                                             White 662.0 655.0 656.0 777.0 1,030
                   Ethnicity                                   Hispanic/Latino 268.0 256.0 247.0 307.0   348
                   Ethnicity                           Non-Hispanic/Non-Latino 833.0 799.0 857.0 960.0 1,229
                      Gender                                            Female 420.0 358.0 431.0 522.0   622
                      Gender                             Gender Non-Conforming   0.0   0.0   1.0   0.0     6
                      Gender                                              Male 677.0 690.0 667.0 739.0   940
                      Gender                                       Transgender   4.0   7.0   5.0   6.0     9
                   Age Group                    Number of Persons Under 18 yrs 206.0 197.0 238.0 290.0   317
                   Age Group                     Number of Persons 18 - 24 yrs  73.0  39.0  48.0  96.0   101
                   Age Group                         Number of Persons 25+ yrs 822.0 819.0 818.0 881.0 1,159",2022 RI PIT Storybook Homelessness
13,data\Train\Tableau\tab_036,"Table_name: 1_1Customers
 Data: 
   usertype customer_count
  Customer         41,076
Subscriber        560,337

Table_name: 1_2Gender
 Data: 
  gender     count
 Female   588,431
   Male 1,530,272
Unknown   225,521

Table_name: 1_3Trip by Day
 Data: 
   usertype  Monday Tuesday Wednesday Thursday  Friday Saturday  Sunday
  Customer  47,403  42,185    31,229   55,526  64,259  123,186  80,077
Subscriber 269,351 280,379   234,675  353,679 320,402  253,470 188,403

Table_name: 2Duration by Hour
 Data: 
  hour   usertype  avg_trip_duration_min trip_count  Unnamed: 4  Unnamed: 5  Unnamed: 6  Unnamed: 7  Unnamed: 8  Unnamed: 9  Unnamed: 10  Unnamed: 11  Unnamed: 12  Unnamed: 13  Unnamed: 14  Unnamed: 15  Unnamed: 16  Unnamed: 17  Unnamed: 18  Unnamed: 19  Unnamed: 20  Unnamed: 21  Unnamed: 22  Unnamed: 23  Unnamed: 24  Unnamed: 25  Unnamed: 26  Unnamed: 27  Unnamed: 28  Unnamed: 29  Unnamed: 30  Unnamed: 31  Unnamed: 32  Unnamed: 33  Unnamed: 34  Unnamed: 35  Unnamed: 36  Unnamed: 37  Unnamed: 38  Unnamed: 39  Unnamed: 40  Unnamed: 41  Unnamed: 42  Unnamed: 43  Unnamed: 44  Unnamed: 45  Unnamed: 46  Unnamed: 47  Unnamed: 48
    0   Customer                     41       6632         NaN         NaN         NaN         NaN         NaN         NaN          NaN          NaN          NaN          NaN          NaN          NaN          NaN          NaN          NaN          NaN          NaN          NaN          NaN          NaN          NaN          NaN          NaN          NaN          NaN          NaN          NaN          NaN          NaN          NaN          NaN          NaN          NaN          NaN          NaN          NaN          NaN          NaN          NaN          NaN          NaN          NaN          NaN          NaN          NaN
    0 Subscriber                     14      26675         NaN         NaN         NaN         NaN         NaN         NaN          NaN          NaN          NaN          NaN          NaN          NaN          NaN          NaN          NaN          NaN          NaN          NaN          NaN          NaN          NaN          NaN          NaN          NaN          NaN          NaN          NaN          NaN          NaN          NaN          NaN          NaN          NaN          NaN          NaN          NaN          NaN          NaN          NaN          NaN          NaN          NaN          NaN          NaN          NaN
    1   Customer                     34       4184         NaN         NaN         NaN         NaN         NaN         NaN          NaN          NaN          NaN          NaN          NaN          NaN          NaN          NaN          NaN          NaN          NaN          NaN          NaN          NaN          NaN          NaN          NaN          NaN          NaN          NaN          NaN          NaN          NaN          NaN          NaN          NaN          NaN          NaN          NaN          NaN          NaN          NaN          NaN          NaN          NaN          NaN          NaN          NaN          NaN
    1 Subscriber                     13     15,169         NaN         NaN         NaN         NaN         NaN         NaN          NaN          NaN          NaN          NaN          NaN          NaN          NaN          NaN          NaN          NaN          NaN          NaN          NaN          NaN          NaN          NaN          NaN          NaN          NaN          NaN          NaN          NaN          NaN          NaN          NaN          NaN          NaN          NaN          NaN          NaN          NaN          NaN          NaN          NaN          NaN          NaN          NaN          NaN          NaN
    2   Customer                     81       2672         NaN         NaN         NaN         NaN         NaN         NaN          NaN          NaN          NaN          NaN          NaN          NaN          NaN          NaN          NaN          NaN          NaN          NaN          NaN          NaN          NaN          NaN          NaN          NaN          NaN          NaN          NaN          NaN          NaN          NaN          NaN          NaN          NaN          NaN          NaN          NaN          NaN          NaN          NaN          NaN          NaN          NaN          NaN          NaN          NaN
    2 Subscriber                     15       9695         NaN         NaN         NaN         NaN         NaN         NaN          NaN          NaN          NaN          NaN          NaN          NaN          NaN          NaN          NaN          NaN          NaN          NaN          NaN          NaN          NaN          NaN          NaN          NaN          NaN          NaN          NaN          NaN          NaN          NaN          NaN          NaN          NaN          NaN          NaN          NaN          NaN          NaN          NaN          NaN          NaN          NaN          NaN          NaN          NaN
    3   Customer                     49       1597         NaN         NaN         NaN         NaN         NaN         NaN          NaN          NaN          NaN          NaN          NaN          NaN          NaN          NaN          NaN          NaN          NaN          NaN          NaN          NaN          NaN          NaN          NaN          NaN          NaN          NaN          NaN          NaN          NaN          NaN          NaN          NaN          NaN          NaN          NaN          NaN          NaN          NaN          NaN          NaN          NaN          NaN          NaN          NaN          NaN
    3 Subscriber                     13       6321         NaN         NaN         NaN         NaN         NaN         NaN          NaN          NaN          NaN          NaN          NaN          NaN          NaN          NaN          NaN          NaN          NaN          NaN          NaN          NaN          NaN          NaN          NaN          NaN          NaN          NaN          NaN          NaN          NaN          NaN          NaN          NaN          NaN          NaN          NaN          NaN          NaN          NaN          NaN          NaN          NaN          NaN          NaN          NaN          NaN
    4   Customer                     82       1058         NaN         NaN         NaN         NaN         NaN         NaN          NaN          NaN          NaN          NaN          NaN          NaN          NaN          NaN          NaN          NaN          NaN          NaN          NaN          NaN          NaN          NaN          NaN          NaN          NaN          NaN          NaN          NaN          NaN          NaN          NaN          NaN          NaN          NaN          NaN          NaN          NaN          NaN          NaN          NaN          NaN          NaN          NaN          NaN          NaN
    4 Subscriber                     22       6760         NaN         NaN         NaN         NaN         NaN         NaN          NaN          NaN          NaN          NaN          NaN          NaN          NaN          NaN          NaN          NaN          NaN          NaN          NaN          NaN          NaN          NaN          NaN          NaN          NaN          NaN          NaN          NaN          NaN          NaN          NaN          NaN          NaN          NaN          NaN          NaN          NaN          NaN          NaN          NaN          NaN          NaN          NaN          NaN          NaN
    5   Customer                     28       1444         NaN         NaN         NaN         NaN         NaN         NaN          NaN          NaN          NaN          NaN          NaN          NaN          NaN          NaN          NaN          NaN          NaN          NaN          NaN          NaN          NaN          NaN          NaN          NaN          NaN          NaN          NaN          NaN          NaN          NaN          NaN          NaN          NaN          NaN          NaN          NaN          NaN          NaN          NaN          NaN          NaN          NaN          NaN          NaN          NaN
    5 Subscriber                     10      20867         NaN         NaN         NaN         NaN         NaN         NaN          NaN          NaN          NaN          NaN          NaN          NaN          NaN          NaN          NaN          NaN          NaN          NaN          NaN          NaN          NaN          NaN          NaN          NaN          NaN          NaN          NaN          NaN          NaN          NaN          NaN          NaN          NaN          NaN          NaN          NaN          NaN          NaN          NaN          NaN          NaN          NaN          NaN          NaN          NaN
    6   Customer                     22       3521         NaN         NaN         NaN         NaN         NaN         NaN          NaN          NaN          NaN          NaN          NaN          NaN          NaN          NaN          NaN          NaN          NaN          NaN          NaN          NaN          NaN          NaN          NaN          NaN          NaN          NaN          NaN          NaN          NaN          NaN          NaN          NaN          NaN          NaN          NaN          NaN          NaN          NaN          NaN          NaN          NaN          NaN          NaN          NaN          NaN
    6 Subscriber                     11      67631         NaN         NaN         NaN         NaN         NaN         NaN          NaN          NaN          NaN          NaN          NaN          NaN          NaN          NaN          NaN          NaN          NaN          NaN          NaN          NaN          NaN          NaN          NaN          NaN          NaN          NaN          NaN          NaN          NaN          NaN          NaN          NaN          NaN          NaN          NaN          NaN          NaN          NaN          NaN          NaN          NaN          NaN          NaN          NaN          NaN
    7   Customer                     24       7304         NaN         NaN         NaN         NaN         NaN         NaN          NaN          NaN          NaN          NaN          NaN          NaN          NaN          NaN          NaN          NaN          NaN          NaN          NaN          NaN          NaN          NaN          NaN          NaN          NaN          NaN          NaN          NaN          NaN          NaN          NaN          NaN          NaN          NaN          NaN          NaN          NaN          NaN          NaN          NaN          NaN          NaN          NaN          NaN          NaN
    7 Subscriber                     12     136524         NaN         NaN         NaN         NaN         NaN         NaN          NaN          NaN          NaN          NaN          NaN          NaN          NaN          NaN          NaN          NaN          NaN          NaN          NaN          NaN          NaN          NaN          NaN          NaN          NaN          NaN          NaN          NaN          NaN          NaN          NaN          NaN          NaN          NaN          NaN          NaN          NaN          NaN          NaN          NaN          NaN          NaN          NaN          NaN          NaN
    8   Customer                     24      14233         NaN         NaN         NaN         NaN         NaN         NaN          NaN          NaN          NaN          NaN          NaN          NaN          NaN          NaN          NaN          NaN          NaN          NaN          NaN          NaN          NaN          NaN          NaN          NaN          NaN          NaN          NaN          NaN          NaN          NaN          NaN          NaN          NaN          NaN          NaN          NaN          NaN          NaN          NaN          NaN          NaN          NaN          NaN          NaN          NaN
    8 Subscriber                     12     234469         NaN         NaN         NaN         NaN         NaN         NaN          NaN          NaN          NaN          NaN          NaN          NaN          NaN          NaN          NaN          NaN          NaN          NaN          NaN          NaN          NaN          NaN          NaN          NaN          NaN          NaN          NaN          NaN          NaN          NaN          NaN          NaN          NaN          NaN          NaN          NaN          NaN          NaN          NaN          NaN          NaN          NaN          NaN          NaN          NaN
    9   Customer                     28      19539         NaN         NaN         NaN         NaN         NaN         NaN          NaN          NaN          NaN          NaN          NaN          NaN          NaN          NaN          NaN          NaN          NaN          NaN          NaN          NaN          NaN          NaN          NaN          NaN          NaN          NaN          NaN          NaN          NaN          NaN          NaN          NaN          NaN          NaN          NaN          NaN          NaN          NaN          NaN          NaN          NaN          NaN          NaN          NaN          NaN
    9 Subscriber                     12     189344         NaN         NaN         NaN         NaN         NaN         NaN          NaN          NaN          NaN          NaN          NaN          NaN          NaN          NaN          NaN          NaN          NaN          NaN          NaN          NaN          NaN          NaN          NaN          NaN          NaN          NaN          NaN          NaN          NaN          NaN          NaN          NaN          NaN          NaN          NaN          NaN          NaN          NaN          NaN          NaN          NaN          NaN          NaN          NaN          NaN
   10   Customer                     30      27001         NaN         NaN         NaN         NaN         NaN         NaN          NaN          NaN          NaN          NaN          NaN          NaN          NaN          NaN          NaN          NaN          NaN          NaN          NaN          NaN          NaN          NaN          NaN          NaN          NaN          NaN          NaN          NaN          NaN          NaN          NaN          NaN          NaN          NaN          NaN          NaN          NaN          NaN          NaN          NaN          NaN          NaN          NaN          NaN          NaN
   10 Subscriber                     13     130008         NaN         NaN         NaN         NaN         NaN         NaN          NaN          NaN          NaN          NaN          NaN          NaN          NaN          NaN          NaN          NaN          NaN          NaN          NaN          NaN          NaN          NaN          NaN          NaN          NaN          NaN          NaN          NaN          NaN          NaN          NaN          NaN          NaN          NaN          NaN          NaN          NaN          NaN          NaN          NaN          NaN          NaN          NaN          NaN          NaN
   11   Customer                     33      35797         NaN         NaN         NaN         NaN         NaN         NaN          NaN          NaN          NaN          NaN          NaN          NaN          NaN          NaN          NaN          NaN          NaN          NaN          NaN          NaN          NaN          NaN          NaN          NaN          NaN          NaN          NaN          NaN          NaN          NaN          NaN          NaN          NaN          NaN          NaN          NaN          NaN          NaN          NaN          NaN          NaN          NaN          NaN          NaN          NaN
   11 Subscriber                     13     133161         NaN         NaN         NaN         NaN         NaN         NaN          NaN          NaN          NaN          NaN          NaN          NaN          NaN          NaN          NaN          NaN          NaN          NaN          NaN          NaN          NaN          NaN          NaN          NaN          NaN          NaN          NaN          NaN          NaN          NaN          NaN          NaN          NaN          NaN          NaN          NaN          NaN          NaN          NaN          NaN          NaN          NaN          NaN          NaN          NaN
   12   Customer                     36      40299         NaN         NaN         NaN         NaN         NaN         NaN          NaN          NaN          NaN          NaN          NaN          NaN          NaN          NaN          NaN          NaN          NaN          NaN          NaN          NaN          NaN          NaN          NaN          NaN          NaN          NaN          NaN          NaN          NaN          NaN          NaN          NaN          NaN          NaN          NaN          NaN          NaN          NaN          NaN          NaN          NaN          NaN          NaN          NaN          NaN
   12 Subscriber                     13     147996         NaN         NaN         NaN         NaN         NaN         NaN          NaN          NaN          NaN          NaN          NaN          NaN          NaN          NaN          NaN          NaN          NaN          NaN          NaN          NaN          NaN          NaN          NaN          NaN          NaN          NaN          NaN          NaN          NaN          NaN          NaN          NaN          NaN          NaN          NaN          NaN          NaN          NaN          NaN          NaN          NaN          NaN          NaN          NaN          NaN
   13   Customer                     34      41473         NaN         NaN         NaN         NaN         NaN         NaN          NaN          NaN          NaN          NaN          NaN          NaN          NaN          NaN          NaN          NaN          NaN          NaN          NaN          NaN          NaN          NaN          NaN          NaN          NaN          NaN          NaN          NaN          NaN          NaN          NaN          NaN          NaN          NaN          NaN          NaN          NaN          NaN          NaN          NaN          NaN          NaN          NaN          NaN          NaN
   13 Subscriber                     13     147836         NaN         NaN         NaN         NaN         NaN         NaN          NaN          NaN          NaN          NaN          NaN          NaN          NaN          NaN          NaN          NaN          NaN          NaN          NaN          NaN          NaN          NaN          NaN          NaN          NaN          NaN          NaN          NaN          NaN          NaN          NaN          NaN          NaN          NaN          NaN          NaN          NaN          NaN          NaN          NaN          NaN          NaN          NaN          NaN          NaN
   14   Customer                     34      43592         NaN         NaN         NaN         NaN         NaN         NaN          NaN          NaN          NaN          NaN          NaN          NaN          NaN          NaN          NaN          NaN          NaN          NaN          NaN          NaN          NaN          NaN          NaN          NaN          NaN          NaN          NaN          NaN          NaN          NaN          NaN          NaN          NaN          NaN          NaN          NaN          NaN          NaN          NaN          NaN          NaN          NaN          NaN          NaN          NaN
   14 Subscriber                     13     151106         NaN         NaN         NaN         NaN         NaN         NaN          NaN          NaN          NaN          NaN          NaN          NaN          NaN          NaN          NaN          NaN          NaN          NaN          NaN          NaN          NaN          NaN          NaN          NaN          NaN          NaN          NaN          NaN          NaN          NaN          NaN          NaN          NaN          NaN          NaN          NaN          NaN          NaN          NaN          NaN          NaN          NaN          NaN          NaN          NaN
   15   Customer                     34      44874         NaN         NaN         NaN         NaN         NaN         NaN          NaN          NaN          NaN          NaN          NaN          NaN          NaN          NaN          NaN          NaN          NaN          NaN          NaN          NaN          NaN          NaN          NaN          NaN          NaN          NaN          NaN          NaN          NaN          NaN          NaN          NaN          NaN          NaN          NaN          NaN          NaN          NaN          NaN          NaN          NaN          NaN          NaN          NaN          NaN
   15 Subscriber                     14     159734         NaN         NaN         NaN         NaN         NaN         NaN          NaN          NaN          NaN          NaN          NaN          NaN          NaN          NaN          NaN          NaN          NaN          NaN          NaN          NaN          NaN          NaN          NaN          NaN          NaN          NaN          NaN          NaN          NaN          NaN          NaN          NaN          NaN          NaN          NaN          NaN          NaN          NaN          NaN          NaN          NaN          NaN          NaN          NaN          NaN
   16   Customer                     33      43702         NaN         NaN         NaN         NaN         NaN         NaN          NaN          NaN          NaN          NaN          NaN          NaN          NaN          NaN          NaN          NaN          NaN          NaN          NaN          NaN          NaN          NaN          NaN          NaN          NaN          NaN          NaN          NaN          NaN          NaN          NaN          NaN          NaN          NaN          NaN          NaN          NaN          NaN          NaN          NaN          NaN          NaN          NaN          NaN          NaN
   16 Subscriber                     13     184616         NaN         NaN         NaN         NaN         NaN         NaN          NaN          NaN          NaN          NaN          NaN          NaN          NaN          NaN          NaN          NaN          NaN          NaN          NaN          NaN          NaN          NaN          NaN          NaN          NaN          NaN          NaN          NaN          NaN          NaN          NaN          NaN          NaN          NaN          NaN          NaN          NaN          NaN          NaN          NaN          NaN          NaN          NaN          NaN          NaN
   17   Customer                     33      43609         NaN         NaN         NaN         NaN         NaN         NaN          NaN          NaN          NaN          NaN          NaN          NaN          NaN          NaN          NaN          NaN          NaN          NaN          NaN          NaN          NaN          NaN          NaN          NaN          NaN          NaN          NaN          NaN          NaN          NaN          NaN          NaN          NaN          NaN          NaN          NaN          NaN          NaN          NaN          NaN          NaN          NaN          NaN          NaN          NaN
   17 Subscriber                     14     259250         NaN         NaN         NaN         NaN         NaN         NaN          NaN          NaN          NaN          NaN          NaN          NaN          NaN          NaN          NaN          NaN          NaN          NaN          NaN          NaN          NaN          NaN          NaN          NaN          NaN          NaN          NaN          NaN          NaN          NaN          NaN          NaN          NaN          NaN          NaN          NaN          NaN          NaN          NaN          NaN          NaN          NaN          NaN          NaN          NaN
   18   Customer                     35      39975         NaN         NaN         NaN         NaN         NaN         NaN          NaN          NaN          NaN          NaN          NaN          NaN          NaN          NaN          NaN          NaN          NaN          NaN          NaN          NaN          NaN          NaN          NaN          NaN          NaN          NaN          NaN          NaN          NaN          NaN          NaN          NaN          NaN          NaN          NaN          NaN          NaN          NaN          NaN          NaN          NaN          NaN          NaN          NaN          NaN
   18 Subscriber                     14     247566         NaN         NaN         NaN         NaN         NaN         NaN          NaN          NaN          NaN          NaN          NaN          NaN          NaN          NaN          NaN          NaN          NaN          NaN          NaN          NaN          NaN          NaN          NaN          NaN          NaN          NaN          NaN          NaN          NaN          NaN          NaN          NaN          NaN          NaN          NaN          NaN          NaN          NaN          NaN          NaN          NaN          NaN          NaN          NaN          NaN
   19   Customer                     38      33844         NaN         NaN         NaN         NaN         NaN         NaN          NaN          NaN          NaN          NaN          NaN          NaN          NaN          NaN          NaN          NaN          NaN          NaN          NaN          NaN          NaN          NaN          NaN          NaN          NaN          NaN          NaN          NaN          NaN          NaN          NaN          NaN          NaN          NaN          NaN          NaN          NaN          NaN          NaN          NaN          NaN          NaN          NaN          NaN          NaN
   19 Subscriber                     14     181681         NaN         NaN         NaN         NaN         NaN         NaN          NaN          NaN          NaN          NaN          NaN          NaN          NaN          NaN          NaN          NaN          NaN          NaN          NaN          NaN          NaN          NaN          NaN          NaN          NaN          NaN          NaN          NaN          NaN          NaN          NaN          NaN          NaN          NaN          NaN          NaN          NaN          NaN          NaN          NaN          NaN          NaN          NaN          NaN          NaN
   20   Customer                     36      23359         NaN         NaN         NaN         NaN         NaN         NaN          NaN          NaN          NaN          NaN          NaN          NaN          NaN          NaN          NaN          NaN          NaN          NaN          NaN          NaN          NaN          NaN          NaN          NaN          NaN          NaN          NaN          NaN          NaN          NaN          NaN          NaN          NaN          NaN          NaN          NaN          NaN          NaN          NaN          NaN          NaN          NaN          NaN          NaN          NaN
   20 Subscriber                     14     122505         NaN         NaN         NaN         NaN         NaN         NaN          NaN          NaN          NaN          NaN          NaN          NaN          NaN          NaN          NaN          NaN          NaN          NaN          NaN          NaN          NaN          NaN          NaN          NaN          NaN          NaN          NaN          NaN          NaN          NaN          NaN          NaN          NaN          NaN          NaN          NaN          NaN          NaN          NaN          NaN          NaN          NaN          NaN          NaN          NaN
   21   Customer                     36      17376         NaN         NaN         NaN         NaN         NaN         NaN          NaN          NaN          NaN          NaN          NaN          NaN          NaN          NaN          NaN          NaN          NaN          NaN          NaN          NaN          NaN          NaN          NaN          NaN          NaN          NaN          NaN          NaN          NaN          NaN          NaN          NaN          NaN          NaN          NaN          NaN          NaN          NaN          NaN          NaN          NaN          NaN          NaN          NaN          NaN
   21 Subscriber                     14      87624         NaN         NaN         NaN         NaN         NaN         NaN          NaN          NaN          NaN          NaN          NaN          NaN          NaN          NaN          NaN          NaN          NaN          NaN          NaN          NaN          NaN          NaN          NaN          NaN          NaN          NaN          NaN          NaN          NaN          NaN          NaN          NaN          NaN          NaN          NaN          NaN          NaN          NaN          NaN          NaN          NaN          NaN          NaN          NaN          NaN
   22   Customer                     37      14140         NaN         NaN         NaN         NaN         NaN         NaN          NaN          NaN          NaN          NaN          NaN          NaN          NaN          NaN          NaN          NaN          NaN          NaN          NaN          NaN          NaN          NaN          NaN          NaN          NaN          NaN          NaN          NaN          NaN          NaN          NaN          NaN          NaN          NaN          NaN          NaN          NaN          NaN          NaN          NaN          NaN          NaN          NaN          NaN          NaN
   22 Subscriber                     14      66670         NaN         NaN         NaN         NaN         NaN         NaN          NaN          NaN          NaN          NaN          NaN          NaN          NaN          NaN          NaN          NaN          NaN          NaN          NaN          NaN          NaN          NaN          NaN          NaN          NaN          NaN          NaN          NaN          NaN          NaN          NaN          NaN          NaN          NaN          NaN          NaN          NaN          NaN          NaN          NaN          NaN          NaN          NaN          NaN          NaN
   23   Customer                     43      10265         NaN         NaN         NaN         NaN         NaN         NaN          NaN          NaN          NaN          NaN          NaN          NaN          NaN          NaN          NaN          NaN          NaN          NaN          NaN          NaN          NaN          NaN          NaN          NaN          NaN          NaN          NaN          NaN          NaN          NaN          NaN          NaN          NaN          NaN          NaN          NaN          NaN          NaN          NaN          NaN          NaN          NaN          NaN          NaN          NaN
   23 Subscriber                     14      44736         NaN         NaN         NaN         NaN         NaN         NaN          NaN          NaN          NaN          NaN          NaN          NaN          NaN          NaN          NaN          NaN          NaN          NaN          NaN          NaN          NaN          NaN          NaN          NaN          NaN          NaN          NaN          NaN          NaN          NaN          NaN          NaN          NaN          NaN          NaN          NaN          NaN          NaN          NaN          NaN          NaN          NaN          NaN          NaN          NaN

Table_name: 3Temperature
 Data: 
 CITY  January  February  March  April   May  June  July  August  September  October  November  December
  DM    21.35     21.86  35.95  48.22 64.87 73.88 77.15   74.05      68.98    49.39     33.57     31.24
 NYC    32.14     38.10  40.18  50.89 63.25 71.53 78.92   77.37      70.99    59.19     44.57     39.26

Table_name: 4Prcp
 Data: 
 CITY  January  February  March  April    May   June   July  August  September  October  November  December
  DM   0.0375    0.0620 0.0689 0.0546 0.2613 0.2271 0.1593  0.1541     0.2407   0.1720    0.0526    0.0550
 NYC   0.1328    0.1766 0.1526 0.1789 0.2043 0.1502 0.2188  0.2006     0.1517   0.1803    0.1829    0.2251",NYC Citi Bike Dashboard
14,data\Train\Tableau\tab_037,"Table_name: 1Heating type trends in Maine
 Data: 
                     fuel_type    1940    1950    1960    1970    1980    1990    2000    2010
               Fuel oil units  35,246 125,233 227,648 278,083 281,766 323,392 415,596 408,384
Bottled, tank or LP gas units     NaN   1,753   2,243   4,241   4,742   8,841  25,392  34,721
            Electricity units     NaN     501     561   5,756  41,890  54,442  22,801  25,903
                No fuel units   1,495   3,256     280       0     395     465     518   1,102
            Utility gas units     427   3,757   5,607   5,453   5,928   8,376  18,137  21,494
                   Wood units 113,427  60,613  23,550   6,361  59,673  65,609  33,165  54,010

Table_name: 2National heating type trends
 Data: 
                     fuel_type      1940       1950       1960       1970       1980       1990       2000       2010
               Fuel oil units 3,360,155  9,351,191 16,927,361 16,198,305 14,367,427 10,930,033  9,042,123  7,649,100
Bottled, tank or LP gas units       NaN    979,943  2,685,078  3,797,233  4,534,138  5,231,167  6,862,183  6,093,009
            Electricity units       NaN    277,783    934,655  4,870,962 14,730,533 23,640,408 31,985,475 39,044,520
                No fuel units   262,471    564,118    480,842    395,190    536,194    546,884    737,240  1,023,217
            Utility gas units 3,837,317 11,115,752 22,841,161 35,008,871 42,660,046 46,838,745 53,998,137 57,004,745
                   Wood units 7,622,032  4,118,879  2,210,064    790,661  2,517,297  3,548,324  1,743,423  2,199,359

Table_name: 3Sheet 7
 Data: 
            Price scenario   1990   1991   1992   1993   1994   1995   1996   1997   1998   1999   2000   2001   2002   2003   2004    2005   2006   2007   2008   2009   2010   2011   2012   2013   2014   2015   2016   2017   2018   2019   2020   2021   2022   2023   2024   2025   2026   2027   2028   2029   2030   2031   2032   2033   2034   2035   2036   2037   2038    2039    2040
     High Economic Growth    NaN    NaN    NaN    NaN    NaN    NaN    NaN    NaN    NaN    NaN    NaN    NaN    NaN    NaN    NaN     NaN    NaN    NaN    NaN    NaN    NaN    NaN    NaN $3.61  $3.83  $3.83  $4.15  $4.49  $4.99  $4.87  $4.59  $4.72  $4.78  $5.04  $5.20  $5.41  $5.56  $5.71  $5.86  $6.15  $6.39  $6.57  $6.84  $6.99  $7.12  $7.31  $7.28  $7.50  $7.77   $8.05   $8.15 
High Oil and Gas Resource    NaN    NaN    NaN    NaN    NaN    NaN    NaN    NaN    NaN    NaN    NaN    NaN    NaN    NaN    NaN     NaN    NaN    NaN    NaN    NaN    NaN    NaN    NaN $3.75  $3.47  $3.40  $3.71  $3.73  $3.93  $4.07  $4.34  $4.44  $4.58  $4.72  $4.63  $4.59  $4.24  $3.99  $4.09  $4.21  $4.25  $4.35  $4.40  $4.53  $4.59  $4.66  $4.68  $4.73  $4.68   $4.60   $4.58 
      Low Economic Growth    NaN    NaN    NaN    NaN    NaN    NaN    NaN    NaN    NaN    NaN    NaN    NaN    NaN    NaN    NaN     NaN    NaN    NaN    NaN    NaN    NaN    NaN    NaN $3.61  $3.73  $3.72  $4.12  $4.37  $4.63  $4.74  $4.51  $4.44  $4.48  $4.70  $4.80  $4.97  $5.13  $5.27  $5.37  $5.55  $5.65  $5.85  $6.05  $6.20  $6.27  $6.56  $6.70  $6.69  $6.94   $7.16   $7.19 
 Low Oil and Gas Resource    NaN    NaN    NaN    NaN    NaN    NaN    NaN    NaN    NaN    NaN    NaN    NaN    NaN    NaN    NaN     NaN    NaN    NaN    NaN    NaN    NaN    NaN    NaN $3.65  $3.80  $3.95  $4.43  $4.86  $5.08  $5.13  $5.28  $5.54  $5.85  $6.15  $6.45  $6.87  $7.20  $7.47  $7.73  $7.91  $8.15  $8.24  $8.33  $8.54  $8.76  $9.13  $9.43  $9.66  $9.76  $10.28  $10.53 
                Reference $2.57  $2.45  $2.56  $3.02  $2.73  $2.43  $3.89  $3.40  $2.82  $3.02  $5.61  $5.04  $4.23  $6.70  $7.02  $10.03  $7.52  $7.57  $9.42  $4.15  $4.54  $4.07  $2.75  $3.60  $3.74  $3.74  $4.14  $4.40  $4.80  $4.66  $4.38  $4.67  $4.82  $4.96  $5.12  $5.23  $5.36  $5.49  $5.59  $5.78  $6.03  $6.17  $6.36  $6.59  $6.74  $6.92  $7.18  $7.23  $7.26   $7.42   $7.65 ",Story Heating fuel trends
15,data\Train\Tableau\tab_038,"Table_name: 1Scatterplot 2010 GDP vs Human Development
 Data: 
                    Region  Human Development Index 2010 Real GDP 2010
       East North Central                            25     2,053,367
       East South Central                            16       682,128
             Mid-Atlantic                            17     2,260,482
                 Mountain                            38       942,919
              New England                            34       815,965
                  Pacific                            26     2,586,427
           South Atlantic                            45     2,561,319
       West North Central                            35       951,828
       West South Central                            17     1,680,914

Table_name: 2Barchart 2010 GDP by State
 Data: 
                    State  gdp_2010
              California 1,924,438
                   Texas 1,201,992
                New York 1,182,857
                 Florida   721,007
                Illinois   645,829
            Pennsylvania   584,412
              New Jersey   493,213
                    Ohio   488,557
          North Carolina   418,473
                Virginia   417,978
                 Georgia   406,992
           Massachusetts   396,122
                Michigan   385,779
              Washington   356,398
                Maryland   313,016
                 Indiana   280,408
               Minnesota   268,941
                Missouri   255,496
               Wisconsin   252,794
                Colorado   252,035
               Tennessee   252,035
                 Arizona   245,032
             Connecticut   231,643
               Louisiana   220,819
                  Oregon   190,136
                 Alabama   172,998
                Kentucky   164,068
          South Carolina   162,616
                Oklahoma   148,038
                    Iowa   140,473
                  Kansas   124,521
                  Nevada   119,242
                    Utah   116,761
                Arkansas   110,065
             Mississippi    93,027
                Nebraska    89,873
              New Mexico    81,179
                  Hawaii    66,432
           West Virginia    64,553
           New Hampshire    62,187
                Delaware    56,684
                   Idaho    54,702
                   Maine    50,945
                  Alaska    49,023
            Rhode Island    48,719
            South Dakota    37,960
                 Wyoming    37,392
                 Montana    36,576
            North Dakota    34,564
                 Vermont    26,349
          American Samoa       NaN
    District of Columbia       NaN
                    Guam       NaN
Northern Mariana Islands       NaN
             Puerto Rico       NaN
     U.S. Virgin Islands       NaN

Table_name: 3GDP 2010 by Region
 Data: 
                    Region   gdp_2010
           South Atlantic 59,777,037
                  Pacific 49,880,102
       East North Central 46,421,564
             Mid-Atlantic 40,872,375
       West South Central 36,346,202
                 Mountain 22,065,451
       West North Central 20,505,437
       East South Central 18,432,505
              New England 14,444,865
              Territories  4,100,954

Table_name: 4GDP per Capita 2010 by Region
 Data: 
                    Region gdp_per_capita_2010
       East North Central             219,415
       East South Central             145,069
             Mid-Atlantic             163,148
                 Mountain             352,476
              New England             299,294
                  Pacific             272,147
           South Atlantic             363,824
       West North Central             330,345
       West South Central             173,720",GDP Data Story
16,data\Train\Tableau\tab_039,"Table_name: 1US prior to 2020
 Data: 
  Year of Year  Change in Fall Comm Coll Enrollments  Change in UE Rate vs Prior May
         1985                                   NaN                             NaN
         1985                                   NaN                          -0.002
         1986                                   NaN                           0.000
         1986                              0.020000                             NaN
         1987                                   NaN                          -0.009
         1987                              0.020000                             NaN
         1988                                   NaN                          -0.007
         1988                              0.020000                             NaN
         1989                                   NaN                          -0.004
         1989                              0.060000                             NaN
         1990                                   NaN                           0.002
         1990                              0.020000                             NaN
         1991                                   NaN                           0.015
         1991                              0.090000                             NaN
         1992                                   NaN                           0.007
         1992                              0.020121                             NaN
         1993                                   NaN                          -0.005
         1993                             -0.021667                             NaN
         1994                                   NaN                          -0.010
         1994                             -0.003759                             NaN
         1995                                   NaN                          -0.005
         1995                             -0.014977                             NaN
         1996                                   NaN                           0.000
         1996                              0.005293                             NaN
         1997                                   NaN                          -0.007
         1997                              0.006014                             NaN
         1998                                   NaN                          -0.005
         1998                              0.002431                             NaN
         1999                                   NaN                          -0.002
         1999                              0.021334                             NaN
         2000                                   NaN                          -0.002
         2000                              0.053917                             NaN
         2001                                   NaN                           0.003
         2001                              0.062867                             NaN
         2002                                   NaN                           0.015
         2002                              0.060958                             NaN
         2003                                   NaN                           0.003
         2003                              0.006533                             NaN
         2004                                   NaN                          -0.005
         2004                              0.007726                             NaN
         2005                                   NaN                          -0.005
         2005                             -0.006604                             NaN
         2006                                   NaN                          -0.005
         2006                              0.010235                             NaN
         2007                                   NaN                          -0.002
         2007                              0.035665                             NaN
         2008                                   NaN                           0.010
         2008                              0.050447                             NaN
         2009                                   NaN                           0.040
         2009                              0.109764                             NaN
         2010                                   NaN                           0.002
         2010                              0.031305                             NaN
         2011                                   NaN                          -0.006
         2011                             -0.031772                             NaN
         2012                                   NaN                          -0.008
         2012                             -0.043948                             NaN
         2013                                   NaN                          -0.007
         2013                             -0.023843                             NaN
         2014                                   NaN                          -0.012
         2014                             -0.037917                             NaN
         2015                                   NaN                          -0.007
         2015                             -0.028739                             NaN
         2016                                   NaN                          -0.008
         2016                             -0.015699                             NaN
         2017                                   NaN                          -0.004
         2017                             -0.008335                             NaN
         2018                                   NaN                          -0.006
         2018                             -0.019586                             NaN
         2019                                   NaN                          -0.002
         2019                             -0.012000                             NaN

Table_name: 2US up to 2020
 Data: 
  Year of Year  Change in Fall Comm Coll Enrollments  Change in UE Rate vs Prior May
         1985                                   NaN                             NaN
         1985                                   NaN                          -0.002
         1986                                   NaN                           0.000
         1986                              0.020000                             NaN
         1987                                   NaN                          -0.009
         1987                              0.020000                             NaN
         1988                                   NaN                          -0.007
         1988                              0.020000                             NaN
         1989                                   NaN                          -0.004
         1989                              0.060000                             NaN
         1990                                   NaN                           0.002
         1990                              0.020000                             NaN
         1991                                   NaN                           0.015
         1991                              0.090000                             NaN
         1992                                   NaN                           0.007
         1992                              0.020121                             NaN
         1993                                   NaN                          -0.005
         1993                             -0.021667                             NaN
         1994                                   NaN                          -0.010
         1994                             -0.003759                             NaN
         1995                                   NaN                          -0.005
         1995                             -0.014977                             NaN
         1996                                   NaN                           0.000
         1996                              0.005293                             NaN
         1997                                   NaN                          -0.007
         1997                              0.006014                             NaN
         1998                                   NaN                          -0.005
         1998                              0.002431                             NaN
         1999                                   NaN                          -0.002
         1999                              0.021334                             NaN
         2000                                   NaN                          -0.002
         2000                              0.053917                             NaN
         2001                                   NaN                           0.003
         2001                              0.062867                             NaN
         2002                                   NaN                           0.015
         2002                              0.060958                             NaN
         2003                                   NaN                           0.003
         2003                              0.006533                             NaN
         2004                                   NaN                          -0.005
         2004                              0.007726                             NaN
         2005                                   NaN                          -0.005
         2005                             -0.006604                             NaN
         2006                                   NaN                          -0.005
         2006                              0.010235                             NaN
         2007                                   NaN                          -0.002
         2007                              0.035665                             NaN
         2008                                   NaN                           0.010
         2008                              0.050447                             NaN
         2009                                   NaN                           0.040
         2009                              0.109764                             NaN
         2010                                   NaN                           0.002
         2010                              0.031305                             NaN
         2011                                   NaN                          -0.006
         2011                             -0.031772                             NaN
         2012                                   NaN                          -0.008
         2012                             -0.043948                             NaN
         2013                                   NaN                          -0.007
         2013                             -0.023843                             NaN
         2014                                   NaN                          -0.012
         2014                             -0.037917                             NaN
         2015                                   NaN                          -0.007
         2015                             -0.028739                             NaN
         2016                                   NaN                          -0.008
         2016                             -0.015699                             NaN
         2017                                   NaN                          -0.004
         2017                             -0.008335                             NaN
         2018                                   NaN                          -0.006
         2018                             -0.019586                             NaN
         2019                                   NaN                          -0.002
         2019                             -0.012000                             NaN
         2020                                   NaN                           0.097
         2020                             -0.095000                             NaN

Table_name: 3Interactive
 Data: 
  Year of Year  Change in Fall Comm Coll Enrollments  Change in UE Rate vs Prior May
         1991                                   NaN                             NaN
         1991                                   NaN                           0.008
         1992                                   NaN                           0.013
         1992                              0.040538                             NaN
         1993                                   NaN                          -0.001
         1993                             -0.004707                             NaN
         1994                                   NaN                          -0.017
         1994                             -0.038132                             NaN
         1995                                   NaN                          -0.007
         1995                             -0.042058                             NaN
         1996                                   NaN                           0.008
         1996                             -0.001983                             NaN
         1997                                   NaN                           0.000
         1997                              0.003997                             NaN
         1998                                   NaN                           0.000
         1998                              0.017880                             NaN
         1999                                   NaN                          -0.001
         1999                              0.031084                             NaN
         2000                                   NaN                          -0.005
         2000                              0.022627                             NaN
         2001                                   NaN                           0.009
         2001                              0.062886                             NaN
         2002                                   NaN                           0.015
         2002                              0.083289                             NaN
         2003                                   NaN                           0.009
         2003                             -0.056011                             NaN
         2004                                   NaN                          -0.010
         2004                             -0.004391                             NaN
         2005                                   NaN                          -0.011
         2005                             -0.042056                             NaN
         2006                                   NaN                          -0.010
         2006                             -0.033125                             NaN
         2007                                   NaN                          -0.003
         2007                              0.040364                             NaN
         2008                                   NaN                           0.006
         2008                              0.176389                             NaN
         2009                                   NaN                           0.063
         2009                              0.203558                             NaN
         2010                                   NaN                          -0.011
         2010                              0.025933                             NaN
         2011                                   NaN                          -0.013
         2011                              0.025063                             NaN
         2012                                   NaN                          -0.006
         2012                             -0.039762                             NaN
         2013                                   NaN                          -0.009
         2013                             -0.052758                             NaN
         2014                                   NaN                          -0.010
         2014                             -0.073699                             NaN
         2015                                   NaN                          -0.013
         2015                             -0.051389                             NaN
         2016                                   NaN                          -0.007
         2016                              0.003846                             NaN
         2017                                   NaN                          -0.009
         2017                             -0.048898                             NaN
         2018                                   NaN                          -0.001
         2018                             -0.015819                             NaN
         2019                                   NaN                          -0.001
         2019                             -0.032000                             NaN
         2020                                   NaN                           0.104
         2020                             -0.119000                             NaN",Unemployment and Community College Enrollment Story
17,data\Train\Tableau\tab_040,"Table_name: 10Sheet 11
 Data: 
  Category   Segment United Kingdom  Indonesia Brazil Germany  India Mexico France Australia  China United States
Furniture Corporate          8,596       -943  5,121   5,912 12,848  3,064  9,350     6,719 12,886         7,585

Table_name: 11Sheet 16
 Data: 
  Category     Segment United Kingdom  Indonesia Brazil Mexico France Germany India Australia  China United States
Furniture Home Office          5,082        -50  3,863  1,564  4,533   2,076 7,657     2,701 10,198         3,875

Table_name: 1Sheet 2
 Data: 
        Country        Category  Profit   Sales
        Brazil       Furniture  13,062 149,540
        Brazil Office Supplies   7,626  83,156
        Brazil      Technology   9,403 128,411
     Indonesia       Furniture  -1,377 140,038
     Indonesia Office Supplies   1,694 118,778
     Indonesia      Technology  15,291 146,072
United Kingdom       Furniture  28,530 132,461
United Kingdom Office Supplies  33,894 179,367
United Kingdom      Technology  49,476 216,748
         India       Furniture  42,435 216,056
         India Office Supplies  30,544 131,335
         India      Technology  56,093 242,259
        Mexico       Furniture  10,384 215,726
        Mexico Office Supplies  38,680 160,697
        Mexico      Technology  53,754 246,167
       Germany       Furniture  17,579 160,633
       Germany Office Supplies  38,929 205,951
       Germany      Technology  50,815 262,256
         China       Furniture  46,115 276,612
         China Office Supplies  39,723 160,436
         China      Technology  64,845 263,515
        France       Furniture  26,144 242,117
        France Office Supplies  53,688 304,764
        France      Technology  29,197 312,050
     Australia       Furniture  24,699 339,240
     Australia Office Supplies  31,481 245,784
     Australia      Technology  47,728 340,212
 United States       Furniture  18,451 742,000
 United States Office Supplies 122,491 719,047
 United States      Technology 145,455 836,154

Table_name: 2Sheet 4
 Data: 
        Country        Category Consumer Corporate Home Office
        Brazil       Furniture   78,306    46,106      25,128
        Brazil Office Supplies   46,677    22,433      14,046
        Brazil      Technology   66,729    33,798      27,884
     Indonesia       Furniture   73,076    43,797      23,165
     Indonesia Office Supplies   55,711    42,135      20,932
     Indonesia      Technology   82,453    42,973      20,646
United Kingdom       Furniture   67,089    43,581      21,791
United Kingdom Office Supplies   92,028    54,493      32,846
United Kingdom      Technology  110,992    68,470      37,287
         India       Furniture  110,887    66,772      38,396
         India Office Supplies   72,805    35,544      22,986
         India      Technology  115,691    65,634      60,934
        Mexico       Furniture  111,677    76,659      27,390
        Mexico Office Supplies   79,037    50,412      31,248
        Mexico      Technology  130,385    71,716      44,067
       Germany       Furniture   78,739    46,366      35,528
       Germany Office Supplies  118,188    55,821      31,942
       Germany      Technology  146,568    72,708      42,980
         China       Furniture  113,487   102,211      60,914
         China Office Supplies   87,304    46,172      26,959
         China      Technology  136,301    68,459      58,755
        France       Furniture  130,021    83,699      28,397
        France Office Supplies  152,009    99,614      53,141
        France      Technology  152,364    98,793      60,893
     Australia       Furniture  185,209    95,515      58,516
     Australia Office Supplies  137,660    66,555      41,568
     Australia      Technology  176,444   108,404      55,365
 United States       Furniture  391,049   229,020     121,931
 United States Office Supplies  363,952   230,676     124,418
 United States      Technology  406,400   246,450     183,304

Table_name: 3Sheet 7
 Data: 
   Category  Segment Brazil Indonesia United Kingdom  India Mexico  China Germany France Australia United States
Technology Consumer  4,483     8,087         24,800 28,943 29,989 32,738  33,736 12,792    23,959        70,798

Table_name: 4Sheet 12
 Data: 
   Category   Segment Brazil Indonesia  India  China United Kingdom Mexico Germany France Australia United States
Technology Corporate  3,007     5,004 14,909 15,110         17,156 14,389   9,611 10,247    16,389        44,167

Table_name: 5Sheet 14
 Data: 
   Category     Segment Indonesia Brazil United Kingdom Germany Mexico Australia  China France  India United States
Technology Home Office     2,201  1,914          7,520   7,467  9,375     7,379 16,996  6,158 12,241        30,490

Table_name: 6Sheet 8
 Data: 
        Category  Segment Brazil  Indonesia  India Mexico  China United Kingdom Germany Australia France United States
Office Supplies Consumer  4,126       -257 15,943 19,215 20,628         15,203  23,707    17,799 25,266        56,330

Table_name: 7Sheet 13
 Data: 
        Category   Segment Brazil India Indonesia  China Mexico United Kingdom Germany Australia France United States
Office Supplies Corporate  2,082 9,234     1,411 11,771 11,582         11,248  10,267     7,790 17,509        40,227

Table_name: 8Sheet 15
 Data: 
        Category     Segment Brazil  Indonesia India China Mexico Germany United Kingdom Australia France United States
Office Supplies Home Office  1,418        540 5,367 7,324  7,883   4,955          7,443     5,892 10,914        25,933

Table_name: 9Sheet 9
 Data: 
  Category  Segment United Kingdom  Indonesia Brazil Germany  India Mexico  China France Australia United States
Furniture Consumer         14,852       -384  4,077   9,591 21,930  5,757 23,030 12,261    15,279         6,991",Global Superstore Story
18,data\Train\Tableau\tab_041,"Table_name: 2_1Regional Line
 Data: 
                        Region    1950      1951      1952      1953      1954      1955      1956      1957      1958      1959      1960      1961      1962      1963      1964      1965      1966       1967       1968      1969       1970       1971      1972      1973      1974      1975      1976      1977      1978      1979      1980      1981      1982      1983      1984      1985      1986      1987      1988      1989       1990       1991       1992       1993       1994       1995       1996       1997       1998       1999       2000       2001       2002       2003       2004       2005       2006       2007       2008       2009       2010
                    Caribbean  25,100    25,800    28,200    28,200    29,800    31,700    35,500    44,000    45,500    52,200    56,300    58,800    64,400    63,012    64,665    68,480    72,726     94,755     94,370   106,999    133,369    156,069   168,760   184,634   195,725   177,693   230,965   218,375   246,504   184,778   217,704   190,438   221,462   226,849   227,665   249,580   272,244   245,718   270,459   235,330    230,152    212,657    146,474    132,497    143,749    140,306    136,494    134,770    145,049    129,886    141,865    164,481    134,323     98,264     96,264     86,947     90,339     90,786     89,791     92,790    169,818
    Central & Southern Africa 248,500   292,800   278,500   358,400   417,400   458,200   601,100   596,700   488,900   483,400   483,300   484,800   536,000   522,900   706,200   623,600   736,700    730,200    711,700   869,700    884,437    971,479 1,342,236 1,142,906 1,085,887   902,028   805,206   866,046   877,471   826,373   784,840   860,257   844,658   865,705   879,310   921,596   971,507 1,080,395 1,091,445 1,129,618  1,454,283  1,304,286  1,861,919  1,870,977  1,734,242  1,753,534  1,886,001  1,904,536  2,047,655  2,118,852  2,168,437  2,180,902  2,174,381  2,290,575  2,283,040  2,237,267  2,225,200  2,090,775  2,159,732  2,126,397  2,235,940
              Central America  27,553    27,628    21,294    24,897    30,552    35,082    44,765    42,635    56,823    69,177    70,305    78,963    81,610    87,942   103,768   120,897   161,854    178,274    183,150   146,697    180,842    215,055   216,406   267,881   226,526   274,259   337,855   399,483   419,412   461,285   538,982   606,456   544,778   532,202   565,091   685,809   564,097   600,325   551,583   607,010    579,481    673,268    672,631    680,486    698,484    719,291    686,652    699,174    704,129    647,007    768,191    789,162    772,579    673,688    605,984    656,963    639,401    615,870    603,960    578,270    678,341
Northern Africa & Middle East  50,917    51,217    68,328    69,423    67,828    79,728    69,181    75,345    81,045    90,756   100,056   111,051   115,493   126,990   136,910   139,685   152,774    167,331    173,525   183,805    195,267    217,423   218,704   268,200   311,166   313,382   311,857   317,171   325,549   317,627   334,747   353,794   339,910   408,966   381,455   395,733   418,051   431,120   425,748   453,591    472,734    496,771    534,130    542,437    510,228    535,306    603,488    658,170    649,546    655,469    659,081    713,562    735,299    900,849    973,727    946,933    774,428    817,790    752,065    824,345    884,224
                      Oceania  25,108    25,138    28,592    34,431    37,487    37,759    41,504    41,518    42,569    45,392    46,555    48,217    52,353    54,689    55,468    57,627    62,017     61,858     67,259    67,396     79,739     99,317    98,892   119,579   138,591   110,092   137,837   119,836   158,430   153,941   163,916   171,662   134,308   157,085   170,308   169,649   196,227   204,312   210,240   216,787    223,928    263,322    242,445    251,569    264,929    301,067    284,495    324,416    380,353    395,491    387,161    405,223    440,189    555,447    731,857    758,821    726,532    744,021    639,523    641,217    622,206
                South America 237,532   262,597   270,120   273,023   306,576   373,308   471,582   677,790 1,131,032 2,389,040 3,788,595 5,514,283 7,274,097 7,186,272 9,412,610 7,797,577 9,132,697 10,525,052 10,986,109 9,656,261 13,078,563 11,149,882 5,362,859 3,129,590 4,872,113 4,229,221 5,173,462 3,514,293 4,684,248 4,914,168 3,998,022 3,908,998 4,773,385 2,607,713 4,966,833 6,003,748 7,389,200 5,995,998 8,168,001 8,234,125  7,877,011  7,959,624  8,494,564 10,095,709 13,156,515 10,300,346 11,102,376  9,325,507  5,574,227  9,722,646 12,059,461  9,478,366 10,058,223  7,453,384 10,968,430 10,698,375  8,248,368  8,444,129  8,646,093  8,182,641  5,372,643
                   South Asia 586,439   600,004   625,037   651,108   664,733   673,993   803,047   962,138   848,637   688,034   991,475   809,317   787,437   798,656 1,027,496   984,636 1,056,183  1,038,925  1,098,680 1,114,036  1,294,858  1,353,520 1,173,756 1,425,188 1,691,464 1,700,504 1,627,067 1,707,940 1,774,941 1,783,597 1,872,983 1,778,523 1,766,426 1,872,092 2,138,255 2,141,997 2,143,876 2,135,097 2,279,426 2,738,525  2,683,059  2,887,563  3,023,273  3,109,125  3,302,326  3,248,436  3,441,578  3,533,916  3,359,536  3,498,381  3,498,213  3,574,571  3,820,871  3,853,668  3,780,622  3,668,629  3,856,599  3,938,006  4,067,637  4,172,331  4,313,714
              South East Asia 822,227 1,203,940 1,351,828 1,356,310 1,649,885 1,754,310 2,011,590 2,006,230 2,059,711 2,126,546 2,270,799 2,475,943 2,701,198 2,942,862 3,213,778 3,456,652 3,674,485  3,934,304  4,431,293 4,662,106  4,795,761  5,092,684 5,471,976 5,705,740 5,532,503 5,678,117 5,889,496 6,689,811 6,662,112 6,511,759 6,443,066 6,801,587 7,212,715 7,749,902 7,736,363 7,994,204 8,665,522 9,297,653 9,350,935 9,812,579 10,199,981 10,696,232 11,473,478 12,014,256 12,744,406 13,367,825 13,608,019 13,834,330 14,223,100 14,444,556 15,034,828 15,246,273 15,651,194 16,210,521 16,400,146 16,713,341 16,904,475 17,224,558 17,114,482 17,639,234 18,248,864

Table_name: 2_2World-wide Line
 Data: 
        Region       1950       1951       1952       1953       1954       1955       1956       1957       1958       1959       1960       1961       1962       1963       1964       1965       1966       1967       1968       1969       1970       1971       1972       1973       1974       1975       1976       1977       1978       1979       1980       1981       1982       1983       1984       1985       1986       1987       1988       1989       1990       1991       1992       1993       1994       1995       1996       1997       1998       1999       2000       2001       2002       2003       2004       2005       2006       2007       2008       2009       2010
Rest of World 14,769,985 16,586,243 18,081,237 18,065,236 19,369,935 20,325,228 21,374,648 21,175,573 21,489,817 22,648,263 22,998,548 24,667,857 25,785,295 26,849,451 28,202,553 30,427,131 32,459,853 33,967,263 36,102,336 35,576,268 37,341,312 38,575,850 39,514,219 41,723,746 43,211,652 43,316,669 45,794,171 44,824,725 45,772,654 46,275,994 47,459,552 49,306,683 49,945,006 51,043,371 53,858,066 54,036,705 57,151,062 58,262,617 59,255,281 58,588,177 54,392,907 52,795,807 52,382,967 51,098,520 52,674,265 54,372,773 54,388,176 54,978,697 50,572,315 51,327,753 49,963,805 49,388,529 48,421,399 47,241,580 47,767,459 46,928,156 46,568,930 46,196,795 45,250,871 44,755,446 44,731,739
  The Tropics  2,023,375  2,489,124  2,671,899  2,795,793  3,204,260  3,444,080  4,078,269  4,446,355  4,754,216  5,944,545  7,807,386  9,581,374 11,612,587 11,783,324 14,720,895 13,249,154 15,049,436 16,730,698 17,746,085 16,807,000 20,642,836 19,255,429 14,053,589 12,243,717 14,053,976 13,385,296 14,513,745 13,832,955 15,148,667 15,153,528 14,354,260 14,671,716 15,837,644 14,420,513 17,065,280 18,562,316 20,620,725 19,990,618 22,347,838 23,427,565 23,720,630 24,493,723 26,448,915 28,697,056 32,554,880 30,366,111 31,749,104 30,414,819 27,083,595 31,612,289 34,717,237 32,552,541 33,787,059 32,036,397 35,840,070 35,767,275 33,465,342 33,965,935 34,073,284 34,257,225 32,525,749
        World 16,793,360 19,075,367 20,753,136 20,861,029 22,574,195 23,769,308 25,452,917 25,621,928 26,244,033 28,592,808 30,805,934 34,249,231 37,397,882 38,632,775 42,923,448 43,676,285 47,509,289 50,697,961 53,848,421 52,383,268 57,984,148 57,831,279 53,567,808 53,967,463 57,265,628 56,701,965 60,307,916 58,657,680 60,921,321 61,429,521 61,813,812 63,978,399 65,782,650 65,463,884 70,923,346 72,599,021 77,771,787 78,253,236 81,603,119 82,015,742 78,113,537 77,289,530 78,831,882 79,795,576 85,229,145 84,738,883 86,137,280 85,393,516 77,655,910 82,940,042 84,681,043 81,941,070 82,208,458 79,277,977 83,607,529 82,695,431 80,034,272 80,162,730 79,324,155 79,012,671 77,257,489

Table_name: 3_1Aqua Regional
 Data: 
                        Region  1950  1951  1952  1953  1954  1955  1956  1957  1958  1959  1960  1961  1962  1963  1964  1965  1966  1967  1968  1969  1970  1971  1972  1973  1974  1975  1976  1977  1978  1979  1980  1981  1982  1983  1984  1985  1986  1987  1988  1989  1990  1991  1992  1993  1994  1995  1996  1997  1998  1999  2000  2001  2002  2003   2004   2005   2006   2007   2008   2009   2010
                    Caribbean     0     0     0     0     0     0     0     0     0     0     0     0     0     0     0     0     0     0     0     0     0     0     1     1     1     1     1     1     2     2     2     3     4     4     5     6     6     8     9     9    12    12    15    18    24    28    41    41    44    45    40    33    37    32     35     30     37     44     44     42     37
    Central & Southern Africa     0     1     1     1     1     1     2     2     2     2     2     3     3     3     3     3     3     4     4     4     4     4     4     5     5     5     6     6     6     7     7     7     8     9     9    10     9    10    15    31    13    22    27    29    27    30    34    42    36    42    52    54    66    63     76     95    149    174    235    269    351
              Central America     0     0     0     0     0     0     0     0     0     0     0     0     0     0     0     0     0     0     0     0     0     1     1     2     2     2     2     3     4     6     8    10    12    13    11    14    17    21    24    25    28    32    35    43    50    45    54    64    64    69    74    96   109   128    148    184    199    195    201    178    176
Northern Africa & Middle East     0     0     0     0     0     0     0     0     0     0     0     0     0     0     0     0     0     0     0     0     0     0     0     0     0     0     0     0     0     0     0     0     0     0     0     0     0     0     0     0     0     0     0     0     0     1     1     2     3     3     3     6     7    12     11     14     14     17     21     26     27
                      Oceania     0     0     0     0     0     0     0     0     0     0     0     0     0     0     0     0     0     0     0     0     0     0     0     0     0     0     0     0     0     0     0     0     0     0     0     1     1     1     1     1     2     2     3     3     4     4     5     5     6     8     9     9     9     8      9     10     10     10     11     12     13
                South America     0     0     0     0     0     0     0     0     0     0     0     0     0     0     0     0     0     0     0     0     0     0     0     1     2     2     3     5     6     7    14    19    30    45    47    48    56    86    96    96   109   144   170   141   147   188   209   257   282   299   266   286   340   379    408    427    489    509    558    645    790
                   South Asia    32    34    36    38    40    42    45    47    50    53    57    61    65    70    75    81    86    93   100   109   119   131   143   158   172   188   207   226   250   276   304   336   371   411   464   512   560   643   723   807   823   980 1,110 1,130 1,234 1,345 1,457 1,614 1,687 1,876 1,780 1,963 2,002 2,191  2,575  2,746  2,941  2,905  3,549  3,483  4,182
              South East Asia   123   142   165   185   222   250   256   329   327   360   351   331   332   355   369   406   440   455   491   520   554   587   568   584   640   676   734   830   844   871   997 1,126 1,153 1,289 1,447 1,628 1,823 2,127 2,416 2,617 2,814 3,028 3,388 4,047 4,834 5,591 5,965 5,965 6,156 6,803 7,344 7,896 8,581 9,391 10,433 11,383 12,357 13,281 14,283 15,092 16,273

Table_name: 3_2Aqua World
 Data: 
            Region  1950  1951  1952  1953  1954  1955  1956  1957  1958  1959  1960  1961  1962  1963  1964  1965  1966  1967  1968  1969  1970  1971  1972  1973  1974  1975  1976  1977  1978  1979  1980  1981  1982  1983  1984  1985  1986   1987   1988   1989   1990   1991   1992   1993   1994   1995   1996   1997   1998   1999   2000   2001   2002   2003   2004   2005   2006   2007   2008   2009   2010
Rest of the World   448   552   621   738   827   924   908 1,182 1,140 1,236 1,245 1,130 1,178 1,334 1,400 1,530 1,554 1,592 1,687 1,728 1,889 2,015 2,236 2,331 2,437 2,742 2,776 3,051 3,092 3,172 3,374 3,741 4,092 4,451 4,961 5,803 6,690  7,669  8,397  8,728  9,273  9,505 10,662 12,391 14,519 17,150 18,827 19,332 20,134 21,587 22,850 24,272 25,634 26,711 28,227 29,426 31,112 32,826 34,070 35,986 38,086
          Tropics   156   177   202   224   263   293   302   379   379   416   411   395   400   428   448   491   530   552   595   634   678   724   718   750   821   875   953 1,071 1,113 1,169 1,332 1,502 1,579 1,772 1,983 2,219 2,473  2,896  3,285  3,587  3,801  4,221  4,747  5,412  6,321  7,233  7,767  7,991  8,279  9,145  9,568 10,342 11,152 12,205 13,695 14,889 16,196 17,134 18,902 19,748 21,849
            World   604   729   822   962 1,091 1,218 1,210 1,561 1,519 1,652 1,655 1,524 1,579 1,762 1,847 2,021 2,084 2,145 2,282 2,361 2,567 2,739 2,954 3,081 3,258 3,617 3,729 4,122 4,204 4,341 4,706 5,243 5,672 6,223 6,944 8,022 9,164 10,566 11,682 12,315 13,074 13,726 15,410 17,803 20,841 24,383 26,594 27,323 28,414 30,732 32,419 34,615 36,787 38,917 41,923 44,315 47,309 49,961 52,973 55,736 59,936

Table_name: 4_1By Region
 Data: 
                         Region  area
                     Caribbean  2.93
                  Cent America  1.98
     Central & Southern Africa  5.69
Northern Africal & Middle East  4.35
                       Oceania 46.44
             Rest of the World  5.22
                 South America  1.12
                    South Asia  4.87
               South East Asia 27.41
                       Tropics 94.78

Table_name: 4_2By Greatest Area
 Data: 
       Greatest Area  area_million_km2
          Australia             15.46
               Fiji              3.16
          Indonesia             16.11
           Maldives              2.82
      New Caledonia             12.63
   Papua New Guinea              4.37
        Philippines              7.91
Rest of the Tropics             32.34
  Rest of the World              5.22

Table_name: 5Sheet
 Data: 
  Year  Caribbean  Central America  Central and Southern Africa  Northern Africa and Middle East  Oceania  South America  South Asia  South East Asia
 1980       0.00             0.00                         0.00                             0.00     0.00           0.00        0.00             0.00
 1990      -0.85           -13.64                        -6.25                           -12.95    -1.42          -4.30      -15.50            -6.96
 2000      -1.18           -21.77                       -11.72                           -22.50    -2.05          -8.11      -26.02           -10.59
 2005      -1.22           -26.49                       -13.02                           -28.80    -2.27         -10.01      -30.39           -11.43",Oceans In The Tropics
19,data\Train\Tableau\tab_044,"Table_name: 1_1Areawise Total Tax vs RC vs No. of Sales
 Data: 
  RC            metric      M     HS      E      W     RA      K     AH     CP     N     PS     RS     AG    NW     C    SH    FP
  0 Count of Sales ID     35     30     31      7      1     20      6     10     7     13      3    NaN     3     1     2   NaN
  0               Tax 55,185 75,913 77,876 10,949  2,557 43,533  7,998 14,103 9,274 16,030  6,160    NaN 4,596 2,103 1,742   NaN
  1 Count of Sales ID     76     60    NaN     28     39    NaN     28     11     9      2     12     11     2     3     4     2
  1               Tax 95,021 67,211    NaN 53,064 53,817    NaN 32,565  9,756 9,913  1,279 11,089 14,983 2,708 2,520 1,458 1,998

Table_name: 1_2Average Sale Price vs Average Tax vs Average Condo Fee Yearwise
 Data: 
  Year of Close Date  Avg. Condo Fee   Avg. Sale Price        Avg. Tax
               1990      148.928571           163,780         1,220.3
               1991      158.473118 153,451.075268817 1,297.634408602
               1992      217.255102 189,061.357142857 1,792.173469388
               1993      193.376623 176,720.662337662         1,581.5
               1994      174.195122 159,349.585365854 1,466.243902439

Table_name: 1_3Avg. Condo Fee vs No. of Sales Areawise
 Data: 
              Area     E     K    HS     W    AG    RA     M    AH    PS    CP  SH    NW     N    C   RS   FP
   Avg. Condo Fee 344.5 295.2 211.8 196.1 174.1 159.1 156.2 155.4 146.2 126.4 120 116.6 116.3 99.5 92.5 87.5
Count of Sales ID  31.0  20.0  90.0  35.0  11.0  40.0 111.0  34.0  15.0  21.0   6   5.0  16.0  4.0 15.0  2.0

Table_name: 1_4Total Tax vs Condo Fee by Area
 Data: 
      Area     AG     AH     C     CP      E    FP      HS      K       M      N    NW     PS     RA     RS    SH      W
Condo Fee  1,915  5,285   398  2,654 10,680   175  19,062  5,904  17,333  1,860   583  2,193  6,365  1,387   720  6,862
      Tax 14,983 40,563 4,623 23,859 77,876 1,998 143,124 43,533 150,206 19,187 7,304 17,309 56,374 17,249 3,200 64,013

Table_name: 2_1Condo Sales Areawise
 Data: 
  RC  M  HS  RA  W  AH    E  CP    K  N  RS  PS   AG  SH  NW  C  FP
  0 35  30   1  7   6 31.0  10 20.0  7   3  13  NaN   2   3  1 NaN
  1 76  60  39 28  28  NaN  11  NaN  9  12   2 11.0   4   2  3 2.0

Table_name: 2_2Bar Chart Total Sales Price Areawise with RC
 Data: 
  RC          M        HS         E        RA         W        AH         K        CP         N        RS        AG        PS      NW       C      SH      FP
  0  5,798,650 7,476,500 9,459,750   250,000 1,073,500 1,056,333 4,239,063 1,361,000   992,000   506,900       NaN 1,664,500 544,000 153,000 268,000     NaN
  1 11,753,850 8,037,582       NaN 6,325,400 5,060,700 4,391,750       NaN 1,385,500 1,376,900 1,617,500 1,871,500   206,500 260,000 357,000 235,500 289,000

Table_name: 3_1Top 10 Property ID vs Sales Price
 Data: 
              Property ID sale_price
      6/26 Hurlbut St,RA    464,000
  203/75 Cambridge Pky,E    505,000
 208/130 Mt Auburn St,HS    455,000
  810/975 Memorial Dr,HS    615,000
  812/975 Memorial Dr,HS    625,000
 E702/75 Cambridge Pky,E    535,000
E1202/75 Cambridge Pky,E    530,000
  PH4/75 Cambridge Pky,E    575,000
 W802/75 Cambridge Pky,E    875,000
 W806/75 Cambridge Pky,E    460,000

Table_name: 3_2Top 10 Property ID per Sqft Sales Price
 Data: 
             Property ID  price_per_sqft
      3/18 Upland Rd,AH           478.7
 812/975 Memorial Dr,HS           454.9
W802/75 Cambridge Pky,E           452.2
 810/975 Memorial Dr,HS           447.6
 402/221 Mt Auburn St,W           387.2
 203/75 Cambridge Pky,E           379.7
     6/26 Hurlbut St,RA           373.1
    9/36 Linnaean St,RA           358.9
    43/41 Bowdoin St,RA           352.2
 PH4/75 Cambridge Pky,E           349.8",Boston_Condo_Story
20,data\Train\Tableau\tab_045,"Table_name: 1Catholics Homosexuality
 Data: 
 Gender\tQ4D\t% of Total Sum of Q4D along Gender   Q4D\tSum of Q4D
                  Female\tRefused\t-0.52%\t-5.0               NaN
            Female\tChurch Leaders\t3.23%\t31.0               NaN
             Female\tIndividuals\t33.09%\t318.0               NaN
                    Female\tBoth\t24.04%\t231.0               NaN
                    Male\tRefused\t-0.31%\t-3.0               NaN
              Male\tChurch Leaders\t3.64%\t35.0               NaN
               Male\tIndividuals\t19.98%\t192.0               NaN
                      Male\tBoth\t16.86%\t162.0               NaN

Table_name: 2Views on Homosexuality
 Data: 
                  Religious Tradition\tGender\tQ5B\t% of Total Sum of Q5B along Q5B   Religious Tradition   Gender\tSum of Q5B
                                  Buddhist\tFemale\tAccepted by society\t0.23%\t20                   NaN                  NaN
                               Buddhist\tFemale\tDiscouraged by society\t0.11%\t10                   NaN                  NaN
                                        Buddhist\tFemale\tNeither/Both equally\t\t                   NaN                  NaN
                                          Buddhist\tFemale\tDon't know/refused\t\t                   NaN                  NaN
                                    Buddhist\tMale\tAccepted by society\t0.42%\t37                   NaN                  NaN
                                 Buddhist\tMale\tDiscouraged by society\t0.11%\t10                   NaN                  NaN
                                    Buddhist\tMale\tNeither/Both equally\t0.03%\t3                   NaN                  NaN
                                            Buddhist\tMale\tDon't know/refused\t\t                   NaN                  NaN
                                 Catholic\tFemale\tAccepted by society\t5.55%\t493                   NaN                  NaN
                              Catholic\tFemale\tDiscouraged by society\t1.78%\t158                   NaN                  NaN
                                 Catholic\tFemale\tNeither/Both equally\t0.44%\t39                   NaN                  NaN
                                  Catholic\tFemale\tDon't know/refused\t2.43%\t216                   NaN                  NaN
                                   Catholic\tMale\tAccepted by society\t3.93%\t349                   NaN                  NaN
                                Catholic\tMale\tDiscouraged by society\t3.29%\t292                   NaN                  NaN
                                   Catholic\tMale\tNeither/Both equally\t0.91%\t81                   NaN                  NaN
                                    Catholic\tMale\tDon't know/refused\t3.24%\t288                   NaN                  NaN
                        Don’t know/refused\tFemale\tAccepted by society\t0.25%\t22                   NaN                  NaN
                      Don’t know/refused\tFemale\tDiscouraged by society\t0.02%\t2                   NaN                  NaN
                        Don’t know/refused\tFemale\tNeither/Both equally\t0.03%\t3                   NaN                  NaN
                          Don’t know/refused\tFemale\tDon't know/refused\t0.10%\t9                   NaN                  NaN
                          Don’t know/refused\tMale\tAccepted by society\t0.19%\t17                   NaN                  NaN
                       Don’t know/refused\tMale\tDiscouraged by society\t0.14%\t12                   NaN                  NaN
                          Don’t know/refused\tMale\tNeither/Both equally\t0.07%\t6                   NaN                  NaN
                            Don’t know/refused\tMale\tDon't know/refused\t0.10%\t9                   NaN                  NaN
          Evangelical Protestant Churches\tFemale\tAccepted by society\t2.78%\t247                   NaN                  NaN
       Evangelical Protestant Churches\tFemale\tDiscouraged by society\t6.47%\t574                   NaN                  NaN
          Evangelical Protestant Churches\tFemale\tNeither/Both equally\t0.95%\t84                   NaN                  NaN
           Evangelical Protestant Churches\tFemale\tDon't know/refused\t2.94%\t261                   NaN                  NaN
            Evangelical Protestant Churches\tMale\tAccepted by society\t2.10%\t186                   NaN                  NaN
         Evangelical Protestant Churches\tMale\tDiscouraged by society\t8.34%\t740                   NaN                  NaN
            Evangelical Protestant Churches\tMale\tNeither/Both equally\t0.88%\t78                   NaN                  NaN
             Evangelical Protestant Churches\tMale\tDon't know/refused\t1.72%\t153                   NaN                  NaN
                                      Hindu\tFemale\tAccepted by society\t0.08%\t7                   NaN                  NaN
                                   Hindu\tFemale\tDiscouraged by society\t0.09%\t8                   NaN                  NaN
                                     Hindu\tFemale\tNeither/Both equally\t0.03%\t3                   NaN                  NaN
                                      Hindu\tFemale\tDon't know/refused\t0.61%\t54                   NaN                  NaN
                                       Hindu\tMale\tAccepted by society\t0.24%\t21                   NaN                  NaN
                                    Hindu\tMale\tDiscouraged by society\t0.20%\t18                   NaN                  NaN
                                             Hindu\tMale\tNeither/Both equally\t\t                   NaN                  NaN
                                        Hindu\tMale\tDon't know/refused\t0.51%\t45                   NaN                  NaN
   Historically Black Protestant Churches\tFemale\tAccepted by society\t1.42%\t126                   NaN                  NaN
Historically Black Protestant Churches\tFemale\tDiscouraged by society\t1.78%\t158                   NaN                  NaN
   Historically Black Protestant Churches\tFemale\tNeither/Both equally\t0.30%\t27                   NaN                  NaN
    Historically Black Protestant Churches\tFemale\tDon't know/refused\t1.83%\t162                   NaN                  NaN
      Historically Black Protestant Churches\tMale\tAccepted by society\t0.77%\t68                   NaN                  NaN
  Historically Black Protestant Churches\tMale\tDiscouraged by society\t2.05%\t182                   NaN                  NaN
     Historically Black Protestant Churches\tMale\tNeither/Both equally\t0.34%\t30                   NaN                  NaN
       Historically Black Protestant Churches\tMale\tDon't know/refused\t0.51%\t45                   NaN                  NaN
                          Jehovah's Witness\tFemale\tAccepted by society\t0.05%\t4                   NaN                  NaN
                      Jehovah's Witness\tFemale\tDiscouraged by society\t0.16%\t14                   NaN                  NaN
                               Jehovah's Witness\tFemale\tNeither/Both equally\t\t                   NaN                  NaN
                           Jehovah's Witness\tFemale\tDon't know/refused\t0.10%\t9                   NaN                  NaN
                            Jehovah's Witness\tMale\tAccepted by society\t0.01%\t1                   NaN                  NaN
                        Jehovah's Witness\tMale\tDiscouraged by society\t0.41%\t36                   NaN                  NaN
                           Jehovah's Witness\tMale\tNeither/Both equally\t0.07%\t6                   NaN                  NaN
                                    Jewish\tFemale\tAccepted by society\t0.18%\t16                   NaN                  NaN
                                  Jewish\tFemale\tDiscouraged by society\t0.09%\t8                   NaN                  NaN
                                    Jewish\tFemale\tNeither/Both equally\t0.03%\t3                   NaN                  NaN
                                     Jewish\tFemale\tDon't know/refused\t0.20%\t18                   NaN                  NaN
                                      Jewish\tMale\tAccepted by society\t0.42%\t37                   NaN                  NaN
                                   Jewish\tMale\tDiscouraged by society\t0.18%\t16                   NaN                  NaN
                                      Jewish\tMale\tNeither/Both equally\t0.03%\t3                   NaN                  NaN
                                       Jewish\tMale\tDon't know/refused\t0.30%\t27                   NaN                  NaN
             Mainline Protestant Churches\tFemale\tAccepted by society\t2.87%\t255                   NaN                  NaN
          Mainline Protestant Churches\tFemale\tDiscouraged by society\t1.26%\t112                   NaN                  NaN
             Mainline Protestant Churches\tFemale\tNeither/Both equally\t0.37%\t33                   NaN                  NaN
               Mainline Protestant Churches\tFemale\tDon't know/refused\t0.81%\t72                   NaN                  NaN
               Mainline Protestant Churches\tMale\tAccepted by society\t2.37%\t210                   NaN                  NaN
            Mainline Protestant Churches\tMale\tDiscouraged by society\t2.52%\t224                   NaN                  NaN
               Mainline Protestant Churches\tMale\tNeither/Both equally\t0.54%\t48                   NaN                  NaN
                 Mainline Protestant Churches\tMale\tDon't know/refused\t1.12%\t99                   NaN                  NaN
                                    Mormon\tFemale\tAccepted by society\t0.28%\t25                   NaN                  NaN
                                 Mormon\tFemale\tDiscouraged by society\t0.70%\t62                   NaN                  NaN
                                    Mormon\tFemale\tNeither/Both equally\t0.07%\t6                   NaN                  NaN
                                            Mormon\tFemale\tDon't know/refused\t\t                   NaN                  NaN
                                      Mormon\tMale\tAccepted by society\t0.11%\t10                   NaN                  NaN
                                   Mormon\tMale\tDiscouraged by society\t1.01%\t90                   NaN                  NaN
                                      Mormon\tMale\tNeither/Both equally\t0.07%\t6                   NaN                  NaN
                                              Mormon\tMale\tDon't know/refused\t\t                   NaN                  NaN
                                    Muslim\tFemale\tAccepted by society\t0.12%\t11                   NaN                  NaN
                                  Muslim\tFemale\tDiscouraged by society\t0.09%\t8                   NaN                  NaN
                                    Muslim\tFemale\tNeither/Both equally\t0.03%\t3                   NaN                  NaN
                                            Muslim\tFemale\tDon't know/refused\t\t                   NaN                  NaN
                                       Muslim\tMale\tAccepted by society\t0.06%\t5                   NaN                  NaN
                                   Muslim\tMale\tDiscouraged by society\t0.27%\t24                   NaN                  NaN
                                            Muslim\tMale\tNeither/Both equally\t\t                   NaN                  NaN
                                        Muslim\tMale\tDon't know/refused\t0.10%\t9                   NaN                  NaN
                                  Orthodox\tFemale\tAccepted by society\t0.16%\t14                   NaN                  NaN
                               Orthodox\tFemale\tDiscouraged by society\t0.18%\t16                   NaN                  NaN
                                  Orthodox\tFemale\tNeither/Both equally\t0.07%\t6                   NaN                  NaN
                                          Orthodox\tFemale\tDon't know/refused\t\t                   NaN                  NaN
                                    Orthodox\tMale\tAccepted by society\t0.15%\t13                   NaN                  NaN
                                 Orthodox\tMale\tDiscouraged by society\t0.29%\t26                   NaN                  NaN
                                    Orthodox\tMale\tNeither/Both equally\t0.03%\t3                   NaN                  NaN
                                     Orthodox\tMale\tDon't know/refused\t0.30%\t27                   NaN                  NaN
                            Other Christian\tFemale\tAccepted by society\t0.06%\t5                   NaN                  NaN
                         Other Christian\tFemale\tDiscouraged by society\t0.05%\t4                   NaN                  NaN
                           Other Christian\tFemale\tNeither/Both equally\t0.03%\t3                   NaN                  NaN
                                   Other Christian\tFemale\tDon't know/refused\t\t                   NaN                  NaN
                              Other Christian\tMale\tAccepted by society\t0.06%\t5                   NaN                  NaN
                           Other Christian\tMale\tDiscouraged by society\t0.02%\t2                   NaN                  NaN
                                   Other Christian\tMale\tNeither/Both equally\t\t                   NaN                  NaN
                                     Other Christian\tMale\tDon't know/refused\t\t                   NaN                  NaN
                              Other Faiths\tFemale\tAccepted by society\t0.27%\t24                   NaN                  NaN
                            Other Faiths\tFemale\tDiscouraged by society\t0.02%\t2                   NaN                  NaN
                                    Other Faiths\tFemale\tNeither/Both equally\t\t                   NaN                  NaN
                                Other Faiths\tFemale\tDon't know/refused\t0.10%\t9                   NaN                  NaN
                                Other Faiths\tMale\tAccepted by society\t0.57%\t51                   NaN                  NaN
                              Other Faiths\tMale\tDiscouraged by society\t0.09%\t8                   NaN                  NaN
                                Other Faiths\tMale\tNeither/Both equally\t0.07%\t6                   NaN                  NaN
                                 Other Faiths\tMale\tDon't know/refused\t0.20%\t18                   NaN                  NaN
                      Other World Religions\tFemale\tAccepted by society\t0.03%\t3                   NaN                  NaN
                         Other World Religions\tFemale\tDiscouraged by society\t\t                   NaN                  NaN
                           Other World Religions\tFemale\tNeither/Both equally\t\t                   NaN                  NaN
                             Other World Religions\tFemale\tDon't know/refused\t\t                   NaN                  NaN
                        Other World Religions\tMale\tAccepted by society\t0.06%\t5                   NaN                  NaN
                     Other World Religions\tMale\tDiscouraged by society\t0.02%\t2                   NaN                  NaN
                         Other World Religions\tMale\tDon't know/refused\t0.10%\t9                   NaN                  NaN
                             Unaffiliated\tFemale\tAccepted by society\t4.82%\t428                   NaN                  NaN
                           Unaffiliated\tFemale\tDiscouraged by society\t1.06%\t94                   NaN                  NaN
                             Unaffiliated\tFemale\tNeither/Both equally\t0.24%\t21                   NaN                  NaN
                               Unaffiliated\tFemale\tDon't know/refused\t1.01%\t90                   NaN                  NaN
                               Unaffiliated\tMale\tAccepted by society\t5.97%\t530                   NaN                  NaN
                            Unaffiliated\tMale\tDiscouraged by society\t3.22%\t286                   NaN                  NaN
                               Unaffiliated\tMale\tNeither/Both equally\t0.98%\t87                   NaN                  NaN
                                Unaffiliated\tMale\tDon't know/refused\t2.43%\t216                   NaN                  NaN

Table_name: 3Right and Wrong
 Data: 
 Generation\tQ10B\t% of Total Sum of Q10B along Generation   Q10B\tSum of Q10B
                    18 to 31\tCompletely agree\t1.18%\t14                 NaN
                        18 to 31\tMostly agree\t4.05%\t48                 NaN
                     18 to 31\tMostly disagree\t4.56%\t54                 NaN
                 18 to 31\tCompletely disagree\t3.72%\t44                 NaN
                   18 to 31\tDon't know/Refused\t0.76%\t9                 NaN
                    32 to 50\tCompletely agree\t2.11%\t25                 NaN
                      32 to 50\tMostly agree\t10.14%\t120                 NaN
                   32 to 50\tMostly disagree\t10.90%\t129                 NaN
                32 to 50\tCompletely disagree\t9.46%\t112                 NaN
                  32 to 50\tDon't know/Refused\t6.08%\t72                 NaN
                    51 to 70\tCompletely agree\t1.44%\t17                 NaN
                       51 to 70\tMostly agree\t9.63%\t114                 NaN
                   51 to 70\tMostly disagree\t11.15%\t132                 NaN
               51 to 70\tCompletely disagree\t15.20%\t180                 NaN
                  51 to 70\tDon't know/Refused\t4.56%\t54                 NaN
                               71 +\tCompletely agree\t\t                 NaN
                            71 +\tMostly agree\t1.52%\t18                 NaN
                         71 +\tMostly disagree\t2.53%\t30                 NaN
                     71 +\tCompletely disagree\t1.01%\t12                 NaN
                             71 +\tDon't know/Refused\t\t                 NaN

Table_name: 4Right and Wrong Guidance
 Data: 
  Generation\tQ10D\t% of Total Sum of Q10D along Generation   Q10D\tSum of Q10D
     18 to 31\tReligious teachings and beliefs\t0.71%\t144                 NaN
               18 to 31\tPhilosophy and reason\t0.75%\t152                 NaN
 18 to 31\tPractical experience and common sense\t5.93%\t1               206.0
              18 to 31\tScientific information\t0.79%\t160                 NaN
                  18 to 31\tDon’t know/refused\t0.75%\t153                 NaN
     32 to 50\tReligious teachings and beliefs\t2.37%\t483                 NaN
               32 to 50\tPhilosophy and reason\t2.23%\t454                 NaN
32 to 50\tPractical experience and common sense\t19.72%\t4                11.0
              32 to 50\tScientific information\t2.22%\t452                 NaN
                  32 to 50\tDon’t know/refused\t2.74%\t558                 NaN
     51 to 70\tReligious teachings and beliefs\t3.68%\t748                 NaN
               51 to 70\tPhilosophy and reason\t2.82%\t574                 NaN
51 to 70\tPractical experience and common sense\t24.16%\t4               914.0
              51 to 70\tScientific information\t2.06%\t420                 NaN
                    51 to 70\tDon’t know/refused\t5.18%\t1                53.0
         71 +\tReligious teachings and beliefs\t2.39%\t486                 NaN
                   71 +\tPhilosophy and reason\t1.22%\t248                 NaN
    71 +\tPractical experience and common sense\t14.25%\t2               898.0
                  71 +\tScientific information\t1.47%\t300                 NaN
                      71 +\tDon’t know/refused\t4.56%\t927                 NaN",Religion DataStory Project
21,data\Train\Tableau\tab_047,"Table_name: 2Key Demog
 Data: 
  Year of Year Enrollment Population School Age Population
         1970     47,871    205,563                54,419
         1980     35,598    202,675                40,839
         1990     28,206    183,762                31,296
         2000     27,913    180,301                31,011
         2010     23,250    170,253                25,744
         2015     21,562    169,421                24,801
         2020     19,701    164,777                23,380
         2025     17,625    161,502                22,255
         2030     15,911    158,569                21,310

Table_name: 3District Enrollment
 Data: 
         district  1970  1980  1990  2000  2010  2015  2020  2025  2030
       Aliquippa 3,810 2,176 1,646 1,620 1,164 1,087   923   780   666
        Ambridge 5,896 4,453 3,513 3,210 2,824 2,540 2,282 1,994 1,758
          Beaver 3,609 2,505 2,254 2,108 2,007 2,095 1,783 1,615 1,480
       Blackhawk 4,152 3,750 2,960 2,962 2,543 2,435 2,242 2,002 1,803
Big Beaver Falls 4,809 3,081 2,295 2,102 1,776 1,704 1,429 1,234 1,079
  Central Valley 4,759 3,673 2,790 2,842 2,469 2,418 2,136 1,903 1,716
         Freedom 3,097 2,392 1,987 1,807 1,569 1,397 1,304 1,143 1,011
        Hopewell 4,988 3,498 2,819 3,141 2,387 2,106 2,062 2,086 2,085
         Midland 1,036   570   220   415   335   270   243   214   189
    New Brighton 2,927 2,424 2,002 2,064 1,714 1,495 1,462 1,298 1,162
       Riverside 3,087 2,527 1,990 2,066 1,574 1,482 1,404 1,235 1,095
       Rochester 2,535 1,535 1,213 1,211   902   749   717   615   534
      South Side 1,320 1,673 1,415 1,404 1,217 1,078 1,076   958   859
  Western Beaver 1,846 1,341 1,102   961   769   706   638   548   474

Table_name: 4SD by Year
 Data: 
 district  Year of Year Enrollment School Age Population
Hopewell          1970      4,988                 5,670
Hopewell          1980      3,498                 4,013
Hopewell          1990      2,819                 3,128
Hopewell          2000      3,141                 3,490
Hopewell          2010      2,387                 2,567
Hopewell          2015      2,106                 2,458
Hopewell          2020      2,062                 2,516
Hopewell          2025      2,086                 2,545
Hopewell          2030      2,085                 2,543

Table_name: 5Population and School Age Children
 Data: 
         district Population School Age Population
       Aliquippa     16,360                 4,331
        Ambridge     25,318                 6,702
          Beaver     15,497                 4,103
Big Beaver Falls     20,650                 5,467
       Blackhawk     17,829                 4,720
  Central Valley     20,436                 5,410
         Freedom     13,299                 3,521
        Hopewell     21,419                 5,670
         Midland      4,449                 1,178
    New Brighton     12,569                 3,327
       Riverside     13,256                 3,509
       Rochester     10,886                 2,882
      South Side      5,668                 1,501
  Western Beaver      7,927                 2,098

Table_name: 6School Age Children and Enrollment
 Data: 
         district Enrollment School Age Population
       Aliquippa      3,810                 4,331
        Ambridge      5,896                 6,702
          Beaver      3,609                 4,103
Big Beaver Falls      4,809                 5,467
       Blackhawk      4,152                 4,720
  Central Valley      4,759                 5,410
         Freedom      3,097                 3,521
        Hopewell      4,988                 5,670
         Midland      1,036                 1,178
    New Brighton      2,927                 3,327
       Riverside      3,087                 3,509
       Rochester      2,535                 2,882
      South Side      1,320                 1,501
  Western Beaver      1,846                 2,098",Beaver Education - Population Story
22,data\Train\Tableau\tab_048,"Table_name: 1_1Yearwise test mat
 Data: 
        Year  Mat  Inns
       2005  3.0   5.0
       2006 12.0  19.0
       2007  8.0  13.0
       2008 12.0  19.0
       2009  5.0   6.0
       2010 13.0  19.0
       2011 12.0  21.0
       2012  8.0  13.0
       2013  8.0  12.0
       2014  9.0  17.0
Grand Total 90.0 144.0

Table_name: 1_2Hs tests
 Data: 
  Year  hs_test_count
 2005             51
 2006            148
 2007             92
 2008             92
 2009            110
 2010            132
 2011            144
 2012             99
 2013            224
 2014             82

Table_name: 1_3Test Avg& cumulative runs scored yearwise
 Data: 
  Year  Avg  Runs
 2005 37.3 149.0
 2006 29.3 557.0
 2007 52.0 468.0
 2008 35.2 633.0
 2009 92.3 369.0
 2010 41.6 749.0
 2011 26.9 511.0
 2012 40.6 447.0
 2013 45.9 459.0
 2014 33.4 534.0

Table_name: 2Test Wins loses story
 Data: 
 Result  Number of Records  Matches
 Drawn                  1       15
  Lost                  1       18
   Won                  1       27
   NaN                  1       60

Table_name: 3_1Wins and loses odi as captain
 Data: 
    Result               Versus  Count of Match % of Total Count of Match  Runs
     Lost            Sri Lanka              13              6.701030928%   435
     Lost            Australia              21             10.824742268%   677
     Lost              England               8              4.123711340%   252
     Lost             Pakistan               7              3.608247423%   338
     Lost          New Zealand               6              3.092783505%   233
     Lost         South Africa              10              5.154639175%   242
     Lost          West Indies               4              2.061855670%   181
     Lost           Bangladesh               3              1.546391753%    73
No result            Sri Lanka               3              1.546391753%   146
No result            Australia               5              2.577319588%    37
No result              England               3              1.546391753%   142
No result          New Zealand               2              1.030927835%    73
No result         South Africa               1              0.515463918%     0
No result          West Indies               1              0.515463918%     0
      Won            Sri Lanka              25             12.886597938% 1,015
      Won            Australia              14              7.216494845%   490
      Won              England              17              8.762886598%   507
      Won             Pakistan              11              5.670103093%   346
      Won          New Zealand               5              2.577319588%   225
      Won         South Africa               8              4.123711340%   289
      Won          West Indies              10              5.154639175%   247
      Won           Bangladesh               8              4.123711340%   246
      Won            Hong Kong               1              0.515463918%   109
      Won             Zimbabwe               4              2.061855670%    85
      Won              Ireland               2              1.030927835%    34
      Won          Netherlands               1              0.515463918%    19
      Won United Arab Emirates               1              0.515463918%     0

Table_name: 3_2Runs contribution against teams odi
 Data: 
               Versus  Count of Match  Runs
           Australia              40 1,204
          Bangladesh              11   319
             England              28   901
           Hong Kong               1   109
             Ireland               2    34
         Netherlands               1    19
         New Zealand              13   531
            Pakistan              18   684
        South Africa              19   531
           Sri Lanka              41 1,596
United Arab Emirates               1     0
         West Indies              15   428
            Zimbabwe               4    85

Table_name: 3_3High Scores Yearwise
 Data: 
  Runs  2005  2006  2007  2008  2009  2010  2011  2012  2013  2015
 80.0  80.0   NaN   NaN   NaN   NaN   NaN   NaN   NaN   NaN   NaN
 84.1   NaN   NaN   NaN   NaN  84.1   NaN   NaN   NaN   NaN   NaN
 85.1   NaN   NaN   NaN   NaN   NaN   NaN   NaN   NaN   NaN  85.1
 87.1   NaN   NaN   NaN   NaN   NaN   NaN  87.1   NaN   NaN   NaN
 88.1   NaN   NaN   NaN  88.1   NaN   NaN   NaN   NaN   NaN   NaN
 91.1   NaN   NaN  91.1   NaN   NaN   NaN  91.1   NaN   NaN   NaN
 92.1   NaN   NaN   NaN   NaN   NaN   NaN   NaN   NaN   NaN  92.1
 94.0   NaN   NaN   NaN   NaN  94.0   NaN   NaN   NaN   NaN   NaN
 95.0   NaN   NaN   NaN   NaN  95.0   NaN   NaN   NaN   NaN   NaN
 96.0   NaN  96.0   NaN   NaN   NaN   NaN   NaN   NaN   NaN   NaN
101.1   NaN   NaN   NaN   NaN   NaN 101.1   NaN   NaN   NaN   NaN
107.0   NaN   NaN   NaN   NaN 107.0   NaN   NaN   NaN   NaN   NaN
109.1   NaN   NaN   NaN 109.1   NaN   NaN   NaN   NaN   NaN   NaN
113.1   NaN   NaN   NaN   NaN   NaN   NaN   NaN 113.1   NaN   NaN
124.0   NaN   NaN   NaN   NaN 124.0   NaN   NaN   NaN   NaN   NaN
139.1   NaN   NaN 139.1   NaN   NaN   NaN   NaN   NaN 139.1   NaN
148.0 148.0   NaN   NaN   NaN   NaN   NaN   NaN   NaN   NaN   NaN
183.1 183.1   NaN   NaN   NaN   NaN   NaN   NaN   NaN   NaN   NaN

Table_name: 3_4Home and away figures
 Data: 
 Venue Away Away.1 Away.2  Away.3 Home Home.1 Home.2  Home.3
   HS 100S    50S    Avg Matches 100S    50S    Avg Matches
 109*    2     39   46.2     175  NaN    NaN    NaN     NaN
 183*  NaN    NaN    NaN     NaN    7     21   60.2     103

Table_name: 4_1Sheet 11
 Data: 
  Versus  Australia  Pakistan  Sri Lanka  ACA Africa XI  Bangladesh  Hong Kong  Bermuda  England  Ireland  Netherlands  New Zealand  Scotland  South Africa  United Arab Emirates  West Indies  Zimbabwe
    Avg       41.8      58.4       61.4             87        51.7        NaN       29       45       34          NaN         58.1       NaN          31.6                   NaN         53.2       208
Matches       43.0      31.0       57.0              3        17.0        1.0        1       41        2          1.0         16.0       1.0          29.0                   1.0         28.0         6

Table_name: 4_2Positionwise contribution
 Data: 
 position   avg  running_sum_pct  runs
   No. 6 45.16            40.51  3613
   No. 5 53.81            65.86 2,260
   No. 4 60.61            78.09  1091
   No. 3 82.75            89.22   993
   No. 7 47.76            98.33   812
 Opening 49.00            99.43    98
   No. 8 17.00           100.00    51
     NaN   NaN              NaN   NaN
     NaN   NaN              NaN   NaN
     NaN   NaN              NaN   NaN
     NaN   NaN              NaN   NaN
     NaN   NaN              NaN   NaN
     NaN   NaN              NaN   NaN

Table_name: 5Dismissals
 Data: 
             Player  Avg Per Match  Catches  Matches  Stumpings
    Gilchrist, A C            4.3    379.0     96.0       37.0
        Healy, I A            3.3    366.0    119.0       29.0
       Dhoni, M S*            3.3    256.0     90.0       38.0
        Wasim Bari            2.8    201.0     81.0       27.0
Jayawardene, H A P            2.7    124.0     58.0       32.0
Kaluwitharana, R S            2.4     93.0     49.0       26.0
        Evans, T G            2.4    173.0     91.0       46.0
   Oldfield, W A S            2.4     78.0     54.0       52.0
    Kirmani, S M H            2.3    160.0     88.0       38.0

Table_name: 6_1T20 High scores
 Data: 
              Player  Avg  Runs
        Dhoni, M S*   37 1,069
     du Plessis, F*   40 1,003
Porterfield, W T S*   22   893
         Smith, G C   32   803
   Mohammad Hafeez*   29   753
      McCullum, B B   29   735
    Sangakkara, K C   34   652
     Shahid Afridi*   16   597
   Williamson, K S*   36   545
       Borren, P W*   20   532

Table_name: 6_2T20 Loses and wins
 Data: 
              Player  Matches  Sum of Lost  Sum of Tied/No Result  Sum of Won
        Dhoni, M S*     70.0         27.0                    1.0        42.0
Porterfield, W T S*     48.0         20.0                    4.0        24.0
      Sammy, D J G*     47.0         17.0                    2.0        28.0
     Shahid Afridi*     43.0         24.0                    0.0        19.0
       Borren, P W*     34.0         12.0                    1.0        21.0
     du Plessis, F*     31.0         13.0                    0.0        18.0
   Collingwood, P D     30.0         11.0                    2.0        17.0
   Mohammad Hafeez*     29.0         11.0                    0.0        18.0
       Bailey, G J*     28.0         14.0                    0.0        14.0
      McCullum, B B     28.0         15.0                    1.0        12.0",MSD success story
23,data\Train\Tableau\tab_050,"Table_name: 1_4th Grade Reading Pass _
 Data: 
          Locality 2014-2015 2015-2016 2016-2017
     Floyd County       82%       82%       75%
     Giles County       78%       74%       83%
Montgomery County       82%       84%       83%
   Pulaski County       80%       80%       82%
          Radford       75%       69%       82%

Table_name: 2_4th Grade Reading Pass _
 Data: 
      Year Auburn Elementary
2014-2015               74%
2015-2016               82%
2016-2017               80%

Table_name: 3_4th Grade Reading Pass _
 Data: 
          Locality                        School 2014-2015 2015-2016 2016-2017
     Floyd County              Check Elementary       74%       74%       76%
     Floyd County             Willis Elementary       77%       93%       72%
     Floyd County      Indian Valley Elementary       83%       88%       72%
     Floyd County              Floyd Elementary       92%       72%       79%
     Giles County  Macy Mcclaugherty Elementary       71%       80%       90%
     Giles County            Eastern Elementary       81%       68%       77%
     Giles County            Narrows Elementary       83%       75%       82%
Montgomery County Eastern Montgomery Elementary       73%       76%       76%
Montgomery County             Auburn Elementary       74%       82%       80%
Montgomery County        Prices Fork Elementary       78%       84%       77%
Montgomery County     Margaret Beeks Elementary       80%       85%       89%
Montgomery County            Belview Elementary       83%       78%       86%
Montgomery County     Christiansburg Elementary       83%       81%       84%
Montgomery County     Falling Branch Elementary       84%       76%       85%
Montgomery County    Gilbert Linkous Elementary       85%       98%       84%
Montgomery County     Harding Avenue Elementary       88%       89%       80%
Montgomery County              Kipps Elementary       91%       91%       92%
   Pulaski County            Critzer Elementary       60%       73%       71%
   Pulaski County            Pulaski Elementary       79%       77%       79%
   Pulaski County          Riverlawn Elementary       81%       78%       76%
   Pulaski County             Dublin Elementary       84%       74%       84%
   Pulaski County          Snowville Elementary       96%       96%      100%
          Radford         Belle Heth Elementary       75%       69%       82%",4th Grade Reading Pass Rate Story
24,data\Train\Tableau\tab_051,"Table_name: 1_13rd Gr Forward All Students
 Data: 
  year 2020 Target: 38% Avg. % Proficient Student Count Total Student Count
 2016              38%               19%         1,497               7,988
 2016              38%               43%        26,982              61,942
 2017              38%               17%         1,456               8,406
 2017              38%               41%        26,542              64,619

Table_name: 1_23rd grade ELA Prof. - Forward Exam (2015-17)
 Data: 
        category school_year                   group  year 2020 Target: 38% Avg. % Proficient  Student Count Total Student Count
 Race/Ethnicity     2015-16                   Asian  2016              38%               25%             32                 128
 Race/Ethnicity     2015-16                   Black  2016              38%               14%            164               1,190
 Race/Ethnicity     2015-16                Hispanic  2016              38%               20%            263               1,173
 Race/Ethnicity     2015-16                   White  2016              38%               39%            260                 595
 Race/Ethnicity     2016-17                   Asian  2017              38%               23%             89                 379
 Race/Ethnicity     2016-17                   Black  2017              38%                9%            280               3,141
 Race/Ethnicity     2016-17                Hispanic  2017              38%               14%            249               1,778
 Race/Ethnicity     2016-17                   White  2017              38%               37%            288                 771
Economic Status     2015-16     Econ. Disadvantaged  2016              38%               21%            448               2,151
Economic Status     2015-16 Not Econ. Disadvantaged  2016              38%               44%            384                 865
Economic Status     2016-17     Econ. Disadvantaged  2017              38%               12%            576               4,778
Economic Status     2016-17 Not Econ. Disadvantaged  2017              38%               40%            472               1,176

Table_name: 2_13rd Gr Badger All Students
 Data: 
 2020 Target: 38% Avg. % Proficient Student Count Total Student Count
             38%               25%         2,056               8,182
             38%               52%        31,351              60,361

Table_name: 2_23rd grade ELA prof. - Badger Exam (2014-15)
 Data: 
        category                   group  year 2020 Target: 38% Avg. % Proficient  Student Count Total Student Count
 Race/Ethnicity                   Asian  2015              38%               28%             21                  76
 Race/Ethnicity                   Black  2015              38%               16%            213               1,372
 Race/Ethnicity                Hispanic  2015              38%               26%            254                 988
 Race/Ethnicity                   White  2015              38%               57%            351                 620
Economic Status     Econ. Disadvantaged  2015              38%               30%            531               1,758
Economic Status Not Econ. Disadvantaged  2015              38%               54%            414                 757

Table_name: 3_13rd Gr WKCE All Students
 Data: 
  year 2020 Target: 38% Avg. % Proficient Student Count Total Student Count
 2012              38%               15%           915               6,037
 2012              38%               33%        19,398              59,459
 2013              38%               14%           938               6,501
 2013              38%               35%        20,884              60,492
 2014              38%               15%           949               6,456
 2014              38%               34%       201,495              59,943

Table_name: 3_23rd Grade ELA Prof. - WKCE (2011-14)
 Data: 
        category                   group  year 2020 Target: 38% Avg. % Proficient  Student Count Total Student Count
 Race/Ethnicity                   Asian  2012              38%               13%             15                 120
 Race/Ethnicity                   Black  2012              38%               12%            139               1,145
 Race/Ethnicity                Hispanic  2012              38%               12%            109                 883
 Race/Ethnicity                   White  2012              38%               43%            224                 515
Economic Status     Econ. Disadvantaged  2012              38%               19%            236               1,251
Economic Status Not Econ. Disadvantaged  2012              38%               38%            261                 676
 Race/Ethnicity                   Asian  2013              38%               23%             14                  60
 Race/Ethnicity                   Black  2013              38%               10%            125               1,194
 Race/Ethnicity                Hispanic  2013              38%               11%             95                 832
 Race/Ethnicity                   White  2013              38%               49%            285                 581
Economic Status     Econ. Disadvantaged  2013              38%               17%            217               1,231
Economic Status Not Econ. Disadvantaged  2013              38%               42%            301                 717
 Race/Ethnicity                   Asian  2014              38%               16%             11                  70
 Race/Ethnicity                   Black  2014              38%               11%            126               1,170
 Race/Ethnicity                Hispanic  2014              38%               12%             89                 769
 Race/Ethnicity                   White  2014              38%               45%            227                 501
Economic Status     Econ. Disadvantaged  2014              38%               19%            201               1,047
Economic Status Not Econ. Disadvantaged  2014              38%               49%            298                 616",Third Grade Reading Story
25,data\Train\Tableau\tab_053,"Table_name: 1Productivity by LEP
 Data: 
                                          LEP area  Buckinghamshire   GC&GP  Other
                          Thames Valley Berkshire               NaN    NaN 134.87
                                           London               NaN    NaN 132.26
                                    Enterprise M3               NaN    NaN 119.95
                            Swindon and Wiltshire               NaN    NaN 110.93
                          Cheshire and Warrington               NaN    NaN 105.96
                                 Coast to Capital               NaN    NaN 104.50
                        Coventry and Warwickshire               NaN    NaN 104.41
                                           Solent               NaN    NaN 103.40
                                 Buckinghamshire              99.81    NaN    NaN
                                    Hertfordshire               NaN    NaN  99.79
                                  West of England               NaN    NaN  98.34
                              South East Midlands               NaN    NaN  96.24
                                      Oxfordshire               NaN    NaN  95.84
                  Greater Birmingham and Solihull               NaN    NaN  94.88
                     Grt Cam and Grt Peterborough               NaN  93.38    NaN
                                       South East               NaN    NaN  92.59
                            Liverpool City Region               NaN    NaN  91.67
                                      Tees Valley               NaN    NaN  90.88
                                       New Anglia               NaN    NaN  90.62
                                       Lancashire               NaN    NaN  89.41
                     Leicester and Leicestershire               NaN    NaN  89.09
                               Greater Manchester               NaN    NaN  89.06
                                           Dorset               NaN    NaN  88.81
                                  Gloucestershire               NaN    NaN  87.47
Derby, Derbyshire, Nottingham and Nottinghamshire               NaN    NaN  86.31
                                          Cumbria               NaN    NaN  86.27
                                       North East               NaN    NaN  86.19
                                Leeds City Region               NaN    NaN  86.19
                                           Humber               NaN    NaN  85.80
            York, North Yorkshire and East Riding               NaN    NaN  85.11
                          Heart of the South West               NaN    NaN  82.66
                             Greater Lincolnshire               NaN    NaN  82.36
                            Sheffield City Region               NaN    NaN  81.87
                                   Worcestershire               NaN    NaN  81.82
                 Stoke-on-Trent and Staffordshire               NaN    NaN  81.52
                                      The Marches               NaN    NaN  78.80
                     Cornwall and Isles of Scilly               NaN    NaN  75.73
                                    Black Country               NaN    NaN  75.53

Table_name: 2Productivity by LA
 Data: 
         Local Authority Area  Aylesbury Vale, Chiltern, South Bucks and 1 more  Other
                    Chiltern                                            127.06    NaN
               Milton Keynes                                               NaN 120.63
           South Oxfordshire                                               NaN 108.12
         Vale of White Horse                                               NaN 106.76
        South Cambridgeshire                                               NaN 104.58
                    Cherwell                                               NaN 104.50
                       Luton                                               NaN 102.97
                     Wycombe                                            102.21    NaN
                West Suffolk                                               NaN 100.96
         North Hertfordshire                                               NaN  99.73
        Central Bedfordshire                                               NaN  99.72
                 South Bucks                                             99.69    NaN
                   Cambridge                                               NaN  97.38
             Huntingdonshire                                               NaN  95.64
                 Northampton                                               NaN  95.53
         East Cambridgeshire                                               NaN  93.88
                Peterborough                                               NaN  93.01
King's Lynn and West Norfolk                                               NaN  88.67
                     Bedford                                               NaN  88.32
            West Oxfordshire                                               NaN  87.52
               South Holland                                               NaN  87.49
              Aylesbury Vale                                             86.12    NaN
                     Rutland                                               NaN  82.57
              South Kesteven                                               NaN  82.16
                      Oxford                                               NaN  81.79
                    Daventry                                               NaN  81.57
      South Northamptonshire                                               NaN  81.47
                  Uttlesford                                               NaN  81.38
              Wellingborough                                               NaN  78.65
                     Fenland                                               NaN  76.46
                   Kettering                                               NaN  75.36
                       Corby                                               NaN  75.11
       East Northamptonshire                                               NaN  67.20

Table_name: 3Arc productivity over time
 Data: 
  LEP area  Oxfordshire  Buckinghamshire   South East Midlands  Grt Cam and Grt Peterborough
     2008       100.76            111.48                96.49                         93.16
     2009       101.36            112.38                96.62                         93.36
     2010       102.01            113.92                96.34                         94.10
     2011       101.44            113.57                95.75                         95.10
     2012       101.19            110.89                95.41                         95.61
     2013       101.17            107.43                95.70                         94.95
     2014       101.21            104.11                95.88                         93.96
     2015       100.39            101.97                95.74                         93.09
     2016        98.38            100.37                95.43                         93.04
     2017        96.75             99.86                95.77                         93.17
     2018        95.84             99.81                96.24                         93.38

Table_name: 4Average annual growth
 Data: 
                                          LEP area  Buckinghamshire Thames Valley  Other
                        Coventry and Warwickshire                            NaN    3.8
                                       Lancashire                            NaN    3.6
                                    Enterprise M3                            NaN    3.3
                  Greater Birmingham and Solihull                            NaN    3.3
                          Heart of the South West                            NaN    3.0
                          Cheshire and Warrington                            NaN    2.9
                                           Solent                            NaN    2.8
                     Cornwall and Isles of Scilly                            NaN    2.8
                                       South East                            NaN    2.8
                                           London                            NaN    2.7
                            Liverpool City Region                            NaN    2.6
                                      The Marches                            NaN    2.5
                                          Cumbria                            NaN    2.5
                          Thames Valley Berkshire                            NaN    2.5
                                       New Anglia                            NaN    2.4
                                  West of England                            NaN    2.4
                                           Dorset                            NaN    2.2
            York, North Yorkshire and East Riding                            NaN    2.2
                            Sheffield City Region                            NaN    2.2
       Greater Cambridge and Greater Peterborough                            NaN    2.2
                                       North East                            NaN    2.2
                                Leeds City Region                            NaN    2.2
                                      Tees Valley                            NaN    2.2
                            Swindon and Wiltshire                            NaN    2.2
                                    Black Country                            NaN    2.1
                 Stoke-on-Trent and Staffordshire                            NaN    2.1
                                      Oxfordshire                            NaN    2.0
Derby, Derbyshire, Nottingham and Nottinghamshire                            NaN    2.0
                     Leicester and Leicestershire                            NaN    2.0
                              South East Midlands                            NaN    1.9
                             Greater Lincolnshire                            NaN    1.9
                               Greater Manchester                            NaN    1.8
                                    Hertfordshire                            NaN    1.7
                                  Gloucestershire                            NaN    1.5
                                           Humber                            NaN    1.4
                                 Buckinghamshire                             1.3    NaN
                                 Coast to Capital                            NaN    0.9
                                   Worcestershire                            NaN    0.0

Table_name: 5Rental income
 Data: 
                              Area (group)  Buckinghamshire (excluding rental income) & Buckinghamshire (including rental income)  Other
                                       UK                                                                                    NaN  100.0
Buckinghamshire (including rental income)                                                                                   99.8    NaN
Buckinghamshire (excluding rental income)                                                                                   93.0    NaN",Buckinghamshire's labor productivity story
26,data\Train\Tableau\tab_055,"Table_name: 1_1scatter_pop-by-pct_blk
 Data: 
 GapChangeBin          State  Avg. % Persons: Black Avg. Total Population
Gap Narrowed       Arkansas                     16             2,648,881
Gap Narrowed     California                      7            33,913,471
Gap Narrowed        Florida                     15            16,149,859
Gap Narrowed        Georgia                     29             8,192,986
Gap Narrowed       Illinois                     15            12,149,675
Gap Narrowed      Louisiana                     31             4,410,511
Gap Narrowed       Michigan                     14             9,592,161
Gap Narrowed    Mississippi                     36             2,778,781
Gap Narrowed       Missouri                     11             5,572,575
Gap Narrowed       Nebraska                      4             1,717,001
Gap Narrowed     New Jersey                     13             8,302,281
Gap Narrowed       New York                     16            18,792,393
Gap Narrowed           Ohio                     11            11,203,748
Gap Narrowed       Oklahoma                      7             3,482,218
Gap Narrowed   Rhode Island                      5             1,028,358
Gap Narrowed          Texas                     12            21,539,272
Gap Narrowed  West Virginia                      3             1,823,679
 Gap Similar        Alabama                     26             4,429,133
 Gap Similar        Arizona                      4             5,113,372
 Gap Similar       Colorado                      4             4,245,987
 Gap Similar    Connecticut                      9             3,439,585
 Gap Similar       Delaware                     19               791,614
 Gap Similar         Kansas                      6             2,680,260
 Gap Similar       Maryland                     27             5,334,622
 Gap Similar  Massachusetts                      6             6,336,858
 Gap Similar      Minnesota                      4             4,879,380
 Gap Similar North Carolina                     22             8,189,521
 Gap Similar South Carolina                     29             4,106,988
 Gap Similar      Tennessee                     16             5,664,275
 Gap Similar       Virginia                     19             7,186,245
 Gap Similar     Washington                      3             5,882,908
 Gap Widened        Indiana                      8             6,043,285
 Gap Widened           Iowa                      2             2,927,436
 Gap Widened       Kentucky                      8             4,034,284
 Gap Widened         Nevada                      7             1,981,709
 Gap Widened   Pennsylvania                     10            12,320,186
 Gap Widened      Wisconsin                      6             5,308,231

Table_name: 1_2scatter_change-by-pct-black
 Data: 
 GapChangeBin          State  Avg. % Persons: Black  Avg. gap_change
Gap Narrowed       Arkansas                  15.73            -6.40
Gap Narrowed     California                   6.68            -7.72
Gap Narrowed        Florida                  14.85            -6.92
Gap Narrowed        Georgia                  28.91            -4.14
Gap Narrowed       Illinois                  14.60            -8.61
Gap Narrowed      Louisiana                  31.46            -4.23
Gap Narrowed       Michigan                  13.95            -4.51
Gap Narrowed    Mississippi                  36.44            -5.71
Gap Narrowed       Missouri                  11.13            -5.98
Gap Narrowed       Nebraska                   4.15            -3.98
Gap Narrowed     New Jersey                  13.48            -5.68
Gap Narrowed       New York                  15.76           -13.99
Gap Narrowed           Ohio                  11.42            -3.44
Gap Narrowed       Oklahoma                   7.34           -11.34
Gap Narrowed   Rhode Island                   5.11            -4.69
Gap Narrowed          Texas                  11.88            -7.70
Gap Narrowed  West Virginia                   3.17            -6.59
 Gap Similar        Alabama                  25.81            -1.67
 Gap Similar        Arizona                   3.60             2.70
 Gap Similar       Colorado                   4.03             1.43
 Gap Similar    Connecticut                   9.27             1.25
 Gap Similar       Delaware                  19.24             0.02
 Gap Similar         Kansas                   5.79            -1.24
 Gap Similar       Maryland                  27.20            -1.56
 Gap Similar  Massachusetts                   6.00             1.63
 Gap Similar      Minnesota                   3.79            -0.43
 Gap Similar North Carolina                  21.72            -1.19
 Gap Similar South Carolina                  28.72            -1.15
 Gap Similar      Tennessee                  16.36            -0.89
 Gap Similar       Virginia                  19.04             0.94
 Gap Similar     Washington                   3.36            -0.88
 Gap Widened        Indiana                   8.47             8.79
 Gap Widened           Iowa                   2.42             8.35
 Gap Widened       Kentucky                   7.50             4.84
 Gap Widened         Nevada                   7.44             5.80
 Gap Widened   Pennsylvania                  10.06             3.30
 Gap Widened      Wisconsin                   5.63             5.29

Table_name: 2slope_OK-WV-KY
 Data: 
 GapChangeBin         State  Year  Black Avg  RefLineBlack  RefLineWhite  White Avg
Gap Narrowed      Oklahoma  1990 235.980372           237           270 268.242264
Gap Narrowed      Oklahoma  2015 259.947026           260           292 280.864121
Gap Narrowed West Virginia  1990 233.544277           237           270 256.389921
Gap Narrowed West Virginia  2015 256.070484           260           292 272.322046
 Gap Widened      Kentucky  1990 240.300755           237           270 258.678965
 Gap Widened      Kentucky  2015 257.483555           260           292 280.705658

Table_name: 3slope_RI
 Data: 
 GapChangeBin         State  Year  Black Avg  RefLineBlack  RefLineWhite  White Avg
Gap Narrowed    New Jersey  1990 240.573133           237           270 278.821139
Gap Narrowed    New Jersey  2015 268.702026           260           292 301.265278
Gap Narrowed      New York  1990 233.849998           237           270 273.289396
Gap Narrowed      New York  2015 264.073731           260           292 289.519288
Gap Narrowed  Rhode Island  1990 227.846474           237           270 264.636841
Gap Narrowed  Rhode Island  2015 258.309215           260           292 290.407260
 Gap Similar   Connecticut  1990 240.084199           237           270 277.215999
 Gap Similar   Connecticut  2015 256.423695           260           292 294.808721
 Gap Similar Massachusetts  1990 243.000000           237           270 277.000000
 Gap Similar Massachusetts  2015 267.997265           260           292 303.516654
 Gap Widened  Pennsylvania  1990 235.827979           237           270 271.768014
 Gap Widened  Pennsylvania  2015 253.219483           260           292 292.459229

Table_name: 4scatter_gap-by-D-and-poverty
 Data: 
 GapChangeBin          State  BlackMinusWhitePoverty  D_segr_2010       Gap
Gap Narrowed       Arkansas                   18.93        78.00 27.320129
Gap Narrowed     California                   14.56        68.69 30.622615
Gap Narrowed        Florida                   16.54        69.55 27.166174
Gap Narrowed        Georgia                   15.04        69.02 27.477027
Gap Narrowed       Illinois                   21.57        80.70 29.496529
Gap Narrowed      Louisiana                   21.24        73.33 25.574033
Gap Narrowed       Michigan                   21.98        79.47 34.509166
Gap Narrowed    Mississippi                   22.27        72.90 27.159570
Gap Narrowed       Missouri                   16.42        78.30 27.677245
Gap Narrowed       Nebraska                   23.36        77.10 40.905616
Gap Narrowed     New Jersey                   14.08        74.80 32.563253
Gap Narrowed       New York                   13.51        81.90 25.445557
Gap Narrowed           Ohio                   21.73        75.80 31.902889
Gap Narrowed       Oklahoma                   17.41        70.43 20.917095
Gap Narrowed   Rhode Island                   18.87        70.72 32.098045
Gap Narrowed          Texas                   14.79        68.84 30.255138
Gap Narrowed  West Virginia                   15.14        76.00 16.251562
 Gap Similar        Alabama                   18.52        73.60 28.428758
 Gap Similar        Arizona                   13.36        61.50 28.332117
 Gap Similar       Colorado                   15.89        71.63 37.097503
 Gap Similar    Connecticut                   15.46        72.14 38.385026
 Gap Similar       Delaware                   11.13        62.10 27.471735
 Gap Similar         Kansas                   15.39        70.68 26.626964
 Gap Similar       Maryland                    8.58        72.40 33.796697
 Gap Similar  Massachusetts                   14.62        71.30 35.519389
 Gap Similar      Minnesota                   28.24        73.98 40.138995
 Gap Similar North Carolina                   15.70        66.60 29.265724
 Gap Similar South Carolina                   17.32        66.89 31.354648
 Gap Similar      Tennessee                   14.95        75.25 31.334328
 Gap Similar       Virginia                   11.47        63.40 30.236892
 Gap Similar     Washington                   15.06        65.80 36.849165
 Gap Widened        Indiana                   19.97        77.50 36.701286
 Gap Widened           Iowa                   26.63        75.60 36.907751
 Gap Widened       Kentucky                   15.30        70.97 23.222103
 Gap Widened         Nevada                   15.15        55.90 32.264352
 Gap Widened   Pennsylvania                   19.21        79.08 39.239747
 Gap Widened      Wisconsin                   28.79        83.10 47.587619

Table_name: 5slope_select region
 Data: 
 GapChangeBin     State  Year  Black Avg  RefLineBlack  RefLineWhite  White Avg
Gap Narrowed  Nebraska  1990 233.613787           237           270 278.500167
Gap Narrowed  Nebraska  2015 253.632078           260           292 294.537693
 Gap Similar    Kansas  1990 259.000000           237           270 287.000000
 Gap Similar    Kansas  2015 262.707065           260           292 289.334029
 Gap Similar Minnesota  1990 236.443647           237           270 277.010784
 Gap Similar Minnesota  2015 261.884685           260           292 302.023680
 Gap Widened   Indiana  1990 242.242304           237           270 270.156657
 Gap Widened   Indiana  2015 256.947825           260           292 293.649111
 Gap Widened      Iowa  1990 256.000000           237           270 285.000000
 Gap Widened      Iowa  2015 253.605446           260           292 290.513197
 Gap Widened Wisconsin  1990 236.459034           237           270 278.756129
 Gap Widened Wisconsin  2015 248.582834           260           292 296.170453",Achievement Gap Story
27,data\Test\Tableau\tab_002,"Table_name: 1Turnover rate
 Data: 
  Year  Avg. Turnover rate  Move to non-teaching job  Resign  Retire  Teachers  Transfer
 2013                22.3                     109.0     723      81      5688       333
 2012                17.6                      72.0     635     102      6054       267
 2011                15.7                      93.0     548      68      6042       220
 2010                15.1                      86.0     487      56      5953       284
 2009                20.0                      97.0     732      74      5893       282
 2008                19.6                      83.0     690      86      5744       283
 2007                21.1                      91.0     728      84      5663       313
 2006                18.9                      60.0     663     101      5518       254
 2005                17.7                       NaN     639      50      5883       335
 2004                18.3                       NaN     620      94      5763       347

Table_name: 2Map
 Data: 
 REACH   School type                 School name  Avg. Turnover rate  Latitude  Longitude  Move to non-teaching job  Resign  Retire  Teachers  Transfer
   NO    Elementary                     Andrews                21.6      30.3      -97.7                         0       4       3        51         4
   NO    Elementary                    Baranoff                16.0      30.2      -97.9                         0       3       2        50         3
   NO    Elementary                Barton Hills                 7.7      30.3      -97.8                         0       1       0        26         1
   NO    Elementary                      Becker                18.8      30.3      -97.8                         0       1       0        16         2
   NO    Elementary                  Blackshear                22.7      30.3      -97.7                         0       3       0        22         2
   NO    Elementary                     Blanton                20.9      30.3      -97.7                         0       5       0        43         4
   NO    Elementary                       Boone                 5.7      30.2      -97.8                         0       2       0        35         0
   NO    Elementary                   Brentwood                 2.6      30.3      -97.7                         0       1       0        38         0
   NO    Elementary                      Brooke                27.8      30.3      -97.7                         2       5       1        36         2
   NO    Elementary                Bryker Woods                14.3      30.3      -97.8                         0       3       0        28         1
   NO    Elementary                    Campbell                16.7      30.3      -97.7                         0       3       1        30         1
   NO    Elementary                       Casey                20.5      30.2      -97.8                         0       3       4        44         2
   NO    Elementary                       Casis                10.9      30.3      -97.8                         0       5       1        55         0
   NO    Elementary                        Cook                22.0      30.4      -97.7                         1       9       0        59         3
   NO    Elementary                       Cowan                 4.1      30.2      -97.8                         0       2       0        49         0
   NO    Elementary                  Cunningham                 5.4      30.2      -97.8                         0       1       0        37         1
   NO    Elementary                       Davis                 6.8      30.3      -97.7                         0       3       0        44         0
   NO    Elementary                      Dawson                21.9      30.2      -97.8                         0       5       0        32         2
   NO    Elementary                        Doss                 8.7      30.4      -97.8                         0       3       0        46         1
   NO    Elementary                     Galindo                23.2      30.2      -97.8                         0       9       0        56         4
   NO    Elementary                      Graham                10.2      30.4      -97.7                         0       4       1        49         0
   NO    Elementary                     Gullett                17.9      30.3      -97.7                         0       3       1        39         3
   NO    Elementary               Highland Park                10.6      30.3      -97.8                         0       3       1        47         1
   NO    Elementary                        Hill                 4.5      30.4      -97.7                         0       2       0        44         0
   NO    Elementary                     Houston                18.8      30.2      -97.8                         3       5       1        64         3
   NO    Elementary                      Joslin                17.6      30.2      -97.8                         0       3       0        34         3
   NO    Elementary                       Kiker                 9.8      30.2      -97.9                         0       6       0        61         0
   NO    Elementary                     Kocurek                16.3      30.2      -97.8                         0       4       2        43         1
   NO    Elementary                    Langford                28.6      30.2      -97.8                         3       8       1        56         4
   NO    Elementary                         Lee                10.3      30.3      -97.7                         0       2       1        29         0
   NO    Elementary                      Linder                17.2      30.2      -97.7                         0       3       4        58         3
   NO    Elementary                   Maplewood                16.7      30.3      -97.7                         0       4       1        30         0
   NO    Elementary                     Mathews                22.6      30.3      -97.8                         0       2       1        31         4
   NO    Elementary                       McBee                18.5      30.4      -97.7                         0       9       0        54         1
   NO    Elementary                    Menchaca                10.9      30.1      -97.8                         1       1       0        46         3
   NO    Elementary                        Metz                17.9      30.3      -97.7                         0       6       0        39         1
   NO    Elementary                       Mills                10.3      30.2      -97.9                         0       3       2        58         1
   NO    Elementary                      Norman                25.0      30.3      -97.7                         0       4       1        28         2
   NO    Elementary                    Oak Hill                 9.8      30.2      -97.9                         0       4       1        51         0
   NO    Elementary                 Oak Springs                28.0      30.3      -97.7                         0       6       0        25         1
   NO    Elementary                        Odom                11.4      30.2      -97.8                         1       2       0        44         2
   NO    Elementary                      Ortega                14.3      30.3      -97.7                         0       1       0        28         3
   NO    Elementary                        Palm                16.7      30.2      -97.7                         1       2       0        42         4
   NO    Elementary                      Patton                 1.9      30.2      -97.8                         0       1       0        53         0
   NO    Elementary                       Pease                10.5      30.3      -97.7                         0       1       0        19         1
   NO    Elementary                      Pillow                11.1      30.4      -97.7                         0       3       0        45         2
   NO    Elementary                      Reilly                25.9      30.3      -97.7                         0       2       0        27         5
   NO    Elementary                    Ridgetop                 4.8      30.3      -97.7                         0       0       1        21         0
   NO    Elementary                     Sanchez                31.1      30.3      -97.7                         1      10       1        45         2
   NO    Elementary                     St Elmo                21.4      30.2      -97.8                         0       3       0        28         3
   NO    Elementary                     Summitt                12.1      30.4      -97.7                         0       3       0        58         4
   NO    Elementary              Travis Heights                17.1      30.2      -97.7                         2       3       0        41         2
   NO    Elementary                       Widen                21.1      30.2      -97.7                         3       4       1        57         4
   NO    Elementary                    Williams                15.6      30.2      -97.7                         1       4       1        45         1
   NO    Elementary                        Winn                24.3      30.3      -97.7                         0       6       0        37         3
   NO    Elementary                  Wooldridge                18.6      30.4      -97.7                         2       6       1        59         2
   NO    Elementary                      Wooten                16.3      30.4      -97.7                         2       6       0        49         0
   NO    Elementary                      Zavala                 6.3      30.3      -97.7                         0       1       1        32         0
   NO    Elementary                      Zilker                 8.3      30.3      -97.8                         1       2       0        36         0
   NO   High school                    Anderson                10.6      30.4      -97.8                         0       9       2       123         2
   NO   High school                      Austin                16.7      30.3      -97.8                         1      17       3       144         3
   NO   High school                       Bowie                13.4      30.2      -97.9                         2      19       1       164         0
   NO   High school                    Crockett                14.9      30.2      -97.8                         2      13       0       121         3
   NO   High school                       Garza                22.7      30.3      -97.7                         0       3       2        22         0
   NO   High school                    McCallum                10.9      30.3      -97.7                         0       6       6       110         0
   NO Middle school                      Bailey                12.3      30.2      -97.9                         1       5       2        65         0
   NO Middle school                    Bedichek                18.7      30.3      -97.7                         3       5       3        75         3
   NO Middle school                      Burnet                24.0      30.4      -97.7                         1      10       2        75         5
   NO Middle school                   Covington                26.2      30.2      -97.8                         1       9       1        61         5
   NO Middle school                     Fulmore                26.7      30.2      -97.8                         0      18       0        75         2
   NO Middle school                     Kealing                16.5      30.3      -97.7                         0      12       1        91         2
   NO Middle school                       Lamar                25.5      30.3      -97.7                         1       5       2        51         5
   NO Middle school                      Mendez                44.8      30.2      -97.7                         2      17       2        67         9
   NO Middle school                   Murchison                13.8      30.4      -97.8                         1       7       1        80         2
   NO Middle school                    O. Henry                11.8      30.3      -97.8                         0       4       0        68         4
   NO Middle school                     Paredes                 4.8      30.2      -97.8                         0       1       1        63         1
   NO Middle school                       Small                12.7      30.2      -97.8                         0       2       1        63         5
   NO       Special                        ACES                20.0      30.3      -97.8                         0       1       0         5         0
   NO       Special Alternative Learning Center                18.0      30.3      -97.7                         0       3       1        50         5
   NO       Special                     Clifton                 0.0      30.3      -97.7                         0       0       0         6         0
   NO       Special                    Rosedale                22.7      30.3      -97.7                         1       2       0        22         2
  YES    Elementary                       Allan                25.8      30.3      -97.7                         2       4       1        31         1
  YES    Elementary                     Allison                15.4      30.2      -97.7                         1       1       1        39         3
  YES    Elementary                  Barrington                 7.4      30.4      -97.7                         0       1       0        68         4
  YES    Elementary                       Brown                21.1      30.3      -97.7                         1       5       0        38         2
  YES    Elementary                     Govalle                25.0      30.3      -97.7                         1       5       2        32         0
  YES    Elementary                      Harris                23.5      30.3      -97.7                         3       4       1        51         4
  YES    Elementary                        Hart                14.3      30.3      -97.7                         1       3       1        56         3
  YES    Elementary                      Jordan                16.1      30.3      -97.6                         1       6       0        56         2
  YES    Elementary               Pecan Springs                35.7      30.3      -97.7                         0       9       0        42         6
  YES    Elementary                      Pickle                17.0      30.3      -97.7                         0       7       0        47         1
  YES    Elementary               Pleasant Hill                18.2      30.2      -97.8                         0       4       1        44         3
  YES    Elementary                   Rodriguez                15.3      30.2      -97.7                         1       4       1        59         3
  YES    Elementary                        Sims                16.7      30.3      -97.7                         0       3       0        24         1
  YES    Elementary               Sunset Valley                25.0      30.2      -97.8                         0       7       1        40         2
  YES    Elementary                Walnut Creek                29.8      30.4      -97.7                         1      11       0        57         5
  YES   High school                       Akins                17.4      30.1      -97.8                         0      24       5       172         1
  YES   High school                      Lanier                23.4      30.4      -97.7                         3      12       4       107         6
  YES   High school                         LBJ                24.7      30.3      -97.7                         0      14       2        73         2
  YES   High school                      Reagan                30.1      30.3      -97.7                         2      14       0        73         6
  YES   High school                      Travis                15.5      30.2      -97.7                         4       9       2       103         1
  YES Middle school                       Dobie                20.4      30.4      -97.7                         0       6       1        49         3
  YES Middle school                      Martin                32.1      30.3      -97.7                         5       8       3        56         2
  YES Middle school                      Pearce                53.8      30.3      -97.7                         0      10       2        39         9
  YES Middle school                        Webb                28.8      30.3      -97.7                         1       9       2        52         3

Table_name: 3Turnover by school
 Data: 
               School  Year  Avg. Turnover rate  Move to non-teaching job  Resign  Retire  Teachers  Transfer
Mendez Middle school  2013                  52                       2.0      22       0        62         8
Mendez Middle school  2012                  45                       2.0      17       2        67         9
Mendez Middle school  2011                  21                       1.0       9       0        72         5
Mendez Middle school  2010                  21                       0.0      13       0        75         3
Mendez Middle school  2009                  41                       1.0      22       1        81         9
Mendez Middle school  2008                  21                       0.0      12       2        78         2
Mendez Middle school  2007                  19                       2.0       8       1        63         1
Mendez Middle school  2006                  26                       0.0       9       1        62         6
Mendez Middle school  2005                  24                       NaN       9       0        70         8
Mendez Middle school  2004                  26                       NaN      12       2        69         4
Pearce Middle school  2013                  63                       2.0      15       1        51        14
Pearce Middle school  2012                  54                       0.0      10       2        39         9
Pearce Middle school  2011                  41                       1.0       9       0        51        11
Pearce Middle school  2010                  48                       1.0       5       2        48        15
Pearce Middle school  2009                  51                       4.0      19       0        55         5
Pearce Middle school  2008                  30                       2.0       8       1        60         7
Pearce Middle school  2007                  20                       1.0       8       0        59         3
Pearce Middle school  2006                  36                       0.0      18       0        66         6",Austin's Teacher Turnover Problem
28,data\Test\Tableau\tab_003,"Table_name: 1Profit by country
 Data: 
                          Country  Profit
                     Afghanistan   5,460
                         Albania     709
                         Algeria   9,107
                          Angola   6,495
                       Argentina -18,694
                         Armenia      69
                       Australia 103,907
                         Austria  24,342
                      Azerbaijan   1,831
                         Bahrain      13
                      Bangladesh  19,431
                        Barbados   2,200
                         Belarus   4,534
                         Belgium  11,573
                           Benin   1,349
                         Bolivia   2,229
          Bosnia and Herzegovina     660
                          Brazil  30,090
                        Bulgaria   3,923
                         Burundi     103
                        Cambodia   4,477
                        Cameroon   5,665
                          Canada  17,817
        Central African Republic     469
                            Chad      90
                           Chile   7,744
                           China 150,683
                        Colombia  18,798
                   Cote d'Ivoire   6,431
                         Croatia   1,304
                            Cuba  38,889
                  Czech Republic   2,094
Democratic Republic of the Congo  21,861
                         Denmark  -4,282
                        Djibouti     804
              Dominican Republic  -7,613
                         Ecuador   2,548
                           Egypt  19,702
                     El Salvador  42,023
               Equatorial Guinea      44
                         Eritrea      76
                         Estonia   1,110
                        Ethiopia     290
                         Finland   3,906
                          France 109,029
                           Gabon     480
                         Georgia   1,286
                         Germany 107,323
                           Ghana   5,569
                      Guadeloupe     476
                       Guatemala  27,945
                          Guinea     951
                   Guinea-Bissau     411
                           Haiti  -4,187
                        Honduras -29,482
                       Hong Kong   1,558
                         Hungary   3,202
                           India 129,072
                       Indonesia  15,609
                            Iran  26,856
                            Iraq  18,243
                         Ireland  -7,392
                          Israel   3,559
                           Italy  19,829
                         Jamaica   1,392
                           Japan  24,328
                          Jordan   1,824
                      Kazakhstan  -7,100
                           Kenya   3,992
                      Kyrgyzstan   1,735
                         Lebanon     908
                         Lesotho   1,398
                         Liberia   1,045
                           Libya   2,045
                       Lithuania  -8,966
                       Macedonia      43
                      Madagascar   3,297
                        Malaysia  16,330
                            Mali   2,292
                      Martinique   1,114
                      Mauritania   1,676
                          Mexico 102,818
                         Moldova   1,127
                        Mongolia   1,506
                      Montenegro   1,287
                         Morocco  22,761
                      Mozambique   5,936
                 Myanmar (Burma)  -2,109
                         Namibia     737
                           Nepal     877
                     Netherlands -41,070
                     New Zealand  16,600
                       Nicaragua  33,401
                           Niger   1,820
                         Nigeria -80,751
                          Norway   5,168
                        Pakistan -22,447
                          Panama -17,723
                Papua New Guinea    -419
                        Paraguay     415
                            Peru  -5,508
                     Philippines -16,128
                          Poland  10,983
                        Portugal  -8,703
                           Qatar   1,503
           Republic of the Congo     281
                         Romania   7,626
                          Russia  22,536
                          Rwanda   1,336
                    Saudi Arabia  19,340
                         Senegal   7,511
                    Sierra Leone     472
                       Singapore   8,853
                        Slovakia     115
                        Slovenia     590
                         Somalia   1,005
                    South Africa  21,937
                     South Korea -12,793
                     South Sudan     186
                           Spain  54,390
                       Sri Lanka      86
                           Sudan   3,620
                       Swaziland      87
                          Sweden -17,519
                     Switzerland   7,237
                           Syria     693
                          Taiwan   1,819
                      Tajikistan    -263
                        Tanzania   5,728
                        Thailand  -7,308
                            Togo     817
             Trinidad and Tobago   2,300
                         Tunisia     602
                          Turkey -98,447
                    Turkmenistan  -3,303
                          Uganda  -2,426
                         Ukraine  20,944
            United Arab Emirates  -1,037
                  United Kingdom 111,900
                   United States 286,397
                         Uruguay   1,689
                      Uzbekistan   1,648
                       Venezuela -11,223
                         Vietnam  -1,870
                           Yemen  -3,706
                          Zambia   7,002
                        Zimbabwe  -5,429

Table_name: 2Discounts
 Data: 
 In / Out of Negative Profit Countries                          Country  Avg. Discount Number of Records  [Number of discounts]/COUNT([Discount])
                             Negative                          Nigeria              1               905                                        1
                             Negative                       Kazakhstan              1               101                                        1
                             Negative                         Zimbabwe              1                80                                        1
                             Negative             United Arab Emirates              1                14                                        1
                             Negative                        Lithuania              1                50                                        1
                             Negative                       Tajikistan              1                 3                                        1
                             Negative                     Turkmenistan              1                25                                        1
                             Negative                           Uganda              1                37                                        1
                             Negative                            Yemen              1                30                                        1
                             Negative                           Turkey              1             1,378                                        1
                             Negative                           Sweden              1               203                                        1
                             Negative                          Denmark              1                65                                        1
                             Negative                          Ireland              1               106                                        1
                             Negative                         Portugal              1                70                                        1
                             Negative                      Netherlands              0               435                                        1
                             Negative                      South Korea              0               172                                        1
                             Negative                         Pakistan              0               249                                        1
                             Negative                            Haiti              0               104                                        1
                             Negative                        Argentina              0               390                                        1
                             Negative                 Papua New Guinea              0                22                                        1
                             Negative                        Venezuela              0               194                                        1
                             Negative                             Peru              0               162                                        1
                             Negative                         Honduras              0               713                                        1
                             Negative                           Panama              0               388                                        1
                             Negative                         Thailand              0               295                                        1
                             Negative                      Philippines              0               681                                        1
                             Negative               Dominican Republic              0               742                                        1
                             Negative                          Vietnam              0               265                                        1
                             Negative                  Myanmar (Burma)              0               136                                        1
                             Positive                        Indonesia              0             1,390                                        1
                             Positive                      New Zealand              0               628                                        0
                             Positive                    United States              0             9,994                                        1
                             Positive                           Brazil              0             1,599                                        0
                             Positive                        Australia              0             2,837                                        1
                             Positive                            Italy              0             1,108                                        0
                             Positive              Trinidad and Tobago              0                30                                        0
                             Positive                            Syria              0                29                                        0
                             Positive                           France              0             2,827                                        0
                             Positive                   United Kingdom              0             1,633                                        0
                             Positive                           Mexico              0             2,644                                        0
                             Positive                          Germany              0             2,065                                        0
                             Positive                            Spain              0               859                                        0
                             Positive                            Japan              0               250                                        0
                             Positive                         Tanzania              0               148                                        0
                             Positive                            India              0             1,555                                        0
                             Positive                            China              0             1,880                                        0
                             Positive                         Mongolia              0                37                                        0
                             Positive                          Ecuador              0                56                                        0
                             Positive                          Uruguay              0                24                                        0
                             Positive                          Bolivia              0                48                                        0
                             Positive                      El Salvador              0               736                                        0
                             Positive                        Guatemala              0               521                                        0
                             Positive                         Colombia              0               360                                        0
                             Positive                        Nicaragua              0               614                                        0
                             Positive                            Chile              0               143                                        0
                             Positive                         Barbados              0                26                                        0
                             Positive                         Paraguay              0                12                                        0
                             Positive                             Cuba              0               724                                        0
                             Positive                       Martinique              0                25                                        0
                             Positive                          Jamaica              0                31                                        0
                             Positive                      Afghanistan              0                55                                        0
                             Positive                          Albania              0                16                                        0
                             Positive                          Algeria              0               196                                        0
                             Positive                           Angola              0               122                                        0
                             Positive                          Armenia              0                 3                                        0
                             Positive                          Austria              0               331                                        0
                             Positive                       Azerbaijan              0                29                                        0
                             Positive                          Bahrain              0                 2                                        0
                             Positive                       Bangladesh              0               163                                        0
                             Positive                          Belarus              0                80                                        0
                             Positive                          Belgium              0               147                                        0
                             Positive                            Benin              0                35                                        0
                             Positive           Bosnia and Herzegovina              0                17                                        0
                             Positive                         Bulgaria              0                75                                        0
                             Positive                          Burundi              0                 2                                        0
                             Positive                         Cambodia              0                45                                        0
                             Positive                         Cameroon              0               110                                        0
                             Positive                           Canada              0               384                                        0
                             Positive         Central African Republic              0                 7                                        0
                             Positive                             Chad              0                 2                                        0
                             Positive                    Cote d'Ivoire              0               109                                        0
                             Positive                          Croatia              0                32                                        0
                             Positive                   Czech Republic              0                71                                        0
                             Positive Democratic Republic of the Congo              0               379                                        0
                             Positive                         Djibouti              0                12                                        0
                             Positive                            Egypt              0               487                                        0
                             Positive                Equatorial Guinea              0                 3                                        0
                             Positive                          Eritrea              0                 2                                        0
                             Positive                          Estonia              0                13                                        0
                             Positive                         Ethiopia              0                 7                                        0
                             Positive                          Finland              0                64                                        0
                             Positive                            Gabon              0                14                                        0
                             Positive                          Georgia              0                33                                        0
                             Positive                            Ghana              0               102                                        0
                             Positive                       Guadeloupe              0                 8                                        0
                             Positive                           Guinea              0                18                                        0
                             Positive                    Guinea-Bissau              0                 9                                        0
                             Positive                        Hong Kong              0                21                                        0
                             Positive                          Hungary              0                66                                        0
                             Positive                             Iran              0               607                                        0
                             Positive                             Iraq              0               388                                        0
                             Positive                           Israel              0               103                                        0
                             Positive                           Jordan              0                42                                        0
                             Positive                            Kenya              0                98                                        0
                             Positive                       Kyrgyzstan              0                40                                        0
                             Positive                          Lebanon              0                12                                        0
                             Positive                          Lesotho              0                 6                                        0
                             Positive                          Liberia              0                15                                        0
                             Positive                            Libya              0                39                                        0
                             Positive                        Macedonia              0                 4                                        0
                             Positive                       Madagascar              0                56                                        0
                             Positive                         Malaysia              0               176                                        0
                             Positive                             Mali              0                43                                        0
                             Positive                       Mauritania              0                10                                        0
                             Positive                          Moldova              0                39                                        0
                             Positive                       Montenegro              0                 4                                        0
                             Positive                          Morocco              0               451                                        0
                             Positive                       Mozambique              0                94                                        0
                             Positive                          Namibia              0                 9                                        0
                             Positive                            Nepal              0                19                                        0
                             Positive                            Niger              0                43                                        0
                             Positive                           Norway              0                70                                        0
                             Positive                           Poland              0               252                                        0
                             Positive                            Qatar              0                16                                        0
                             Positive            Republic of the Congo              0                 6                                        0
                             Positive                          Romania              0               173                                        0
                             Positive                           Russia              0               384                                        0
                             Positive                           Rwanda              0                36                                        0
                             Positive                     Saudi Arabia              0               361                                        0
                             Positive                          Senegal              0               112                                        0
                             Positive                     Sierra Leone              0                15                                        0
                             Positive                        Singapore              0               141                                        0
                             Positive                         Slovakia              0                 8                                        0
                             Positive                         Slovenia              0                 3                                        0
                             Positive                          Somalia              0                52                                        0
                             Positive                     South Africa              0               461                                        0
                             Positive                      South Sudan              0                 2                                        0
                             Positive                        Sri Lanka              0                 7                                        0
                             Positive                            Sudan              0                92                                        0
                             Positive                        Swaziland              0                 2                                        0
                             Positive                      Switzerland              0                78                                        0
                             Positive                           Taiwan              0                14                                        0
                             Positive                             Togo              0                44                                        0
                             Positive                          Tunisia              0                13                                        0
                             Positive                          Ukraine              0               381                                        0
                             Positive                       Uzbekistan              0                48                                        0
                             Positive                           Zambia              0               102                                        0

Table_name: 3Number of Orders
 Data: 
 Quarter  Negative  Positive  Unnamed: 3  Unnamed: 4  Unnamed: 5  Unnamed: 6  Unnamed: 7  Unnamed: 8  Unnamed: 9  Unnamed: 10  Unnamed: 11  Unnamed: 12  Unnamed: 13  Unnamed: 14  Unnamed: 15  Unnamed: 16
2014 Q4      30.9      22.7         NaN         NaN         NaN         NaN         NaN         NaN         NaN          NaN          NaN          NaN          NaN          NaN          NaN          NaN
2014 Q3      11.7      18.1         NaN         NaN         NaN         NaN         NaN         NaN         NaN          NaN          NaN          NaN          NaN          NaN          NaN          NaN
2014 Q2      48.9      48.9         NaN         NaN         NaN         NaN         NaN         NaN         NaN          NaN          NaN          NaN          NaN          NaN          NaN          NaN
2014 Q1     -34.5     -36.5         NaN         NaN         NaN         NaN         NaN         NaN         NaN          NaN          NaN          NaN          NaN          NaN          NaN          NaN
2013 Q4      11.8       5.2         NaN         NaN         NaN         NaN         NaN         NaN         NaN          NaN          NaN          NaN          NaN          NaN          NaN          NaN
2013 Q3      12.9      21.4         NaN         NaN         NaN         NaN         NaN         NaN         NaN          NaN          NaN          NaN          NaN          NaN          NaN          NaN
2013 Q2      56.9      63.1         NaN         NaN         NaN         NaN         NaN         NaN         NaN          NaN          NaN          NaN          NaN          NaN          NaN          NaN
2013 Q1     -37.8     -45.4         NaN         NaN         NaN         NaN         NaN         NaN         NaN          NaN          NaN          NaN          NaN          NaN          NaN          NaN
2012 Q4      26.9      25.8         NaN         NaN         NaN         NaN         NaN         NaN         NaN          NaN          NaN          NaN          NaN          NaN          NaN          NaN
2012 Q3       8.3      13.4         NaN         NaN         NaN         NaN         NaN         NaN         NaN          NaN          NaN          NaN          NaN          NaN          NaN          NaN
2012 Q2      72.0      59.8         NaN         NaN         NaN         NaN         NaN         NaN         NaN          NaN          NaN          NaN          NaN          NaN          NaN          NaN
2012 Q1     -53.8     -47.7         NaN         NaN         NaN         NaN         NaN         NaN         NaN          NaN          NaN          NaN          NaN          NaN          NaN          NaN
2011 Q4      35.7      30.1         NaN         NaN         NaN         NaN         NaN         NaN         NaN          NaN          NaN          NaN          NaN          NaN          NaN          NaN
2011 Q3      -2.1      23.1         NaN         NaN         NaN         NaN         NaN         NaN         NaN          NaN          NaN          NaN          NaN          NaN          NaN          NaN
2011 Q2      87.1      45.4         NaN         NaN         NaN         NaN         NaN         NaN         NaN          NaN          NaN          NaN          NaN          NaN          NaN          NaN
2011 Q1       NaN       NaN         NaN         NaN         NaN         NaN         NaN         NaN         NaN          NaN          NaN          NaN          NaN          NaN          NaN          NaN

Table_name: 4Profit over time
 Data: 
   Year Denmark  Ireland Kazakhstan Lithuania  Netherlands  Nigeria  Portugal  Sweden  Tajikistan   Turkey  Turkmenistan  Uganda  United Arab Emirates   Yemen  Zimbabwe
2011.0    -961  -1567.0      -2427      -712      -9138.0 -15206.0   -1277.0 -1474.0        -4.0      NaN        -706.0  -516.0                -246.0   -89.0   -1088.0
2012.0    -343   -386.0       -786    -2,959      -8527.0 -17304.0    -829.0 -2525.0         NaN -21885.0       -1028.0  -647.0                   NaN -2478.0   -1475.0
2013.0  -1,682  -1543.0     -1,311      -726     -11851.0 -24956.0   -5609.0 -4113.0         NaN -27077.0        -887.0  -170.0                -275.0  -410.0    -647.0
2014.0  -1,296  -3896.0     -2,576    -4,569     -11554.0 -23285.0    -989.0 -9408.0      -259.0 -30500.0        -682.0 -1093.0                -516.0  -730.0   -2219.0
   NaN     NaN      NaN        NaN       NaN          NaN      NaN       NaN     NaN         NaN      NaN           NaN     NaN                   NaN     NaN       NaN
   NaN     NaN      NaN        NaN       NaN          NaN      NaN       NaN     NaN         NaN      NaN           NaN     NaN                   NaN     NaN       NaN
   NaN     NaN      NaN        NaN       NaN          NaN      NaN       NaN     NaN         NaN      NaN           NaN     NaN                   NaN     NaN       NaN
   NaN     NaN      NaN        NaN       NaN          NaN      NaN       NaN     NaN         NaN      NaN           NaN     NaN                   NaN     NaN       NaN
   NaN     NaN      NaN        NaN       NaN          NaN      NaN       NaN     NaN         NaN      NaN           NaN     NaN                   NaN     NaN       NaN
   NaN     NaN      NaN        NaN       NaN          NaN      NaN       NaN     NaN         NaN      NaN           NaN     NaN                   NaN     NaN       NaN
   NaN     NaN      NaN        NaN       NaN          NaN      NaN       NaN     NaN         NaN      NaN           NaN     NaN                   NaN     NaN       NaN
   NaN     NaN      NaN        NaN       NaN          NaN      NaN       NaN     NaN         NaN      NaN           NaN     NaN                   NaN     NaN       NaN
   NaN     NaN      NaN        NaN       NaN          NaN      NaN       NaN     NaN         NaN      NaN           NaN     NaN                   NaN     NaN       NaN
   NaN     NaN      NaN        NaN       NaN          NaN      NaN       NaN     NaN         NaN      NaN           NaN     NaN                   NaN     NaN       NaN
   NaN     NaN      NaN        NaN       NaN          NaN      NaN       NaN     NaN         NaN      NaN           NaN     NaN                   NaN     NaN       NaN
   NaN     NaN      NaN        NaN       NaN          NaN      NaN       NaN     NaN         NaN      NaN           NaN     NaN                   NaN     NaN       NaN",Poor Markets Story
29,data\Test\Tableau\tab_004,"Table_name: 1All Time Wins
 Data: 
             DRIVER Career Points  Career Wins  GP STARTS
Michael Schumacher         3,865           91        325
       Alain Prost      2,472.50           51        199
      Aryton Senna      1,867.50           41        161
  Sebastian Vettel         1,641           39        120
   Fernando Alonso         2,449           32        215
     Nelson Piquet         1,647           23        229
    Kimi Raikonnen         1,889           20        192
     Jenson Button      1,697.50           15        247
    David Coultard         1,694           13        246
Rubens Barrichello         1,880           11        322

Table_name: 2All time Poles
 Data: 
             DRIVER  Poles
Michael Schumacher     68
      Aryton Senna     65
  Sebastian Vettel     45
         Jim Clark     33
    Lewis Hamilton     31
Juan Manuel Fangio     29
        Damon Hill     20
    Jackie Stewart     17
     Sterling Moss     16
    Alberto Ascari     14

Table_name: 3Pole _
 Data: 
             DRIVER  # GP Starts  # Poles % Poles
    Alberto Ascari           32       14     44%
      Aryton Senna          161       65     40%
        Damon Hill          115       20     17%
    Jackie Stewart           99       17     17%
         Jim Clark           72       33     46%
Juan Manuel Fangio           51       29     57%
    Lewis Hamilton          129       31     24%
Michael Schumacher          325       68     21%
  Sebastian Vettel          120       45     38%
     Sterling Moss           66       16     24%

Table_name: 4Win _
 Data: 
             DRIVER  # GP Starts  # Race Wins  WIN RATIO Win %
       Alain Prost          199           51        3.9   26%
    Alberto Ascari           32           13        2.5   41%
      Aryton Senna          161           41        3.9   25%
        Damon Hill          115           22        5.2   19%
    Jackie Stewart           99           27        3.7   27%
         Jim Clark           72           25        2.9   35%
Juan Manuel Fangio           51           24        2.1   47%
Michael Schumacher          325           91        3.6   28%
  Sebastian Vettel          120           39        3.1   33%
     Stirling Moss           66           16        4.1   24%

Table_name: 5Points _
 Data: 
                DRIVER  # GP Starts  POINTS AVERAGE Points Scored
          Alain Prost          199              12         2,473
       Alberto Ascari           32              14           444
         Aryton Senna          161              12         1,868
      Giuseppe Farina           33              13           433
            Jim Clark           72              12           839
José Froilán González           26              12           301
   Juan Manual Fangio           51              17           867
       Lewis Hamilton          129              11         1,477
   Michael Schumacher          325              12         3,865
     Sebastian Vettel          120              14         1,641",Who is the greatest F1 Driver of all time?
30,data\Test\Tableau\tab_009,"Table_name: 1Reviews
 Data: 
                                              Movie    2015 Gross Rotten Tomatoes Score
                      Star Wars: The Force Awakens $238,000,000                 95.00%
                             Marvel's The Avengers $213,813,111                 92.00%
                                    Jurassic World $208,806,270                 71.00%
                           Avengers: Age of Ultron $191,271,109                 75.00%
     Harry Potter and the Deathly Hallows - Part 2 $177,974,263                 96.00%
                                        Iron Man 3 $176,906,021                 79.00%
                                   The Dark Knight $174,105,727                 94.00%
                                      Spider-Man 3 $172,458,601                 63.00%
                             The Dark Knight Rises $165,831,215                 87.00%
                   The Hunger Games: Catching Fire $160,580,893                 89.00%
        Pirates of the Caribbean: Dead Man's Chest $159,210,517                 54.00%
                       The Twilight Saga: New Moon $157,550,660                 28.00%
                                  The Hunger Games $157,223,032                 84.00%
                                        Spider-Man $151,092,786                 89.00%
                                         Furious 7 $147,187,040                 81.00%
         The Twilight Saga: Breaking Dawn - Part 2 $145,402,514                 48.00%
         The Twilight Saga: Breaking Dawn - Part 1 $145,293,994                 24.00%
                                        Iron Man 2 $139,032,345                 72.00%
                                   Shrek the Third $138,806,891                 40.00%
     Harry Potter and the Deathly Hallows - Part 1 $135,662,831                 78.00%
                                           Shrek 2 $135,351,894                 88.00%
        Star Wars Episode III: Revenge of the Sith $131,383,075                 79.00%
          Pirates of the Caribbean: At World's End $130,936,460                 45.00%
                               Alice in Wonderland $125,987,239                 52.00%
               Harry Potter and the Goblet of Fire $124,416,403                 88.00%
             The Hunger Games: Mockingjay - Part 1 $121,846,229                 65.00%
             Harry Potter and the Sorcerer's Stone $120,699,996                 80.00%
                             X-Men: The Last Stand $120,610,759                 58.00%
               Transformers: Revenge of the Fallen $120,189,144                 19.00%
                                       Toy Story 3 $119,700,049                 99.00%
                                      Man of Steel $118,468,612                 55.00%
                                           Minions $115,718,405                 55.00%
Indiana Jones and the Kingdom of the Crystal Skull $110,058,755                 78.00%
                     The Lost World: Jurassic Park $106,330,065                 51.00%
             The Hunger Games: Mockingjay - Part 2 $102,665,981                 70.00%
                            Star Wars (re-release)  $36,884,089                 94.00%
                                              Jaws  $31,054,062                 97.00%
                                               NaN           NaN                   NaN
                                               NaN           NaN                   NaN
                                               NaN           NaN                   NaN
                                               NaN           NaN                   NaN
                                               NaN           NaN                   NaN
                                               NaN           NaN                   NaN
                                               NaN           NaN                   NaN
                                               NaN           NaN                   NaN
                                               NaN           NaN                   NaN
                                               NaN           NaN                   NaN
                                               NaN           NaN                   NaN
                                               NaN           NaN                   NaN
                                               NaN           NaN                   NaN
                                               NaN           NaN                   NaN
                                               NaN           NaN                   NaN
                                               NaN           NaN                   NaN
                                               NaN           NaN                   NaN
                                               NaN           NaN                   NaN
                                               NaN           NaN                   NaN
                                               NaN           NaN                   NaN
                                               NaN           NaN                   NaN
                                               NaN           NaN                   NaN
                                               NaN           NaN                   NaN
                                               NaN           NaN                   NaN
                                               NaN           NaN                   NaN
                                               NaN           NaN                   NaN
                                               NaN           NaN                   NaN
                                               NaN           NaN                   NaN
                                               NaN           NaN                   NaN
                                               NaN           NaN                   NaN
                                               NaN           NaN                   NaN
                                               NaN           NaN                   NaN
                                               NaN           NaN                   NaN
                                               NaN           NaN                   NaN
                                               NaN           NaN                   NaN
                                               NaN           NaN                   NaN
                                               NaN           NaN                   NaN

Table_name: 2Sheet 2
 Data: 
  Year   Average Ticket Price   Inflation Adjusted Average Ticket Price (2015 Dollars)
 1975                    2.03                                                    8.95
 1976                    2.13                                                    8.88
 1977                    2.23                                                    8.74
 1978                    2.34                                                    8.52
 1979                    2.47                                                    8.08
 1980                    2.69                                                    7.75
 1981                    2.78                                                    7.26
 1982                    2.94                                                    7.23
 1983                    3.15                                                    7.50
 1984                    3.36                                                    7.66
 1985                    3.55                                                    7.85
 1986                    3.71                                                    8.05
 1987                    3.91                                                    8.17
 1988                    4.11                                                    8.26
 1989                    3.99                                                    7.62
 1990                    4.22                                                    7.68
 1991                    4.21                                                    7.33
 1992                    4.15                                                    7.01
 1993                    4.14                                                    6.79
 1994                    4.08                                                    6.53
 1995                    4.35                                                    6.79
 1996                    4.42                                                    6.67
 1997                    4.59                                                    6.79
 1998                    4.69                                                    6.85
 1999                    5.06                                                    7.19
 2000                    5.39                                                    7.44
 2001                    5.65                                                    7.57
 2002                    5.80                                                    7.66
 2003                    6.03                                                    7.78
 2004                    6.21                                                    7.82
 2005                    6.41                                                    7.82
 2006                    6.55                                                    7.73
 2007                    6.88                                                    7.84
 2008                    7.18                                                    7.90
 2009                    7.50                                                    8.33
 2010                    7.89                                                    8.60
 2011                    7.93                                                    8.41
 2012                    7.96                                                    8.20
 2013                    8.13                                                    8.29
 2014                    8.17                                                    8.17
 2015                    8.12                                                    8.12

Table_name: 3Sheet 3
 Data: 
   Year  Income Growth Inflation Adjusted Median Household Income
1980.0            NaN                                 $48,462.00
1981.0      -0.016590                                 $47,658.00
1982.0      -0.002686                                 $47,530.00
1983.0      -0.006333                                 $47,229.00
1984.0       0.030384                                 $48,664.00
1985.0       0.018700                                 $49,574.00
1986.0       0.035402                                 $51,329.00
1987.0       0.012547                                 $51,973.00
1988.0       0.007677                                 $52,372.00
1989.0       0.017834                                 $53,306.00
1990.0      -0.012813                                 $52,623.00
1991.0      -0.029208                                 $51,086.00
1992.0      -0.008202                                 $50,667.00
1993.0      -0.004855                                 $50,421.00
1994.0       0.011602                                 $51,006.00
1995.0       0.031330                                 $52,604.00
1996.0       0.014086                                 $53,345.00
1997.0       0.020583                                 $54,443.00
1998.0       0.036772                                 $56,445.00
1999.0       0.024767                                 $57,843.00
2000.0      -0.002057                                 $57,724.00
2001.0      -0.021793                                 $56,466.00
2002.0      -0.011671                                 $55,807.00
2003.0      -0.000860                                 $55,759.00
2004.0      -0.003479                                 $55,565.00
2005.0       0.010708                                 $56,160.00
2006.0       0.007799                                 $56,598.00
2007.0       0.013410                                 $57,357.00
2008.0      -0.035636                                 $55,313.00
2009.0      -0.007015                                 $54,925.00
2010.0      -0.025817                                 $53,507.00
2011.0      -0.015269                                 $52,690.00
2012.0      -0.001613                                 $52,605.00
2013.0       0.003498                                 $52,789.00
2014.0       0.016443                                 $53,657.00
2015.0       0.000000                                 $53,657.00
   NaN            NaN                                        NaN
   NaN            NaN                                        NaN
   NaN            NaN                                        NaN
   NaN            NaN                                        NaN
   NaN            NaN                                        NaN
   NaN            NaN                                        NaN
   NaN            NaN                                        NaN
   NaN            NaN                                        NaN
   NaN            NaN                                        NaN
   NaN            NaN                                        NaN
   NaN            NaN                                        NaN
   NaN            NaN                                        NaN
   NaN            NaN                                        NaN
   NaN            NaN                                        NaN
   NaN            NaN                                        NaN
   NaN            NaN                                        NaN
   NaN            NaN                                        NaN
   NaN            NaN                                        NaN
   NaN            NaN                                        NaN
   NaN            NaN                                        NaN
   NaN            NaN                                        NaN
   NaN            NaN                                        NaN
   NaN            NaN                                        NaN
   NaN            NaN                                        NaN
   NaN            NaN                                        NaN
   NaN            NaN                                        NaN
   NaN            NaN                                        NaN
   NaN            NaN                                        NaN
   NaN            NaN                                        NaN
   NaN            NaN                                        NaN
   NaN            NaN                                        NaN
   NaN            NaN                                        NaN
   NaN            NaN                                        NaN
   NaN            NaN                                        NaN

Table_name: 4_1Sheet 4
 Data: 
  Year  Population Growth Rate  Theater Growth Rate
 1976                0.010090                  NaN
 1977                0.010625                  NaN
 1978                0.011142                  NaN
 1979                0.009597                  NaN
 1980                0.009902                  NaN
 1981                0.009544                  NaN
 1982                0.009195                  NaN
 1983                0.008683                  NaN
 1984                0.008905                  NaN
 1985                0.009289                  NaN
 1986                0.008995                  NaN
 1987                0.009121                  NaN
 1988                0.009489             0.050352
 1989                0.011344             0.012713
 1990                0.013460             0.045511
 1991                0.013954             0.036500
 1992                0.013294             0.025442
 1993                0.012350             0.018280
 1994                0.011971             0.041994
 1995                0.011679             0.045103
 1996                0.012101             0.070754
 1997                0.011737             0.074209
 1998                0.011564             0.076264
 1999                0.011181             0.090670
 2000                0.009959            -0.020632
 2001                0.009334            -0.024457
 2002                0.008622             0.005715
 2003                0.009307            -0.000171
 2004                0.009255             0.022247
 2005                0.009678             0.034781
 2006                0.009552             0.019573
 2007                0.009494             0.010433
 2008                0.008813             0.001101
 2009                0.008410             0.010576
 2010                0.007661             0.007693
 2011                0.007667             0.001851
 2012                0.007609             0.002104
 2013                0.007457             0.007989
 2014                0.007307            -0.000305
 2015                0.002740             0.000000

Table_name: 4_2Sheet 5
 Data: 
  Year Total_Screens
 1987        20,595
 1988        21,632
 1989        21,907
 1990        22,904
 1991        23,740
 1992        24,344
 1993        24,789
 1994        25,830
 1995        26,995
 1996        28,905
 1997        31,050
 1998        33,418
 1999        36,448
 2000        35,696
 2001        34,823
 2002        35,022
 2003        35,016
 2004        35,795
 2005        37,040
 2006        37,765
 2007        38,159
 2008        38,201
 2009        38,605
 2010        38,902
 2011        38,974
 2012        39,056
 2013        39,368
 2014        39,356
 2015        39,356",What's Driving Record Movie Debuts?
31,data\Test\Tableau\tab_010,"Table_name: 2Years of Indenture
 Data: 
 Total Years Indentured (bin)  Number of Records  Unnamed: 2  Unnamed: 3  Unnamed: 4  Unnamed: 5
                         < 1                166         NaN         NaN         NaN         NaN
                         1.3                476         NaN         NaN         NaN         NaN
                         2.6                979         NaN         NaN         NaN         NaN
                         3.9               1915         NaN         NaN         NaN         NaN
                         5.2                514         NaN         NaN         NaN         NaN
                         6.5                410         NaN         NaN         NaN         NaN
                         7.8                260         NaN         NaN         NaN         NaN
                         9.1                120         NaN         NaN         NaN         NaN
                        10.4                 95         NaN         NaN         NaN         NaN
                        11.7                 65         NaN         NaN         NaN         NaN
                          13                 77         NaN         NaN         NaN         NaN
                        14.3                 28         NaN         NaN         NaN         NaN
                        15.6                  9         NaN         NaN         NaN         NaN
                        16.9                 19         NaN         NaN         NaN         NaN
                        18.2                  4         NaN         NaN         NaN         NaN
                        19.5                  1         NaN         NaN         NaN         NaN
                          26                  1         NaN         NaN         NaN         NaN

Table_name: 3Years Type of Indenture (Percentage)
 Data: 
 Total Years Indentured (bin)  Servant - Number of Records Servant - % of Total  Apprentice - Number of Records Apprentice - % of Total  Unnamed: 5  Unnamed: 6  Unnamed: 7  Unnamed: 8  Unnamed: 9  Unnamed: 10  Unnamed: 11  Unnamed: 12  Unnamed: 13  Unnamed: 14  Unnamed: 15  Unnamed: 16  Unnamed: 17  Unnamed: 18
                         < 1                        133.0                3.40%                            33.0                   2.73%         NaN         NaN         NaN         NaN         NaN          NaN          NaN          NaN          NaN          NaN          NaN          NaN          NaN          NaN
                         1.3                        412.0               10.53%                            61.0                   5.05%         NaN         NaN         NaN         NaN         NaN          NaN          NaN          NaN          NaN          NaN          NaN          NaN          NaN          NaN
                         2.6                        843.0               21.55%                           129.0                  10.67%         NaN         NaN         NaN         NaN         NaN          NaN          NaN          NaN          NaN          NaN          NaN          NaN          NaN          NaN
                         3.9                       1660.0               42.43%                           250.0                  20.68%         NaN         NaN         NaN         NaN         NaN          NaN          NaN          NaN          NaN          NaN          NaN          NaN          NaN          NaN
                         5.2                        321.0                8.21%                           191.0                  15.80%         NaN         NaN         NaN         NaN         NaN          NaN          NaN          NaN          NaN          NaN          NaN          NaN          NaN          NaN
                         6.5                        238.0                6.08%                           172.0                  14.23%         NaN         NaN         NaN         NaN         NaN          NaN          NaN          NaN          NaN          NaN          NaN          NaN          NaN          NaN
                         7.8                        144.0                3.68%                           116.0                   9.59%         NaN         NaN         NaN         NaN         NaN          NaN          NaN          NaN          NaN          NaN          NaN          NaN          NaN          NaN
                         9.1                         54.0                1.38%                            66.0                   5.46%         NaN         NaN         NaN         NaN         NaN          NaN          NaN          NaN          NaN          NaN          NaN          NaN          NaN          NaN
                        10.4                         33.0                0.84%                            62.0                   5.13%         NaN         NaN         NaN         NaN         NaN          NaN          NaN          NaN          NaN          NaN          NaN          NaN          NaN          NaN
                        11.7                         25.0                0.64%                            39.0                   3.23%         NaN         NaN         NaN         NaN         NaN          NaN          NaN          NaN          NaN          NaN          NaN          NaN          NaN          NaN
                          13                         27.0                0.69%                            50.0                   4.14%         NaN         NaN         NaN         NaN         NaN          NaN          NaN          NaN          NaN          NaN          NaN          NaN          NaN          NaN
                        14.3                          8.0                0.20%                            20.0                   1.65%         NaN         NaN         NaN         NaN         NaN          NaN          NaN          NaN          NaN          NaN          NaN          NaN          NaN          NaN
                        15.6                          3.0                0.08%                             6.0                   0.50%         NaN         NaN         NaN         NaN         NaN          NaN          NaN          NaN          NaN          NaN          NaN          NaN          NaN          NaN
                        16.9                          8.0                0.20%                            11.0                   0.91%         NaN         NaN         NaN         NaN         NaN          NaN          NaN          NaN          NaN          NaN          NaN          NaN          NaN          NaN
                        18.2                          2.0                0.05%                             2.0                   0.17%         NaN         NaN         NaN         NaN         NaN          NaN          NaN          NaN          NaN          NaN          NaN          NaN          NaN          NaN
                        19.5                          NaN                  NaN                             1.0                   0.08%         NaN         NaN         NaN         NaN         NaN          NaN          NaN          NaN          NaN          NaN          NaN          NaN          NaN          NaN
                          26                          1.0                0.03%                             NaN                     NaN         NaN         NaN         NaN         NaN         NaN          NaN          NaN          NaN          NaN          NaN          NaN          NaN          NaN          NaN

Table_name: 4Years Indentured - GENDER (Percentage)
 Data: 
 Gender Runaway   Bound As Total Years Indentured (bin)  Number of Records % of Total
Female   FALSE    Servant                          < 1                 14      0.96%
Female   FALSE    Servant                          1.3                 70      4.82%
Female   FALSE    Servant                          2.6                227     15.64%
Female   FALSE    Servant                          3.9                581     40.04%
Female   FALSE    Servant                          5.2                108      7.44%
Female   FALSE    Servant                          6.5                 88      6.06%
Female   FALSE    Servant                          7.8                 47      3.24%
Female   FALSE    Servant                          9.1                 23      1.59%
Female   FALSE Apprentice                          < 1                  4      0.28%
Female   FALSE Apprentice                          1.3                 13      0.90%
Female   FALSE Apprentice                          2.6                 22      1.52%
Female   FALSE Apprentice                          3.9                 33      2.27%
Female   FALSE Apprentice                          5.2                 28      1.93%
Female   FALSE Apprentice                          6.5                 28      1.93%
Female   FALSE Apprentice                          7.8                 40      2.76%
Female   FALSE Apprentice                          9.1                 30      2.07%
Female    TRUE    Servant                         11.7                 13      0.90%
Female    TRUE    Servant                           13                  5      0.34%
Female    TRUE    Servant                         14.3                  1      0.07%
Female    TRUE    Servant                         15.6                  2      0.14%
Female    TRUE    Servant                         16.9                  1      0.07%
Female    TRUE    Servant                         19.5                  1      0.07%
Female    TRUE Apprentice                         11.7                 13      0.90%
Female    TRUE Apprentice                           13                 16      1.10%
Female    TRUE Apprentice                         14.3                  3      0.21%
Female    TRUE Apprentice                         16.9                  1      0.07%
Female       *    Servant                         10.4                 12      0.83%
Female       * Apprentice                         10.4                 27      1.86%
  Male   FALSE    Servant                          < 1                119      3.24%
  Male   FALSE    Servant                          1.3                342      9.32%
  Male   FALSE    Servant                          2.6                616     16.78%
  Male   FALSE    Servant                          3.9               1079     29.40%
  Male   FALSE    Servant                          5.2                213      5.80%
  Male   FALSE    Servant                          6.5                150      4.09%
  Male   FALSE    Servant                          7.8                 97      2.64%
  Male   FALSE    Servant                          9.1                 31      0.84%
  Male   FALSE Apprentice                          < 1                 29      0.79%
  Male   FALSE Apprentice                          1.3                 48      1.31%
  Male   FALSE Apprentice                          2.6                107      2.92%
  Male   FALSE Apprentice                          3.9                217      5.91%
  Male   FALSE Apprentice                          5.2                163      4.44%
  Male   FALSE Apprentice                          6.5                144      3.92%
  Male   FALSE Apprentice                          7.8                 76      2.07%
  Male   FALSE Apprentice                          9.1                 36      0.98%
  Male    TRUE    Servant                         11.7                 12      0.33%
  Male    TRUE    Servant                           13                 22      0.60%
  Male    TRUE    Servant                         14.3                  7      0.19%
  Male    TRUE    Servant                         15.6                  1      0.03%
  Male    TRUE    Servant                         16.9                  7      0.19%
  Male    TRUE    Servant                         18.2                  2      0.05%
  Male    TRUE Apprentice                         11.7                 26      0.71%
  Male    TRUE Apprentice                           13                 34      0.93%
  Male    TRUE Apprentice                         14.3                 17      0.46%
  Male    TRUE Apprentice                         15.6                  6      0.16%
  Male    TRUE Apprentice                         16.9                 10      0.27%
  Male    TRUE Apprentice                         18.2                  2      0.05%
  Male    TRUE Apprentice                         19.5                  1      0.03%
  Male       *    Servant                         10.4                 21      0.57%
  Male       * Apprentice                         10.4                 35      0.95%

Table_name: 5Years Indentured - GENDER (Percentage)
 Data: 
 Gender Runaway   Bound As Total Years Indentured (bin)  Number of Records % of Total  Unnamed: 6  Unnamed: 7  Unnamed: 8  Unnamed: 9  Unnamed: 10  Unnamed: 11  Unnamed: 12  Unnamed: 13  Unnamed: 14  Unnamed: 15  Unnamed: 16  Unnamed: 17  Unnamed: 18  Unnamed: 19
Female   FALSE Apprentice                          < 1                  4      1.55%         NaN         NaN         NaN         NaN          NaN          NaN          NaN          NaN          NaN          NaN          NaN          NaN          NaN          NaN
Female   FALSE Apprentice                          1.3                 13      5.04%         NaN         NaN         NaN         NaN          NaN          NaN          NaN          NaN          NaN          NaN          NaN          NaN          NaN          NaN
Female   FALSE Apprentice                          2.6                 22      8.53%         NaN         NaN         NaN         NaN          NaN          NaN          NaN          NaN          NaN          NaN          NaN          NaN          NaN          NaN
Female   FALSE Apprentice                          3.9                 33     12.79%         NaN         NaN         NaN         NaN          NaN          NaN          NaN          NaN          NaN          NaN          NaN          NaN          NaN          NaN
Female   FALSE Apprentice                          5.2                 28     10.85%         NaN         NaN         NaN         NaN          NaN          NaN          NaN          NaN          NaN          NaN          NaN          NaN          NaN          NaN
Female   FALSE Apprentice                          6.5                 28     10.85%         NaN         NaN         NaN         NaN          NaN          NaN          NaN          NaN          NaN          NaN          NaN          NaN          NaN          NaN
Female   FALSE Apprentice                          7.8                 40     15.50%         NaN         NaN         NaN         NaN          NaN          NaN          NaN          NaN          NaN          NaN          NaN          NaN          NaN          NaN
Female   FALSE Apprentice                          9.1                 30     11.63%         NaN         NaN         NaN         NaN          NaN          NaN          NaN          NaN          NaN          NaN          NaN          NaN          NaN          NaN
Female    TRUE Apprentice                         11.7                 13      5.04%         NaN         NaN         NaN         NaN          NaN          NaN          NaN          NaN          NaN          NaN          NaN          NaN          NaN          NaN
Female    TRUE Apprentice                           13                 16      6.20%         NaN         NaN         NaN         NaN          NaN          NaN          NaN          NaN          NaN          NaN          NaN          NaN          NaN          NaN
Female    TRUE Apprentice                         14.3                  3      1.16%         NaN         NaN         NaN         NaN          NaN          NaN          NaN          NaN          NaN          NaN          NaN          NaN          NaN          NaN
Female    TRUE Apprentice                         16.9                  1      0.39%         NaN         NaN         NaN         NaN          NaN          NaN          NaN          NaN          NaN          NaN          NaN          NaN          NaN          NaN
Female       * Apprentice                         10.4                 27     10.47%         NaN         NaN         NaN         NaN          NaN          NaN          NaN          NaN          NaN          NaN          NaN          NaN          NaN          NaN
  Male   FALSE Apprentice                          < 1                 29      3.05%         NaN         NaN         NaN         NaN          NaN          NaN          NaN          NaN          NaN          NaN          NaN          NaN          NaN          NaN
  Male   FALSE Apprentice                          1.3                 48      5.05%         NaN         NaN         NaN         NaN          NaN          NaN          NaN          NaN          NaN          NaN          NaN          NaN          NaN          NaN
  Male   FALSE Apprentice                          2.6                107     11.25%         NaN         NaN         NaN         NaN          NaN          NaN          NaN          NaN          NaN          NaN          NaN          NaN          NaN          NaN
  Male   FALSE Apprentice                          3.9                217     22.82%         NaN         NaN         NaN         NaN          NaN          NaN          NaN          NaN          NaN          NaN          NaN          NaN          NaN          NaN
  Male   FALSE Apprentice                          5.2                163     17.14%         NaN         NaN         NaN         NaN          NaN          NaN          NaN          NaN          NaN          NaN          NaN          NaN          NaN          NaN
  Male   FALSE Apprentice                          6.5                144     15.14%         NaN         NaN         NaN         NaN          NaN          NaN          NaN          NaN          NaN          NaN          NaN          NaN          NaN          NaN
  Male   FALSE Apprentice                          7.8                 76      7.99%         NaN         NaN         NaN         NaN          NaN          NaN          NaN          NaN          NaN          NaN          NaN          NaN          NaN          NaN
  Male   FALSE Apprentice                          9.1                 36      3.79%         NaN         NaN         NaN         NaN          NaN          NaN          NaN          NaN          NaN          NaN          NaN          NaN          NaN          NaN
  Male    TRUE Apprentice                         11.7                 26      2.73%         NaN         NaN         NaN         NaN          NaN          NaN          NaN          NaN          NaN          NaN          NaN          NaN          NaN          NaN
  Male    TRUE Apprentice                           13                 34      3.58%         NaN         NaN         NaN         NaN          NaN          NaN          NaN          NaN          NaN          NaN          NaN          NaN          NaN          NaN
  Male    TRUE Apprentice                         14.3                 17      1.79%         NaN         NaN         NaN         NaN          NaN          NaN          NaN          NaN          NaN          NaN          NaN          NaN          NaN          NaN
  Male    TRUE Apprentice                         15.6                  6      0.63%         NaN         NaN         NaN         NaN          NaN          NaN          NaN          NaN          NaN          NaN          NaN          NaN          NaN          NaN
  Male    TRUE Apprentice                         16.9                 10      1.05%         NaN         NaN         NaN         NaN          NaN          NaN          NaN          NaN          NaN          NaN          NaN          NaN          NaN          NaN
  Male    TRUE Apprentice                         18.2                  2      0.21%         NaN         NaN         NaN         NaN          NaN          NaN          NaN          NaN          NaN          NaN          NaN          NaN          NaN          NaN
  Male    TRUE Apprentice                         19.5                  1      0.11%         NaN         NaN         NaN         NaN          NaN          NaN          NaN          NaN          NaN          NaN          NaN          NaN          NaN          NaN
  Male       * Apprentice                         10.4                 35      3.68%         NaN         NaN         NaN         NaN          NaN          NaN          NaN          NaN          NaN          NaN          NaN          NaN          NaN          NaN",Length of Indenture
32,data\Test\Tableau\tab_011,"Table_name: 2WS_Incidents per Age Trend
 Data: 
 age_range year_bracket  incident_rate  max_rate  Unnamed: 4  Unnamed: 5  Unnamed: 6  Unnamed: 7  Unnamed: 8  Unnamed: 9  Unnamed: 10  Unnamed: 11  Unnamed: 12  Unnamed: 13  Unnamed: 14  Unnamed: 15  Unnamed: 16  Unnamed: 17  Unnamed: 18  Unnamed: 19  Unnamed: 20  Unnamed: 21  Unnamed: 22  Unnamed: 23  Unnamed: 24  Unnamed: 25  Unnamed: 26  Unnamed: 27  Unnamed: 28  Unnamed: 29  Unnamed: 30  Unnamed: 31  Unnamed: 32  Unnamed: 33  Unnamed: 34
 45 to 54  1975 - 1977            4.2       5.0         NaN         NaN         NaN         NaN         NaN         NaN          NaN          NaN          NaN          NaN          NaN          NaN          NaN          NaN          NaN          NaN          NaN          NaN          NaN          NaN          NaN          NaN          NaN          NaN          NaN          NaN          NaN          NaN          NaN          NaN          NaN
 45 to 54  1976 - 1978            4.2       5.0         NaN         NaN         NaN         NaN         NaN         NaN          NaN          NaN          NaN          NaN          NaN          NaN          NaN          NaN          NaN          NaN          NaN          NaN          NaN          NaN          NaN          NaN          NaN          NaN          NaN          NaN          NaN          NaN          NaN          NaN          NaN
 45 to 54  1977 - 1979            4.4       5.0         NaN         NaN         NaN         NaN         NaN         NaN          NaN          NaN          NaN          NaN          NaN          NaN          NaN          NaN          NaN          NaN          NaN          NaN          NaN          NaN          NaN          NaN          NaN          NaN          NaN          NaN          NaN          NaN          NaN          NaN          NaN
 45 to 54  1978 - 1980            4.6       6.0         NaN         NaN         NaN         NaN         NaN         NaN          NaN          NaN          NaN          NaN          NaN          NaN          NaN          NaN          NaN          NaN          NaN          NaN          NaN          NaN          NaN          NaN          NaN          NaN          NaN          NaN          NaN          NaN          NaN          NaN          NaN
 45 to 54  1979 - 1981            4.8       6.0         NaN         NaN         NaN         NaN         NaN         NaN          NaN          NaN          NaN          NaN          NaN          NaN          NaN          NaN          NaN          NaN          NaN          NaN          NaN          NaN          NaN          NaN          NaN          NaN          NaN          NaN          NaN          NaN          NaN          NaN          NaN
 45 to 54  1980 - 1982            4.9       6.0         NaN         NaN         NaN         NaN         NaN         NaN          NaN          NaN          NaN          NaN          NaN          NaN          NaN          NaN          NaN          NaN          NaN          NaN          NaN          NaN          NaN          NaN          NaN          NaN          NaN          NaN          NaN          NaN          NaN          NaN          NaN
 45 to 54  1981 - 1983            4.8       6.0         NaN         NaN         NaN         NaN         NaN         NaN          NaN          NaN          NaN          NaN          NaN          NaN          NaN          NaN          NaN          NaN          NaN          NaN          NaN          NaN          NaN          NaN          NaN          NaN          NaN          NaN          NaN          NaN          NaN          NaN          NaN
 45 to 54  1982 - 1984            5.2       6.0         NaN         NaN         NaN         NaN         NaN         NaN          NaN          NaN          NaN          NaN          NaN          NaN          NaN          NaN          NaN          NaN          NaN          NaN          NaN          NaN          NaN          NaN          NaN          NaN          NaN          NaN          NaN          NaN          NaN          NaN          NaN
 45 to 54  1983 - 1985            5.4       6.0         NaN         NaN         NaN         NaN         NaN         NaN          NaN          NaN          NaN          NaN          NaN          NaN          NaN          NaN          NaN          NaN          NaN          NaN          NaN          NaN          NaN          NaN          NaN          NaN          NaN          NaN          NaN          NaN          NaN          NaN          NaN
 45 to 54  1984 - 1986            5.4       6.0         NaN         NaN         NaN         NaN         NaN         NaN          NaN          NaN          NaN          NaN          NaN          NaN          NaN          NaN          NaN          NaN          NaN          NaN          NaN          NaN          NaN          NaN          NaN          NaN          NaN          NaN          NaN          NaN          NaN          NaN          NaN
 45 to 54  1985 - 1987            5.4       6.0         NaN         NaN         NaN         NaN         NaN         NaN          NaN          NaN          NaN          NaN          NaN          NaN          NaN          NaN          NaN          NaN          NaN          NaN          NaN          NaN          NaN          NaN          NaN          NaN          NaN          NaN          NaN          NaN          NaN          NaN          NaN
 45 to 54  1986 - 1988            5.4       6.0         NaN         NaN         NaN         NaN         NaN         NaN          NaN          NaN          NaN          NaN          NaN          NaN          NaN          NaN          NaN          NaN          NaN          NaN          NaN          NaN          NaN          NaN          NaN          NaN          NaN          NaN          NaN          NaN          NaN          NaN          NaN
 45 to 54  1987 - 1989            5.3       6.0         NaN         NaN         NaN         NaN         NaN         NaN          NaN          NaN          NaN          NaN          NaN          NaN          NaN          NaN          NaN          NaN          NaN          NaN          NaN          NaN          NaN          NaN          NaN          NaN          NaN          NaN          NaN          NaN          NaN          NaN          NaN
 45 to 54  1988 - 1990            5.6       7.0         NaN         NaN         NaN         NaN         NaN         NaN          NaN          NaN          NaN          NaN          NaN          NaN          NaN          NaN          NaN          NaN          NaN          NaN          NaN          NaN          NaN          NaN          NaN          NaN          NaN          NaN          NaN          NaN          NaN          NaN          NaN
 45 to 54  1989 - 1991            6.1       7.0         NaN         NaN         NaN         NaN         NaN         NaN          NaN          NaN          NaN          NaN          NaN          NaN          NaN          NaN          NaN          NaN          NaN          NaN          NaN          NaN          NaN          NaN          NaN          NaN          NaN          NaN          NaN          NaN          NaN          NaN          NaN
 45 to 54  1990 - 1992            6.9       8.0         NaN         NaN         NaN         NaN         NaN         NaN          NaN          NaN          NaN          NaN          NaN          NaN          NaN          NaN          NaN          NaN          NaN          NaN          NaN          NaN          NaN          NaN          NaN          NaN          NaN          NaN          NaN          NaN          NaN          NaN          NaN
 45 to 54  1991 - 1993            7.2       9.0         NaN         NaN         NaN         NaN         NaN         NaN          NaN          NaN          NaN          NaN          NaN          NaN          NaN          NaN          NaN          NaN          NaN          NaN          NaN          NaN          NaN          NaN          NaN          NaN          NaN          NaN          NaN          NaN          NaN          NaN          NaN
 45 to 54  1992 - 1994            8.0      10.0         NaN         NaN         NaN         NaN         NaN         NaN          NaN          NaN          NaN          NaN          NaN          NaN          NaN          NaN          NaN          NaN          NaN          NaN          NaN          NaN          NaN          NaN          NaN          NaN          NaN          NaN          NaN          NaN          NaN          NaN          NaN
 45 to 54  1993 - 1995            8.8      11.0         NaN         NaN         NaN         NaN         NaN         NaN          NaN          NaN          NaN          NaN          NaN          NaN          NaN          NaN          NaN          NaN          NaN          NaN          NaN          NaN          NaN          NaN          NaN          NaN          NaN          NaN          NaN          NaN          NaN          NaN          NaN
 45 to 54  1994 - 1996           10.3      12.0         NaN         NaN         NaN         NaN         NaN         NaN          NaN          NaN          NaN          NaN          NaN          NaN          NaN          NaN          NaN          NaN          NaN          NaN          NaN          NaN          NaN          NaN          NaN          NaN          NaN          NaN          NaN          NaN          NaN          NaN          NaN
 45 to 54  1995 - 1997           11.0      13.0         NaN         NaN         NaN         NaN         NaN         NaN          NaN          NaN          NaN          NaN          NaN          NaN          NaN          NaN          NaN          NaN          NaN          NaN          NaN          NaN          NaN          NaN          NaN          NaN          NaN          NaN          NaN          NaN          NaN          NaN          NaN
 45 to 54  1996 - 1998           11.6      14.0         NaN         NaN         NaN         NaN         NaN         NaN          NaN          NaN          NaN          NaN          NaN          NaN          NaN          NaN          NaN          NaN          NaN          NaN          NaN          NaN          NaN          NaN          NaN          NaN          NaN          NaN          NaN          NaN          NaN          NaN          NaN
 45 to 54  1997 - 1999           12.3      15.0         NaN         NaN         NaN         NaN         NaN         NaN          NaN          NaN          NaN          NaN          NaN          NaN          NaN          NaN          NaN          NaN          NaN          NaN          NaN          NaN          NaN          NaN          NaN          NaN          NaN          NaN          NaN          NaN          NaN          NaN          NaN
 45 to 54  1998 - 2000           14.5      17.0         NaN         NaN         NaN         NaN         NaN         NaN          NaN          NaN          NaN          NaN          NaN          NaN          NaN          NaN          NaN          NaN          NaN          NaN          NaN          NaN          NaN          NaN          NaN          NaN          NaN          NaN          NaN          NaN          NaN          NaN          NaN
 45 to 54  1999 - 2001           17.8      21.0         NaN         NaN         NaN         NaN         NaN         NaN          NaN          NaN          NaN          NaN          NaN          NaN          NaN          NaN          NaN          NaN          NaN          NaN          NaN          NaN          NaN          NaN          NaN          NaN          NaN          NaN          NaN          NaN          NaN          NaN          NaN
 45 to 54  2000 - 2002           20.8      25.0         NaN         NaN         NaN         NaN         NaN         NaN          NaN          NaN          NaN          NaN          NaN          NaN          NaN          NaN          NaN          NaN          NaN          NaN          NaN          NaN          NaN          NaN          NaN          NaN          NaN          NaN          NaN          NaN          NaN          NaN          NaN
 45 to 54  2001 - 2003           22.9      27.0         NaN         NaN         NaN         NaN         NaN         NaN          NaN          NaN          NaN          NaN          NaN          NaN          NaN          NaN          NaN          NaN          NaN          NaN          NaN          NaN          NaN          NaN          NaN          NaN          NaN          NaN          NaN          NaN          NaN          NaN          NaN
 45 to 54  2002 - 2004           25.3      30.0         NaN         NaN         NaN         NaN         NaN         NaN          NaN          NaN          NaN          NaN          NaN          NaN          NaN          NaN          NaN          NaN          NaN          NaN          NaN          NaN          NaN          NaN          NaN          NaN          NaN          NaN          NaN          NaN          NaN          NaN          NaN
 45 to 54  2003 - 2005           27.0      32.0         NaN         NaN         NaN         NaN         NaN         NaN          NaN          NaN          NaN          NaN          NaN          NaN          NaN          NaN          NaN          NaN          NaN          NaN          NaN          NaN          NaN          NaN          NaN          NaN          NaN          NaN          NaN          NaN          NaN          NaN          NaN
 45 to 54  2004 - 2006           28.9      35.0         NaN         NaN         NaN         NaN         NaN         NaN          NaN          NaN          NaN          NaN          NaN          NaN          NaN          NaN          NaN          NaN          NaN          NaN          NaN          NaN          NaN          NaN          NaN          NaN          NaN          NaN          NaN          NaN          NaN          NaN          NaN
 45 to 54  2005 - 2007           30.0      36.0         NaN         NaN         NaN         NaN         NaN         NaN          NaN          NaN          NaN          NaN          NaN          NaN          NaN          NaN          NaN          NaN          NaN          NaN          NaN          NaN          NaN          NaN          NaN          NaN          NaN          NaN          NaN          NaN          NaN          NaN          NaN
 45 to 54  2006 - 2008           31.3      38.0         NaN         NaN         NaN         NaN         NaN         NaN          NaN          NaN          NaN          NaN          NaN          NaN          NaN          NaN          NaN          NaN          NaN          NaN          NaN          NaN          NaN          NaN          NaN          NaN          NaN          NaN          NaN          NaN          NaN          NaN          NaN
 45 to 54  2007 - 2009           34.1      41.0         NaN         NaN         NaN         NaN         NaN         NaN          NaN          NaN          NaN          NaN          NaN          NaN          NaN          NaN          NaN          NaN          NaN          NaN          NaN          NaN          NaN          NaN          NaN          NaN          NaN          NaN          NaN          NaN          NaN          NaN          NaN
 45 to 54  2008 - 2010           35.7      43.0         NaN         NaN         NaN         NaN         NaN         NaN          NaN          NaN          NaN          NaN          NaN          NaN          NaN          NaN          NaN          NaN          NaN          NaN          NaN          NaN          NaN          NaN          NaN          NaN          NaN          NaN          NaN          NaN          NaN          NaN          NaN
 55 to 64  1975 - 1977           36.6      44.0         NaN         NaN         NaN         NaN         NaN         NaN          NaN          NaN          NaN          NaN          NaN          NaN          NaN          NaN          NaN          NaN          NaN          NaN          NaN          NaN          NaN          NaN          NaN          NaN          NaN          NaN          NaN          NaN          NaN          NaN          NaN
 55 to 64  1976 - 1978           37.7      45.0         NaN         NaN         NaN         NaN         NaN         NaN          NaN          NaN          NaN          NaN          NaN          NaN          NaN          NaN          NaN          NaN          NaN          NaN          NaN          NaN          NaN          NaN          NaN          NaN          NaN          NaN          NaN          NaN          NaN          NaN          NaN
 55 to 64  1977 - 1979           38.9      47.0         NaN         NaN         NaN         NaN         NaN         NaN          NaN          NaN          NaN          NaN          NaN          NaN          NaN          NaN          NaN          NaN          NaN          NaN          NaN          NaN          NaN          NaN          NaN          NaN          NaN          NaN          NaN          NaN          NaN          NaN          NaN
 55 to 64  1978 - 1980           40.8      49.0         NaN         NaN         NaN         NaN         NaN         NaN          NaN          NaN          NaN          NaN          NaN          NaN          NaN          NaN          NaN          NaN          NaN          NaN          NaN          NaN          NaN          NaN          NaN          NaN          NaN          NaN          NaN          NaN          NaN          NaN          NaN
 55 to 64  1979 - 1981           42.2      51.0         NaN         NaN         NaN         NaN         NaN         NaN          NaN          NaN          NaN          NaN          NaN          NaN          NaN          NaN          NaN          NaN          NaN          NaN          NaN          NaN          NaN          NaN          NaN          NaN          NaN          NaN          NaN          NaN          NaN          NaN          NaN
 55 to 64  1980 - 1982           42.9      51.0         NaN         NaN         NaN         NaN         NaN         NaN          NaN          NaN          NaN          NaN          NaN          NaN          NaN          NaN          NaN          NaN          NaN          NaN          NaN          NaN          NaN          NaN          NaN          NaN          NaN          NaN          NaN          NaN          NaN          NaN          NaN
 55 to 64  1981 - 1983           42.7      51.0         NaN         NaN         NaN         NaN         NaN         NaN          NaN          NaN          NaN          NaN          NaN          NaN          NaN          NaN          NaN          NaN          NaN          NaN          NaN          NaN          NaN          NaN          NaN          NaN          NaN          NaN          NaN          NaN          NaN          NaN          NaN
 55 to 64  1982 - 1984           43.8      53.0         NaN         NaN         NaN         NaN         NaN         NaN          NaN          NaN          NaN          NaN          NaN          NaN          NaN          NaN          NaN          NaN          NaN          NaN          NaN          NaN          NaN          NaN          NaN          NaN          NaN          NaN          NaN          NaN          NaN          NaN          NaN
 55 to 64  1983 - 1985           45.8      55.0         NaN         NaN         NaN         NaN         NaN         NaN          NaN          NaN          NaN          NaN          NaN          NaN          NaN          NaN          NaN          NaN          NaN          NaN          NaN          NaN          NaN          NaN          NaN          NaN          NaN          NaN          NaN          NaN          NaN          NaN          NaN
 55 to 64  1984 - 1986           47.9      57.0         NaN         NaN         NaN         NaN         NaN         NaN          NaN          NaN          NaN          NaN          NaN          NaN          NaN          NaN          NaN          NaN          NaN          NaN          NaN          NaN          NaN          NaN          NaN          NaN          NaN          NaN          NaN          NaN          NaN          NaN          NaN
 55 to 64  1985 - 1987           49.7      60.0         NaN         NaN         NaN         NaN         NaN         NaN          NaN          NaN          NaN          NaN          NaN          NaN          NaN          NaN          NaN          NaN          NaN          NaN          NaN          NaN          NaN          NaN          NaN          NaN          NaN          NaN          NaN          NaN          NaN          NaN          NaN
 55 to 64  1986 - 1988           51.3      62.0         NaN         NaN         NaN         NaN         NaN         NaN          NaN          NaN          NaN          NaN          NaN          NaN          NaN          NaN          NaN          NaN          NaN          NaN          NaN          NaN          NaN          NaN          NaN          NaN          NaN          NaN          NaN          NaN          NaN          NaN          NaN
 55 to 64  1987 - 1989           52.3      63.0         NaN         NaN         NaN         NaN         NaN         NaN          NaN          NaN          NaN          NaN          NaN          NaN          NaN          NaN          NaN          NaN          NaN          NaN          NaN          NaN          NaN          NaN          NaN          NaN          NaN          NaN          NaN          NaN          NaN          NaN          NaN
 55 to 64  1988 - 1990           55.2      66.0         NaN         NaN         NaN         NaN         NaN         NaN          NaN          NaN          NaN          NaN          NaN          NaN          NaN          NaN          NaN          NaN          NaN          NaN          NaN          NaN          NaN          NaN          NaN          NaN          NaN          NaN          NaN          NaN          NaN          NaN          NaN
 55 to 64  1989 - 1991           56.2      67.0         NaN         NaN         NaN         NaN         NaN         NaN          NaN          NaN          NaN          NaN          NaN          NaN          NaN          NaN          NaN          NaN          NaN          NaN          NaN          NaN          NaN          NaN          NaN          NaN          NaN          NaN          NaN          NaN          NaN          NaN          NaN
 55 to 64  1990 - 1992           59.6      72.0         NaN         NaN         NaN         NaN         NaN         NaN          NaN          NaN          NaN          NaN          NaN          NaN          NaN          NaN          NaN          NaN          NaN          NaN          NaN          NaN          NaN          NaN          NaN          NaN          NaN          NaN          NaN          NaN          NaN          NaN          NaN
 55 to 64  1991 - 1993           64.5      77.0         NaN         NaN         NaN         NaN         NaN         NaN          NaN          NaN          NaN          NaN          NaN          NaN          NaN          NaN          NaN          NaN          NaN          NaN          NaN          NaN          NaN          NaN          NaN          NaN          NaN          NaN          NaN          NaN          NaN          NaN          NaN
 55 to 64  1992 - 1994           74.1      89.0         NaN         NaN         NaN         NaN         NaN         NaN          NaN          NaN          NaN          NaN          NaN          NaN          NaN          NaN          NaN          NaN          NaN          NaN          NaN          NaN          NaN          NaN          NaN          NaN          NaN          NaN          NaN          NaN          NaN          NaN          NaN
 55 to 64  1993 - 1995           84.9     102.0         NaN         NaN         NaN         NaN         NaN         NaN          NaN          NaN          NaN          NaN          NaN          NaN          NaN          NaN          NaN          NaN          NaN          NaN          NaN          NaN          NaN          NaN          NaN          NaN          NaN          NaN          NaN          NaN          NaN          NaN          NaN
 55 to 64  1994 - 1996           94.5     113.0         NaN         NaN         NaN         NaN         NaN         NaN          NaN          NaN          NaN          NaN          NaN          NaN          NaN          NaN          NaN          NaN          NaN          NaN          NaN          NaN          NaN          NaN          NaN          NaN          NaN          NaN          NaN          NaN          NaN          NaN          NaN
 55 to 64  1995 - 1997          100.2     120.0         NaN         NaN         NaN         NaN         NaN         NaN          NaN          NaN          NaN          NaN          NaN          NaN          NaN          NaN          NaN          NaN          NaN          NaN          NaN          NaN          NaN          NaN          NaN          NaN          NaN          NaN          NaN          NaN          NaN          NaN          NaN
 55 to 64  1996 - 1998          104.1     125.0         NaN         NaN         NaN         NaN         NaN         NaN          NaN          NaN          NaN          NaN          NaN          NaN          NaN          NaN          NaN          NaN          NaN          NaN          NaN          NaN          NaN          NaN          NaN          NaN          NaN          NaN          NaN          NaN          NaN          NaN          NaN
 55 to 64  1997 - 1999          112.3     135.0         NaN         NaN         NaN         NaN         NaN         NaN          NaN          NaN          NaN          NaN          NaN          NaN          NaN          NaN          NaN          NaN          NaN          NaN          NaN          NaN          NaN          NaN          NaN          NaN          NaN          NaN          NaN          NaN          NaN          NaN          NaN
 55 to 64  1998 - 2000          125.2     150.0         NaN         NaN         NaN         NaN         NaN         NaN          NaN          NaN          NaN          NaN          NaN          NaN          NaN          NaN          NaN          NaN          NaN          NaN          NaN          NaN          NaN          NaN          NaN          NaN          NaN          NaN          NaN          NaN          NaN          NaN          NaN
 55 to 64  1999 - 2001          146.3     176.0         NaN         NaN         NaN         NaN         NaN         NaN          NaN          NaN          NaN          NaN          NaN          NaN          NaN          NaN          NaN          NaN          NaN          NaN          NaN          NaN          NaN          NaN          NaN          NaN          NaN          NaN          NaN          NaN          NaN          NaN          NaN
 55 to 64  2000 - 2002          164.8     198.0         NaN         NaN         NaN         NaN         NaN         NaN          NaN          NaN          NaN          NaN          NaN          NaN          NaN          NaN          NaN          NaN          NaN          NaN          NaN          NaN          NaN          NaN          NaN          NaN          NaN          NaN          NaN          NaN          NaN          NaN          NaN
 55 to 64  2001 - 2003          180.1     216.0         NaN         NaN         NaN         NaN         NaN         NaN          NaN          NaN          NaN          NaN          NaN          NaN          NaN          NaN          NaN          NaN          NaN          NaN          NaN          NaN          NaN          NaN          NaN          NaN          NaN          NaN          NaN          NaN          NaN          NaN          NaN
 55 to 64  2002 - 2004          195.7     235.0         NaN         NaN         NaN         NaN         NaN         NaN          NaN          NaN          NaN          NaN          NaN          NaN          NaN          NaN          NaN          NaN          NaN          NaN          NaN          NaN          NaN          NaN          NaN          NaN          NaN          NaN          NaN          NaN          NaN          NaN          NaN
 55 to 64  2003 - 2005          206.6     248.0         NaN         NaN         NaN         NaN         NaN         NaN          NaN          NaN          NaN          NaN          NaN          NaN          NaN          NaN          NaN          NaN          NaN          NaN          NaN          NaN          NaN          NaN          NaN          NaN          NaN          NaN          NaN          NaN          NaN          NaN          NaN
 55 to 64  2004 - 2006          218.3     262.0         NaN         NaN         NaN         NaN         NaN         NaN          NaN          NaN          NaN          NaN          NaN          NaN          NaN          NaN          NaN          NaN          NaN          NaN          NaN          NaN          NaN          NaN          NaN          NaN          NaN          NaN          NaN          NaN          NaN          NaN          NaN
 55 to 64  2005 - 2007          221.2     265.0         NaN         NaN         NaN         NaN         NaN         NaN          NaN          NaN          NaN          NaN          NaN          NaN          NaN          NaN          NaN          NaN          NaN          NaN          NaN          NaN          NaN          NaN          NaN          NaN          NaN          NaN          NaN          NaN          NaN          NaN          NaN
 55 to 64  2006 - 2008          225.6     271.0         NaN         NaN         NaN         NaN         NaN         NaN          NaN          NaN          NaN          NaN          NaN          NaN          NaN          NaN          NaN          NaN          NaN          NaN          NaN          NaN          NaN          NaN          NaN          NaN          NaN          NaN          NaN          NaN          NaN          NaN          NaN
 55 to 64  2007 - 2009          232.5     279.0         NaN         NaN         NaN         NaN         NaN         NaN          NaN          NaN          NaN          NaN          NaN          NaN          NaN          NaN          NaN          NaN          NaN          NaN          NaN          NaN          NaN          NaN          NaN          NaN          NaN          NaN          NaN          NaN          NaN          NaN          NaN
 55 to 64  2008 - 2010          236.0     283.0         NaN         NaN         NaN         NaN         NaN         NaN          NaN          NaN          NaN          NaN          NaN          NaN          NaN          NaN          NaN          NaN          NaN          NaN          NaN          NaN          NaN          NaN          NaN          NaN          NaN          NaN          NaN          NaN          NaN          NaN          NaN
 65 to 74  1975 - 1977          157.6     189.0         NaN         NaN         NaN         NaN         NaN         NaN          NaN          NaN          NaN          NaN          NaN          NaN          NaN          NaN          NaN          NaN          NaN          NaN          NaN          NaN          NaN          NaN          NaN          NaN          NaN          NaN          NaN          NaN          NaN          NaN          NaN
 65 to 74  1976 - 1978          158.9     191.0         NaN         NaN         NaN         NaN         NaN         NaN          NaN          NaN          NaN          NaN          NaN          NaN          NaN          NaN          NaN          NaN          NaN          NaN          NaN          NaN          NaN          NaN          NaN          NaN          NaN          NaN          NaN          NaN          NaN          NaN          NaN
 65 to 74  1977 - 1979          164.4     197.0         NaN         NaN         NaN         NaN         NaN         NaN          NaN          NaN          NaN          NaN          NaN          NaN          NaN          NaN          NaN          NaN          NaN          NaN          NaN          NaN          NaN          NaN          NaN          NaN          NaN          NaN          NaN          NaN          NaN          NaN          NaN
 65 to 74  1978 - 1980          169.0     203.0         NaN         NaN         NaN         NaN         NaN         NaN          NaN          NaN          NaN          NaN          NaN          NaN          NaN          NaN          NaN          NaN          NaN          NaN          NaN          NaN          NaN          NaN          NaN          NaN          NaN          NaN          NaN          NaN          NaN          NaN          NaN
 65 to 74  1979 - 1981          177.4     213.0         NaN         NaN         NaN         NaN         NaN         NaN          NaN          NaN          NaN          NaN          NaN          NaN          NaN          NaN          NaN          NaN          NaN          NaN          NaN          NaN          NaN          NaN          NaN          NaN          NaN          NaN          NaN          NaN          NaN          NaN          NaN
 65 to 74  1980 - 1982          183.8     221.0         NaN         NaN         NaN         NaN         NaN         NaN          NaN          NaN          NaN          NaN          NaN          NaN          NaN          NaN          NaN          NaN          NaN          NaN          NaN          NaN          NaN          NaN          NaN          NaN          NaN          NaN          NaN          NaN          NaN          NaN          NaN
 65 to 74  1981 - 1983          190.8     229.0         NaN         NaN         NaN         NaN         NaN         NaN          NaN          NaN          NaN          NaN          NaN          NaN          NaN          NaN          NaN          NaN          NaN          NaN          NaN          NaN          NaN          NaN          NaN          NaN          NaN          NaN          NaN          NaN          NaN          NaN          NaN
 65 to 74  1982 - 1984          197.4     237.0         NaN         NaN         NaN         NaN         NaN         NaN          NaN          NaN          NaN          NaN          NaN          NaN          NaN          NaN          NaN          NaN          NaN          NaN          NaN          NaN          NaN          NaN          NaN          NaN          NaN          NaN          NaN          NaN          NaN          NaN          NaN
 65 to 74  1983 - 1985          204.9     246.0         NaN         NaN         NaN         NaN         NaN         NaN          NaN          NaN          NaN          NaN          NaN          NaN          NaN          NaN          NaN          NaN          NaN          NaN          NaN          NaN          NaN          NaN          NaN          NaN          NaN          NaN          NaN          NaN          NaN          NaN          NaN
 65 to 74  1984 - 1986          210.1     252.0         NaN         NaN         NaN         NaN         NaN         NaN          NaN          NaN          NaN          NaN          NaN          NaN          NaN          NaN          NaN          NaN          NaN          NaN          NaN          NaN          NaN          NaN          NaN          NaN          NaN          NaN          NaN          NaN          NaN          NaN          NaN
 65 to 74  1985 - 1987          214.8     258.0         NaN         NaN         NaN         NaN         NaN         NaN          NaN          NaN          NaN          NaN          NaN          NaN          NaN          NaN          NaN          NaN          NaN          NaN          NaN          NaN          NaN          NaN          NaN          NaN          NaN          NaN          NaN          NaN          NaN          NaN          NaN
 65 to 74  1986 - 1988          221.1     265.0         NaN         NaN         NaN         NaN         NaN         NaN          NaN          NaN          NaN          NaN          NaN          NaN          NaN          NaN          NaN          NaN          NaN          NaN          NaN          NaN          NaN          NaN          NaN          NaN          NaN          NaN          NaN          NaN          NaN          NaN          NaN
 65 to 74  1987 - 1989          227.4     273.0         NaN         NaN         NaN         NaN         NaN         NaN          NaN          NaN          NaN          NaN          NaN          NaN          NaN          NaN          NaN          NaN          NaN          NaN          NaN          NaN          NaN          NaN          NaN          NaN          NaN          NaN          NaN          NaN          NaN          NaN          NaN
 65 to 74  1988 - 1990          234.2     281.0         NaN         NaN         NaN         NaN         NaN         NaN          NaN          NaN          NaN          NaN          NaN          NaN          NaN          NaN          NaN          NaN          NaN          NaN          NaN          NaN          NaN          NaN          NaN          NaN          NaN          NaN          NaN          NaN          NaN          NaN          NaN
 65 to 74  1989 - 1991          240.4     288.0         NaN         NaN         NaN         NaN         NaN         NaN          NaN          NaN          NaN          NaN          NaN          NaN          NaN          NaN          NaN          NaN          NaN          NaN          NaN          NaN          NaN          NaN          NaN          NaN          NaN          NaN          NaN          NaN          NaN          NaN          NaN
 65 to 74  1990 - 1992          254.8     306.0         NaN         NaN         NaN         NaN         NaN         NaN          NaN          NaN          NaN          NaN          NaN          NaN          NaN          NaN          NaN          NaN          NaN          NaN          NaN          NaN          NaN          NaN          NaN          NaN          NaN          NaN          NaN          NaN          NaN          NaN          NaN
 65 to 74  1991 - 1993          281.1     337.0         NaN         NaN         NaN         NaN         NaN         NaN          NaN          NaN          NaN          NaN          NaN          NaN          NaN          NaN          NaN          NaN          NaN          NaN          NaN          NaN          NaN          NaN          NaN          NaN          NaN          NaN          NaN          NaN          NaN          NaN          NaN
 65 to 74  1992 - 1994          315.9     379.0         NaN         NaN         NaN         NaN         NaN         NaN          NaN          NaN          NaN          NaN          NaN          NaN          NaN          NaN          NaN          NaN          NaN          NaN          NaN          NaN          NaN          NaN          NaN          NaN          NaN          NaN          NaN          NaN          NaN          NaN          NaN
 65 to 74  1993 - 1995          342.4     411.0         NaN         NaN         NaN         NaN         NaN         NaN          NaN          NaN          NaN          NaN          NaN          NaN          NaN          NaN          NaN          NaN          NaN          NaN          NaN          NaN          NaN          NaN          NaN          NaN          NaN          NaN          NaN          NaN          NaN          NaN          NaN
 65 to 74  1994 - 1996          361.3     434.0         NaN         NaN         NaN         NaN         NaN         NaN          NaN          NaN          NaN          NaN          NaN          NaN          NaN          NaN          NaN          NaN          NaN          NaN          NaN          NaN          NaN          NaN          NaN          NaN          NaN          NaN          NaN          NaN          NaN          NaN          NaN
 65 to 74  1995 - 1997          367.6     441.0         NaN         NaN         NaN         NaN         NaN         NaN          NaN          NaN          NaN          NaN          NaN          NaN          NaN          NaN          NaN          NaN          NaN          NaN          NaN          NaN          NaN          NaN          NaN          NaN          NaN          NaN          NaN          NaN          NaN          NaN          NaN
 65 to 74  1996 - 1998          374.6     450.0         NaN         NaN         NaN         NaN         NaN         NaN          NaN          NaN          NaN          NaN          NaN          NaN          NaN          NaN          NaN          NaN          NaN          NaN          NaN          NaN          NaN          NaN          NaN          NaN          NaN          NaN          NaN          NaN          NaN          NaN          NaN
 65 to 74  1997 - 1999          388.1     466.0         NaN         NaN         NaN         NaN         NaN         NaN          NaN          NaN          NaN          NaN          NaN          NaN          NaN          NaN          NaN          NaN          NaN          NaN          NaN          NaN          NaN          NaN          NaN          NaN          NaN          NaN          NaN          NaN          NaN          NaN          NaN
 65 to 74  1998 - 2000          420.2     504.0         NaN         NaN         NaN         NaN         NaN         NaN          NaN          NaN          NaN          NaN          NaN          NaN          NaN          NaN          NaN          NaN          NaN          NaN          NaN          NaN          NaN          NaN          NaN          NaN          NaN          NaN          NaN          NaN          NaN          NaN          NaN
 65 to 74  1999 - 2001          471.7     566.0         NaN         NaN         NaN         NaN         NaN         NaN          NaN          NaN          NaN          NaN          NaN          NaN          NaN          NaN          NaN          NaN          NaN          NaN          NaN          NaN          NaN          NaN          NaN          NaN          NaN          NaN          NaN          NaN          NaN          NaN          NaN
 65 to 74  2000 - 2002          510.7     613.0         NaN         NaN         NaN         NaN         NaN         NaN          NaN          NaN          NaN          NaN          NaN          NaN          NaN          NaN          NaN          NaN          NaN          NaN          NaN          NaN          NaN          NaN          NaN          NaN          NaN          NaN          NaN          NaN          NaN          NaN          NaN
 65 to 74  2001 - 2003          533.9     641.0         NaN         NaN         NaN         NaN         NaN         NaN          NaN          NaN          NaN          NaN          NaN          NaN          NaN          NaN          NaN          NaN          NaN          NaN          NaN          NaN          NaN          NaN          NaN          NaN          NaN          NaN          NaN          NaN          NaN          NaN          NaN
 65 to 74  2002 - 2004          553.4     664.0         NaN         NaN         NaN         NaN         NaN         NaN          NaN          NaN          NaN          NaN          NaN          NaN          NaN          NaN          NaN          NaN          NaN          NaN          NaN          NaN          NaN          NaN          NaN          NaN          NaN          NaN          NaN          NaN          NaN          NaN          NaN
 65 to 74  2003 - 2005          565.4     678.0         NaN         NaN         NaN         NaN         NaN         NaN          NaN          NaN          NaN          NaN          NaN          NaN          NaN          NaN          NaN          NaN          NaN          NaN          NaN          NaN          NaN          NaN          NaN          NaN          NaN          NaN          NaN          NaN          NaN          NaN          NaN
 65 to 74  2004 - 2006          580.8     697.0         NaN         NaN         NaN         NaN         NaN         NaN          NaN          NaN          NaN          NaN          NaN          NaN          NaN          NaN          NaN          NaN          NaN          NaN          NaN          NaN          NaN          NaN          NaN          NaN          NaN          NaN          NaN          NaN          NaN          NaN          NaN
 65 to 74  2005 - 2007          581.3     698.0         NaN         NaN         NaN         NaN         NaN         NaN          NaN          NaN          NaN          NaN          NaN          NaN          NaN          NaN          NaN          NaN          NaN          NaN          NaN          NaN          NaN          NaN          NaN          NaN          NaN          NaN          NaN          NaN          NaN          NaN          NaN
 65 to 74  2006 - 2008          585.0     702.0         NaN         NaN         NaN         NaN         NaN         NaN          NaN          NaN          NaN          NaN          NaN          NaN          NaN          NaN          NaN          NaN          NaN          NaN          NaN          NaN          NaN          NaN          NaN          NaN          NaN          NaN          NaN          NaN          NaN          NaN          NaN
 65 to 74  2007 - 2009          600.2     720.0         NaN         NaN         NaN         NaN         NaN         NaN          NaN          NaN          NaN          NaN          NaN          NaN          NaN          NaN          NaN          NaN          NaN          NaN          NaN          NaN          NaN          NaN          NaN          NaN          NaN          NaN          NaN          NaN          NaN          NaN          NaN
 65 to 74  2008 - 2010          609.3     731.0         NaN         NaN         NaN         NaN         NaN         NaN          NaN          NaN          NaN          NaN          NaN          NaN          NaN          NaN          NaN          NaN          NaN          NaN          NaN          NaN          NaN          NaN          NaN          NaN          NaN          NaN          NaN          NaN          NaN          NaN          NaN
 75 to 84  1975 - 1977          386.9     464.0         NaN         NaN         NaN         NaN         NaN         NaN          NaN          NaN          NaN          NaN          NaN          NaN          NaN          NaN          NaN          NaN          NaN          NaN          NaN          NaN          NaN          NaN          NaN          NaN          NaN          NaN          NaN          NaN          NaN          NaN          NaN
 75 to 84  1976 - 1978          384.3     461.0         NaN         NaN         NaN         NaN         NaN         NaN          NaN          NaN          NaN          NaN          NaN          NaN          NaN          NaN          NaN          NaN          NaN          NaN          NaN          NaN          NaN          NaN          NaN          NaN          NaN          NaN          NaN          NaN          NaN          NaN          NaN
 75 to 84  1977 - 1979          394.2     473.0         NaN         NaN         NaN         NaN         NaN         NaN          NaN          NaN          NaN          NaN          NaN          NaN          NaN          NaN          NaN          NaN          NaN          NaN          NaN          NaN          NaN          NaN          NaN          NaN          NaN          NaN          NaN          NaN          NaN          NaN          NaN
 75 to 84  1978 - 1980          406.7     488.0         NaN         NaN         NaN         NaN         NaN         NaN          NaN          NaN          NaN          NaN          NaN          NaN          NaN          NaN          NaN          NaN          NaN          NaN          NaN          NaN          NaN          NaN          NaN          NaN          NaN          NaN          NaN          NaN          NaN          NaN          NaN
 75 to 84  1979 - 1981          427.7     513.0         NaN         NaN         NaN         NaN         NaN         NaN          NaN          NaN          NaN          NaN          NaN          NaN          NaN          NaN          NaN          NaN          NaN          NaN          NaN          NaN          NaN          NaN          NaN          NaN          NaN          NaN          NaN          NaN          NaN          NaN          NaN
 75 to 84  1980 - 1982          436.8     524.0         NaN         NaN         NaN         NaN         NaN         NaN          NaN          NaN          NaN          NaN          NaN          NaN          NaN          NaN          NaN          NaN          NaN          NaN          NaN          NaN          NaN          NaN          NaN          NaN          NaN          NaN          NaN          NaN          NaN          NaN          NaN
 75 to 84  1981 - 1983          453.3     544.0         NaN         NaN         NaN         NaN         NaN         NaN          NaN          NaN          NaN          NaN          NaN          NaN          NaN          NaN          NaN          NaN          NaN          NaN          NaN          NaN          NaN          NaN          NaN          NaN          NaN          NaN          NaN          NaN          NaN          NaN          NaN
 75 to 84  1982 - 1984          458.9     551.0         NaN         NaN         NaN         NaN         NaN         NaN          NaN          NaN          NaN          NaN          NaN          NaN          NaN          NaN          NaN          NaN          NaN          NaN          NaN          NaN          NaN          NaN          NaN          NaN          NaN          NaN          NaN          NaN          NaN          NaN          NaN
 75 to 84  1983 - 1985          474.4     569.0         NaN         NaN         NaN         NaN         NaN         NaN          NaN          NaN          NaN          NaN          NaN          NaN          NaN          NaN          NaN          NaN          NaN          NaN          NaN          NaN          NaN          NaN          NaN          NaN          NaN          NaN          NaN          NaN          NaN          NaN          NaN
 75 to 84  1984 - 1986          485.5     583.0         NaN         NaN         NaN         NaN         NaN         NaN          NaN          NaN          NaN          NaN          NaN          NaN          NaN          NaN          NaN          NaN          NaN          NaN          NaN          NaN          NaN          NaN          NaN          NaN          NaN          NaN          NaN          NaN          NaN          NaN          NaN
 75 to 84  1985 - 1987          504.4     605.0         NaN         NaN         NaN         NaN         NaN         NaN          NaN          NaN          NaN          NaN          NaN          NaN          NaN          NaN          NaN          NaN          NaN          NaN          NaN          NaN          NaN          NaN          NaN          NaN          NaN          NaN          NaN          NaN          NaN          NaN          NaN
 75 to 84  1986 - 1988          516.2     619.0         NaN         NaN         NaN         NaN         NaN         NaN          NaN          NaN          NaN          NaN          NaN          NaN          NaN          NaN          NaN          NaN          NaN          NaN          NaN          NaN          NaN          NaN          NaN          NaN          NaN          NaN          NaN          NaN          NaN          NaN          NaN
 75 to 84  1987 - 1989          529.0     635.0         NaN         NaN         NaN         NaN         NaN         NaN          NaN          NaN          NaN          NaN          NaN          NaN          NaN          NaN          NaN          NaN          NaN          NaN          NaN          NaN          NaN          NaN          NaN          NaN          NaN          NaN          NaN          NaN          NaN          NaN          NaN
 75 to 84  1988 - 1990          547.8     657.0         NaN         NaN         NaN         NaN         NaN         NaN          NaN          NaN          NaN          NaN          NaN          NaN          NaN          NaN          NaN          NaN          NaN          NaN          NaN          NaN          NaN          NaN          NaN          NaN          NaN          NaN          NaN          NaN          NaN          NaN          NaN
 75 to 84  1989 - 1991          567.6     681.0         NaN         NaN         NaN         NaN         NaN         NaN          NaN          NaN          NaN          NaN          NaN          NaN          NaN          NaN          NaN          NaN          NaN          NaN          NaN          NaN          NaN          NaN          NaN          NaN          NaN          NaN          NaN          NaN          NaN          NaN          NaN
 75 to 84  1990 - 1992          605.9     727.0         NaN         NaN         NaN         NaN         NaN         NaN          NaN          NaN          NaN          NaN          NaN          NaN          NaN          NaN          NaN          NaN          NaN          NaN          NaN          NaN          NaN          NaN          NaN          NaN          NaN          NaN          NaN          NaN          NaN          NaN          NaN
 75 to 84  1991 - 1993          642.4     771.0         NaN         NaN         NaN         NaN         NaN         NaN          NaN          NaN          NaN          NaN          NaN          NaN          NaN          NaN          NaN          NaN          NaN          NaN          NaN          NaN          NaN          NaN          NaN          NaN          NaN          NaN          NaN          NaN          NaN          NaN          NaN
 75 to 84  1992 - 1994          698.9     839.0         NaN         NaN         NaN         NaN         NaN         NaN          NaN          NaN          NaN          NaN          NaN          NaN          NaN          NaN          NaN          NaN          NaN          NaN          NaN          NaN          NaN          NaN          NaN          NaN          NaN          NaN          NaN          NaN          NaN          NaN          NaN
 75 to 84  1993 - 1995          729.8     876.0         NaN         NaN         NaN         NaN         NaN         NaN          NaN          NaN          NaN          NaN          NaN          NaN          NaN          NaN          NaN          NaN          NaN          NaN          NaN          NaN          NaN          NaN          NaN          NaN          NaN          NaN          NaN          NaN          NaN          NaN          NaN
 75 to 84  1994 - 1996          750.2     900.0         NaN         NaN         NaN         NaN         NaN         NaN          NaN          NaN          NaN          NaN          NaN          NaN          NaN          NaN          NaN          NaN          NaN          NaN          NaN          NaN          NaN          NaN          NaN          NaN          NaN          NaN          NaN          NaN          NaN          NaN          NaN
 75 to 84  1995 - 1997          736.6     884.0         NaN         NaN         NaN         NaN         NaN         NaN          NaN          NaN          NaN          NaN          NaN          NaN          NaN          NaN          NaN          NaN          NaN          NaN          NaN          NaN          NaN          NaN          NaN          NaN          NaN          NaN          NaN          NaN          NaN          NaN          NaN
 75 to 84  1996 - 1998          732.0     878.0         NaN         NaN         NaN         NaN         NaN         NaN          NaN          NaN          NaN          NaN          NaN          NaN          NaN          NaN          NaN          NaN          NaN          NaN          NaN          NaN          NaN          NaN          NaN          NaN          NaN          NaN          NaN          NaN          NaN          NaN          NaN
 75 to 84  1997 - 1999          740.3     888.0         NaN         NaN         NaN         NaN         NaN         NaN          NaN          NaN          NaN          NaN          NaN          NaN          NaN          NaN          NaN          NaN          NaN          NaN          NaN          NaN          NaN          NaN          NaN          NaN          NaN          NaN          NaN          NaN          NaN          NaN          NaN
 75 to 84  1998 - 2000          764.2     917.0         NaN         NaN         NaN         NaN         NaN         NaN          NaN          NaN          NaN          NaN          NaN          NaN          NaN          NaN          NaN          NaN          NaN          NaN          NaN          NaN          NaN          NaN          NaN          NaN          NaN          NaN          NaN          NaN          NaN          NaN          NaN
 75 to 84  1999 - 2001          799.9     960.0         NaN         NaN         NaN         NaN         NaN         NaN          NaN          NaN          NaN          NaN          NaN          NaN          NaN          NaN          NaN          NaN          NaN          NaN          NaN          NaN          NaN          NaN          NaN          NaN          NaN          NaN          NaN          NaN          NaN          NaN          NaN
 75 to 84  2000 - 2002          821.0     985.0         NaN         NaN         NaN         NaN         NaN         NaN          NaN          NaN          NaN          NaN          NaN          NaN          NaN          NaN          NaN          NaN          NaN          NaN          NaN          NaN          NaN          NaN          NaN          NaN          NaN          NaN          NaN          NaN          NaN          NaN          NaN
 75 to 84  2001 - 2003          827.1     993.0         NaN         NaN         NaN         NaN         NaN         NaN          NaN          NaN          NaN          NaN          NaN          NaN          NaN          NaN          NaN          NaN          NaN          NaN          NaN          NaN          NaN          NaN          NaN          NaN          NaN          NaN          NaN          NaN          NaN          NaN          NaN
 75 to 84  2002 - 2004          827.9     993.0         NaN         NaN         NaN         NaN         NaN         NaN          NaN          NaN          NaN          NaN          NaN          NaN          NaN          NaN          NaN          NaN          NaN          NaN          NaN          NaN          NaN          NaN          NaN          NaN          NaN          NaN          NaN          NaN          NaN          NaN          NaN
 75 to 84  2003 - 2005          811.8     974.0         NaN         NaN         NaN         NaN         NaN         NaN          NaN          NaN          NaN          NaN          NaN          NaN          NaN          NaN          NaN          NaN          NaN          NaN          NaN          NaN          NaN          NaN          NaN          NaN          NaN          NaN          NaN          NaN          NaN          NaN          NaN
 75 to 84  2004 - 2006          808.3     970.0         NaN         NaN         NaN         NaN         NaN         NaN          NaN          NaN          NaN          NaN          NaN          NaN          NaN          NaN          NaN          NaN          NaN          NaN          NaN          NaN          NaN          NaN          NaN          NaN          NaN          NaN          NaN          NaN          NaN          NaN          NaN
 75 to 84  2005 - 2007          786.2     943.0         NaN         NaN         NaN         NaN         NaN         NaN          NaN          NaN          NaN          NaN          NaN          NaN          NaN          NaN          NaN          NaN          NaN          NaN          NaN          NaN          NaN          NaN          NaN          NaN          NaN          NaN          NaN          NaN          NaN          NaN          NaN
 75 to 84  2006 - 2008          782.5     939.0         NaN         NaN         NaN         NaN         NaN         NaN          NaN          NaN          NaN          NaN          NaN          NaN          NaN          NaN          NaN          NaN          NaN          NaN          NaN          NaN          NaN          NaN          NaN          NaN          NaN          NaN          NaN          NaN          NaN          NaN          NaN
 75 to 84  2007 - 2009          778.5     934.0         NaN         NaN         NaN         NaN         NaN         NaN          NaN          NaN          NaN          NaN          NaN          NaN          NaN          NaN          NaN          NaN          NaN          NaN          NaN          NaN          NaN          NaN          NaN          NaN          NaN          NaN          NaN          NaN          NaN          NaN          NaN
 75 to 84  2008 - 2010          775.1     930.0         NaN         NaN         NaN         NaN         NaN         NaN          NaN          NaN          NaN          NaN          NaN          NaN          NaN          NaN          NaN          NaN          NaN          NaN          NaN          NaN          NaN          NaN          NaN          NaN          NaN          NaN          NaN          NaN          NaN          NaN          NaN
      85+  1975 - 1977          562.1     675.0         NaN         NaN         NaN         NaN         NaN         NaN          NaN          NaN          NaN          NaN          NaN          NaN          NaN          NaN          NaN          NaN          NaN          NaN          NaN          NaN          NaN          NaN          NaN          NaN          NaN          NaN          NaN          NaN          NaN          NaN          NaN
      85+  1976 - 1978          570.9     685.0         NaN         NaN         NaN         NaN         NaN         NaN          NaN          NaN          NaN          NaN          NaN          NaN          NaN          NaN          NaN          NaN          NaN          NaN          NaN          NaN          NaN          NaN          NaN          NaN          NaN          NaN          NaN          NaN          NaN          NaN          NaN
      85+  1977 - 1979          582.9     699.0         NaN         NaN         NaN         NaN         NaN         NaN          NaN          NaN          NaN          NaN          NaN          NaN          NaN          NaN          NaN          NaN          NaN          NaN          NaN          NaN          NaN          NaN          NaN          NaN          NaN          NaN          NaN          NaN          NaN          NaN          NaN
      85+  1978 - 1980          615.5     739.0         NaN         NaN         NaN         NaN         NaN         NaN          NaN          NaN          NaN          NaN          NaN          NaN          NaN          NaN          NaN          NaN          NaN          NaN          NaN          NaN          NaN          NaN          NaN          NaN          NaN          NaN          NaN          NaN          NaN          NaN          NaN
      85+  1979 - 1981          640.6     769.0         NaN         NaN         NaN         NaN         NaN         NaN          NaN          NaN          NaN          NaN          NaN          NaN          NaN          NaN          NaN          NaN          NaN          NaN          NaN          NaN          NaN          NaN          NaN          NaN          NaN          NaN          NaN          NaN          NaN          NaN          NaN
      85+  1980 - 1982          653.6     784.0         NaN         NaN         NaN         NaN         NaN         NaN          NaN          NaN          NaN          NaN          NaN          NaN          NaN          NaN          NaN          NaN          NaN          NaN          NaN          NaN          NaN          NaN          NaN          NaN          NaN          NaN          NaN          NaN          NaN          NaN          NaN
      85+  1981 - 1983          660.7     793.0         NaN         NaN         NaN         NaN         NaN         NaN          NaN          NaN          NaN          NaN          NaN          NaN          NaN          NaN          NaN          NaN          NaN          NaN          NaN          NaN          NaN          NaN          NaN          NaN          NaN          NaN          NaN          NaN          NaN          NaN          NaN
      85+  1982 - 1984          673.3     808.0         NaN         NaN         NaN         NaN         NaN         NaN          NaN          NaN          NaN          NaN          NaN          NaN          NaN          NaN          NaN          NaN          NaN          NaN          NaN          NaN          NaN          NaN          NaN          NaN          NaN          NaN          NaN          NaN          NaN          NaN          NaN
      85+  1983 - 1985          696.1     835.0         NaN         NaN         NaN         NaN         NaN         NaN          NaN          NaN          NaN          NaN          NaN          NaN          NaN          NaN          NaN          NaN          NaN          NaN          NaN          NaN          NaN          NaN          NaN          NaN          NaN          NaN          NaN          NaN          NaN          NaN          NaN
      85+  1984 - 1986          704.5     845.0         NaN         NaN         NaN         NaN         NaN         NaN          NaN          NaN          NaN          NaN          NaN          NaN          NaN          NaN          NaN          NaN          NaN          NaN          NaN          NaN          NaN          NaN          NaN          NaN          NaN          NaN          NaN          NaN          NaN          NaN          NaN
      85+  1985 - 1987          726.6     872.0         NaN         NaN         NaN         NaN         NaN         NaN          NaN          NaN          NaN          NaN          NaN          NaN          NaN          NaN          NaN          NaN          NaN          NaN          NaN          NaN          NaN          NaN          NaN          NaN          NaN          NaN          NaN          NaN          NaN          NaN          NaN
      85+  1986 - 1988          740.8     889.0         NaN         NaN         NaN         NaN         NaN         NaN          NaN          NaN          NaN          NaN          NaN          NaN          NaN          NaN          NaN          NaN          NaN          NaN          NaN          NaN          NaN          NaN          NaN          NaN          NaN          NaN          NaN          NaN          NaN          NaN          NaN
      85+  1987 - 1989          765.9     919.0         NaN         NaN         NaN         NaN         NaN         NaN          NaN          NaN          NaN          NaN          NaN          NaN          NaN          NaN          NaN          NaN          NaN          NaN          NaN          NaN          NaN          NaN          NaN          NaN          NaN          NaN          NaN          NaN          NaN          NaN          NaN
      85+  1988 - 1990          797.9     957.0         NaN         NaN         NaN         NaN         NaN         NaN          NaN          NaN          NaN          NaN          NaN          NaN          NaN          NaN          NaN          NaN          NaN          NaN          NaN          NaN          NaN          NaN          NaN          NaN          NaN          NaN          NaN          NaN          NaN          NaN          NaN
      85+  1989 - 1991          831.0     997.0         NaN         NaN         NaN         NaN         NaN         NaN          NaN          NaN          NaN          NaN          NaN          NaN          NaN          NaN          NaN          NaN          NaN          NaN          NaN          NaN          NaN          NaN          NaN          NaN          NaN          NaN          NaN          NaN          NaN          NaN          NaN
      85+  1990 - 1992          906.1    1087.0         NaN         NaN         NaN         NaN         NaN         NaN          NaN          NaN          NaN          NaN          NaN          NaN          NaN          NaN          NaN          NaN          NaN          NaN          NaN          NaN          NaN          NaN          NaN          NaN          NaN          NaN          NaN          NaN          NaN          NaN          NaN
      85+  1991 - 1993          961.6    1154.0         NaN         NaN         NaN         NaN         NaN         NaN          NaN          NaN          NaN          NaN          NaN          NaN          NaN          NaN          NaN          NaN          NaN          NaN          NaN          NaN          NaN          NaN          NaN          NaN          NaN          NaN          NaN          NaN          NaN          NaN          NaN
      85+  1992 - 1994         1035.9    1243.0         NaN         NaN         NaN         NaN         NaN         NaN          NaN          NaN          NaN          NaN          NaN          NaN          NaN          NaN          NaN          NaN          NaN          NaN          NaN          NaN          NaN          NaN          NaN          NaN          NaN          NaN          NaN          NaN          NaN          NaN          NaN
      85+  1993 - 1995         1084.4    1301.0         NaN         NaN         NaN         NaN         NaN         NaN          NaN          NaN          NaN          NaN          NaN          NaN          NaN          NaN          NaN          NaN          NaN          NaN          NaN          NaN          NaN          NaN          NaN          NaN          NaN          NaN          NaN          NaN          NaN          NaN          NaN
      85+  1994 - 1996         1109.4    1331.0         NaN         NaN         NaN         NaN         NaN         NaN          NaN          NaN          NaN          NaN          NaN          NaN          NaN          NaN          NaN          NaN          NaN          NaN          NaN          NaN          NaN          NaN          NaN          NaN          NaN          NaN          NaN          NaN          NaN          NaN          NaN
      85+  1995 - 1997         1098.4    1318.0         NaN         NaN         NaN         NaN         NaN         NaN          NaN          NaN          NaN          NaN          NaN          NaN          NaN          NaN          NaN          NaN          NaN          NaN          NaN          NaN          NaN          NaN          NaN          NaN          NaN          NaN          NaN          NaN          NaN          NaN          NaN
      85+  1996 - 1998         1053.5    1264.0         NaN         NaN         NaN         NaN         NaN         NaN          NaN          NaN          NaN          NaN          NaN          NaN          NaN          NaN          NaN          NaN          NaN          NaN          NaN          NaN          NaN          NaN          NaN          NaN          NaN          NaN          NaN          NaN          NaN          NaN          NaN
      85+  1997 - 1999         1044.8    1254.0         NaN         NaN         NaN         NaN         NaN         NaN          NaN          NaN          NaN          NaN          NaN          NaN          NaN          NaN          NaN          NaN          NaN          NaN          NaN          NaN          NaN          NaN          NaN          NaN          NaN          NaN          NaN          NaN          NaN          NaN          NaN
      85+  1998 - 2000         1036.1    1243.0         NaN         NaN         NaN         NaN         NaN         NaN          NaN          NaN          NaN          NaN          NaN          NaN          NaN          NaN          NaN          NaN          NaN          NaN          NaN          NaN          NaN          NaN          NaN          NaN          NaN          NaN          NaN          NaN          NaN          NaN          NaN
      85+  1999 - 2001         1066.6    1280.0         NaN         NaN         NaN         NaN         NaN         NaN          NaN          NaN          NaN          NaN          NaN          NaN          NaN          NaN          NaN          NaN          NaN          NaN          NaN          NaN          NaN          NaN          NaN          NaN          NaN          NaN          NaN          NaN          NaN          NaN          NaN
      85+  2000 - 2002         1066.7    1280.0         NaN         NaN         NaN         NaN         NaN         NaN          NaN          NaN          NaN          NaN          NaN          NaN          NaN          NaN          NaN          NaN          NaN          NaN          NaN          NaN          NaN          NaN          NaN          NaN          NaN          NaN          NaN          NaN          NaN          NaN          NaN
      85+  2001 - 2003         1060.9    1273.0         NaN         NaN         NaN         NaN         NaN         NaN          NaN          NaN          NaN          NaN          NaN          NaN          NaN          NaN          NaN          NaN          NaN          NaN          NaN          NaN          NaN          NaN          NaN          NaN          NaN          NaN          NaN          NaN          NaN          NaN          NaN
      85+  2002 - 2004         1013.2    1216.0         NaN         NaN         NaN         NaN         NaN         NaN          NaN          NaN          NaN          NaN          NaN          NaN          NaN          NaN          NaN          NaN          NaN          NaN          NaN          NaN          NaN          NaN          NaN          NaN          NaN          NaN          NaN          NaN          NaN          NaN          NaN
      85+  2003 - 2005          951.8    1142.0         NaN         NaN         NaN         NaN         NaN         NaN          NaN          NaN          NaN          NaN          NaN          NaN          NaN          NaN          NaN          NaN          NaN          NaN          NaN          NaN          NaN          NaN          NaN          NaN          NaN          NaN          NaN          NaN          NaN          NaN          NaN
      85+  2004 - 2006          917.4    1101.0         NaN         NaN         NaN         NaN         NaN         NaN          NaN          NaN          NaN          NaN          NaN          NaN          NaN          NaN          NaN          NaN          NaN          NaN          NaN          NaN          NaN          NaN          NaN          NaN          NaN          NaN          NaN          NaN          NaN          NaN          NaN
      85+  2005 - 2007          879.7    1056.0         NaN         NaN         NaN         NaN         NaN         NaN          NaN          NaN          NaN          NaN          NaN          NaN          NaN          NaN          NaN          NaN          NaN          NaN          NaN          NaN          NaN          NaN          NaN          NaN          NaN          NaN          NaN          NaN          NaN          NaN          NaN
      85+  2006 - 2008          852.8    1023.0         NaN         NaN         NaN         NaN         NaN         NaN          NaN          NaN          NaN          NaN          NaN          NaN          NaN          NaN          NaN          NaN          NaN          NaN          NaN          NaN          NaN          NaN          NaN          NaN          NaN          NaN          NaN          NaN          NaN          NaN          NaN
      85+  2007 - 2009          813.0     976.0         NaN         NaN         NaN         NaN         NaN         NaN          NaN          NaN          NaN          NaN          NaN          NaN          NaN          NaN          NaN          NaN          NaN          NaN          NaN          NaN          NaN          NaN          NaN          NaN          NaN          NaN          NaN          NaN          NaN          NaN          NaN
      85+  2008 - 2010          769.2     923.0         NaN         NaN         NaN         NaN         NaN         NaN          NaN          NaN          NaN          NaN          NaN          NaN          NaN          NaN          NaN          NaN          NaN          NaN          NaN          NaN          NaN          NaN          NaN          NaN          NaN          NaN          NaN          NaN          NaN          NaN          NaN
      NaN          NaN            NaN       NaN         NaN         NaN         NaN         NaN         NaN         NaN          NaN          NaN          NaN          NaN          NaN          NaN          NaN          NaN          NaN          NaN          NaN          NaN          NaN          NaN          NaN          NaN          NaN          NaN          NaN          NaN          NaN          NaN          NaN          NaN          NaN
      NaN          NaN            NaN       NaN         NaN         NaN         NaN         NaN         NaN         NaN          NaN          NaN          NaN          NaN          NaN          NaN          NaN          NaN          NaN          NaN          NaN          NaN          NaN          NaN          NaN          NaN          NaN          NaN          NaN          NaN          NaN          NaN          NaN          NaN          NaN
      NaN          NaN            NaN       NaN         NaN         NaN         NaN         NaN         NaN         NaN          NaN          NaN          NaN          NaN          NaN          NaN          NaN          NaN          NaN          NaN          NaN          NaN          NaN          NaN          NaN          NaN          NaN          NaN          NaN          NaN          NaN          NaN          NaN          NaN          NaN
      NaN          NaN            NaN       NaN         NaN         NaN         NaN         NaN         NaN         NaN          NaN          NaN          NaN          NaN          NaN          NaN          NaN          NaN          NaN          NaN          NaN          NaN          NaN          NaN          NaN          NaN          NaN          NaN          NaN          NaN          NaN          NaN          NaN          NaN          NaN
      NaN          NaN            NaN       NaN         NaN         NaN         NaN         NaN         NaN         NaN          NaN          NaN          NaN          NaN          NaN          NaN          NaN          NaN          NaN          NaN          NaN          NaN          NaN          NaN          NaN          NaN          NaN          NaN          NaN          NaN          NaN          NaN          NaN          NaN          NaN
      NaN          NaN            NaN       NaN         NaN         NaN         NaN         NaN         NaN         NaN          NaN          NaN          NaN          NaN          NaN          NaN          NaN          NaN          NaN          NaN          NaN          NaN          NaN          NaN          NaN          NaN          NaN          NaN          NaN          NaN          NaN          NaN          NaN          NaN          NaN
      NaN          NaN            NaN       NaN         NaN         NaN         NaN         NaN         NaN         NaN          NaN          NaN          NaN          NaN          NaN          NaN          NaN          NaN          NaN          NaN          NaN          NaN          NaN          NaN          NaN          NaN          NaN          NaN          NaN          NaN          NaN          NaN          NaN          NaN          NaN
      NaN          NaN            NaN       NaN         NaN         NaN         NaN         NaN         NaN         NaN          NaN          NaN          NaN          NaN          NaN          NaN          NaN          NaN          NaN          NaN          NaN          NaN          NaN          NaN          NaN          NaN          NaN          NaN          NaN          NaN          NaN          NaN          NaN          NaN          NaN
      NaN          NaN            NaN       NaN         NaN         NaN         NaN         NaN         NaN         NaN          NaN          NaN          NaN          NaN          NaN          NaN          NaN          NaN          NaN          NaN          NaN          NaN          NaN          NaN          NaN          NaN          NaN          NaN          NaN          NaN          NaN          NaN          NaN          NaN          NaN
      NaN          NaN            NaN       NaN         NaN         NaN         NaN         NaN         NaN         NaN          NaN          NaN          NaN          NaN          NaN          NaN          NaN          NaN          NaN          NaN          NaN          NaN          NaN          NaN          NaN          NaN          NaN          NaN          NaN          NaN          NaN          NaN          NaN          NaN          NaN
      NaN          NaN            NaN       NaN         NaN         NaN         NaN         NaN         NaN         NaN          NaN          NaN          NaN          NaN          NaN          NaN          NaN          NaN          NaN          NaN          NaN          NaN          NaN          NaN          NaN          NaN          NaN          NaN          NaN          NaN          NaN          NaN          NaN          NaN          NaN
      NaN          NaN            NaN       NaN         NaN         NaN         NaN         NaN         NaN         NaN          NaN          NaN          NaN          NaN          NaN          NaN          NaN          NaN          NaN          NaN          NaN          NaN          NaN          NaN          NaN          NaN          NaN          NaN          NaN          NaN          NaN          NaN          NaN          NaN          NaN
      NaN          NaN            NaN       NaN         NaN         NaN         NaN         NaN         NaN         NaN          NaN          NaN          NaN          NaN          NaN          NaN          NaN          NaN          NaN          NaN          NaN          NaN          NaN          NaN          NaN          NaN          NaN          NaN          NaN          NaN          NaN          NaN          NaN          NaN          NaN
      NaN          NaN            NaN       NaN         NaN         NaN         NaN         NaN         NaN         NaN          NaN          NaN          NaN          NaN          NaN          NaN          NaN          NaN          NaN          NaN          NaN          NaN          NaN          NaN          NaN          NaN          NaN          NaN          NaN          NaN          NaN          NaN          NaN          NaN          NaN
      NaN          NaN            NaN       NaN         NaN         NaN         NaN         NaN         NaN         NaN          NaN          NaN          NaN          NaN          NaN          NaN          NaN          NaN          NaN          NaN          NaN          NaN          NaN          NaN          NaN          NaN          NaN          NaN          NaN          NaN          NaN          NaN          NaN          NaN          NaN
      NaN          NaN            NaN       NaN         NaN         NaN         NaN         NaN         NaN         NaN          NaN          NaN          NaN          NaN          NaN          NaN          NaN          NaN          NaN          NaN          NaN          NaN          NaN          NaN          NaN          NaN          NaN          NaN          NaN          NaN          NaN          NaN          NaN          NaN          NaN
      NaN          NaN            NaN       NaN         NaN         NaN         NaN         NaN         NaN         NaN          NaN          NaN          NaN          NaN          NaN          NaN          NaN          NaN          NaN          NaN          NaN          NaN          NaN          NaN          NaN          NaN          NaN          NaN          NaN          NaN          NaN          NaN          NaN          NaN          NaN
      NaN          NaN            NaN       NaN         NaN         NaN         NaN         NaN         NaN         NaN          NaN          NaN          NaN          NaN          NaN          NaN          NaN          NaN          NaN          NaN          NaN          NaN          NaN          NaN          NaN          NaN          NaN          NaN          NaN          NaN          NaN          NaN          NaN          NaN          NaN
      NaN          NaN            NaN       NaN         NaN         NaN         NaN         NaN         NaN         NaN          NaN          NaN          NaN          NaN          NaN          NaN          NaN          NaN          NaN          NaN          NaN          NaN          NaN          NaN          NaN          NaN          NaN          NaN          NaN          NaN          NaN          NaN          NaN          NaN          NaN
      NaN          NaN            NaN       NaN         NaN         NaN         NaN         NaN         NaN         NaN          NaN          NaN          NaN          NaN          NaN          NaN          NaN          NaN          NaN          NaN          NaN          NaN          NaN          NaN          NaN          NaN          NaN          NaN          NaN          NaN          NaN          NaN          NaN          NaN          NaN
      NaN          NaN            NaN       NaN         NaN         NaN         NaN         NaN         NaN         NaN          NaN          NaN          NaN          NaN          NaN          NaN          NaN          NaN          NaN          NaN          NaN          NaN          NaN          NaN          NaN          NaN          NaN          NaN          NaN          NaN          NaN          NaN          NaN          NaN          NaN
      NaN          NaN            NaN       NaN         NaN         NaN         NaN         NaN         NaN         NaN          NaN          NaN          NaN          NaN          NaN          NaN          NaN          NaN          NaN          NaN          NaN          NaN          NaN          NaN          NaN          NaN          NaN          NaN          NaN          NaN          NaN          NaN          NaN          NaN          NaN
      NaN          NaN            NaN       NaN         NaN         NaN         NaN         NaN         NaN         NaN          NaN          NaN          NaN          NaN          NaN          NaN          NaN          NaN          NaN          NaN          NaN          NaN          NaN          NaN          NaN          NaN          NaN          NaN          NaN          NaN          NaN          NaN          NaN          NaN          NaN
      NaN          NaN            NaN       NaN         NaN         NaN         NaN         NaN         NaN         NaN          NaN          NaN          NaN          NaN          NaN          NaN          NaN          NaN          NaN          NaN          NaN          NaN          NaN          NaN          NaN          NaN          NaN          NaN          NaN          NaN          NaN          NaN          NaN          NaN          NaN
      NaN          NaN            NaN       NaN         NaN         NaN         NaN         NaN         NaN         NaN          NaN          NaN          NaN          NaN          NaN          NaN          NaN          NaN          NaN          NaN          NaN          NaN          NaN          NaN          NaN          NaN          NaN          NaN          NaN          NaN          NaN          NaN          NaN          NaN          NaN
      NaN          NaN            NaN       NaN         NaN         NaN         NaN         NaN         NaN         NaN          NaN          NaN          NaN          NaN          NaN          NaN          NaN          NaN          NaN          NaN          NaN          NaN          NaN          NaN          NaN          NaN          NaN          NaN          NaN          NaN          NaN          NaN          NaN          NaN          NaN
      NaN          NaN            NaN       NaN         NaN         NaN         NaN         NaN         NaN         NaN          NaN          NaN          NaN          NaN          NaN          NaN          NaN          NaN          NaN          NaN          NaN          NaN          NaN          NaN          NaN          NaN          NaN          NaN          NaN          NaN          NaN          NaN          NaN          NaN          NaN
      NaN          NaN            NaN       NaN         NaN         NaN         NaN         NaN         NaN         NaN          NaN          NaN          NaN          NaN          NaN          NaN          NaN          NaN          NaN          NaN          NaN          NaN          NaN          NaN          NaN          NaN          NaN          NaN          NaN          NaN          NaN          NaN          NaN          NaN          NaN
      NaN          NaN            NaN       NaN         NaN         NaN         NaN         NaN         NaN         NaN          NaN          NaN          NaN          NaN          NaN          NaN          NaN          NaN          NaN          NaN          NaN          NaN          NaN          NaN          NaN          NaN          NaN          NaN          NaN          NaN          NaN          NaN          NaN          NaN          NaN
      NaN          NaN            NaN       NaN         NaN         NaN         NaN         NaN         NaN         NaN          NaN          NaN          NaN          NaN          NaN          NaN          NaN          NaN          NaN          NaN          NaN          NaN          NaN          NaN          NaN          NaN          NaN          NaN          NaN          NaN          NaN          NaN          NaN          NaN          NaN
      NaN          NaN            NaN       NaN         NaN         NaN         NaN         NaN         NaN         NaN          NaN          NaN          NaN          NaN          NaN          NaN          NaN          NaN          NaN          NaN          NaN          NaN          NaN          NaN          NaN          NaN          NaN          NaN          NaN          NaN          NaN          NaN          NaN          NaN          NaN
      NaN          NaN            NaN       NaN         NaN         NaN         NaN         NaN         NaN         NaN          NaN          NaN          NaN          NaN          NaN          NaN          NaN          NaN          NaN          NaN          NaN          NaN          NaN          NaN          NaN          NaN          NaN          NaN          NaN          NaN          NaN          NaN          NaN          NaN          NaN
      NaN          NaN            NaN       NaN         NaN         NaN         NaN         NaN         NaN         NaN          NaN          NaN          NaN          NaN          NaN          NaN          NaN          NaN          NaN          NaN          NaN          NaN          NaN          NaN          NaN          NaN          NaN          NaN          NaN          NaN          NaN          NaN          NaN          NaN          NaN
      NaN          NaN            NaN       NaN         NaN         NaN         NaN         NaN         NaN         NaN          NaN          NaN          NaN          NaN          NaN          NaN          NaN          NaN          NaN          NaN          NaN          NaN          NaN          NaN          NaN          NaN          NaN          NaN          NaN          NaN          NaN          NaN          NaN          NaN          NaN
      NaN          NaN            NaN       NaN         NaN         NaN         NaN         NaN         NaN         NaN          NaN          NaN          NaN          NaN          NaN          NaN          NaN          NaN          NaN          NaN          NaN          NaN          NaN          NaN          NaN          NaN          NaN          NaN          NaN          NaN          NaN          NaN          NaN          NaN          NaN
      NaN          NaN            NaN       NaN         NaN         NaN         NaN         NaN         NaN         NaN          NaN          NaN          NaN          NaN          NaN          NaN          NaN          NaN          NaN          NaN          NaN          NaN          NaN          NaN          NaN          NaN          NaN          NaN          NaN          NaN          NaN          NaN          NaN          NaN          NaN
      NaN          NaN            NaN       NaN         NaN         NaN         NaN         NaN         NaN         NaN          NaN          NaN          NaN          NaN          NaN          NaN          NaN          NaN          NaN          NaN          NaN          NaN          NaN          NaN          NaN          NaN          NaN          NaN          NaN          NaN          NaN          NaN          NaN          NaN          NaN
      NaN          NaN            NaN       NaN         NaN         NaN         NaN         NaN         NaN         NaN          NaN          NaN          NaN          NaN          NaN          NaN          NaN          NaN          NaN          NaN          NaN          NaN          NaN          NaN          NaN          NaN          NaN          NaN          NaN          NaN          NaN          NaN          NaN          NaN          NaN
      NaN          NaN            NaN       NaN         NaN         NaN         NaN         NaN         NaN         NaN          NaN          NaN          NaN          NaN          NaN          NaN          NaN          NaN          NaN          NaN          NaN          NaN          NaN          NaN          NaN          NaN          NaN          NaN          NaN          NaN          NaN          NaN          NaN          NaN          NaN
      NaN          NaN            NaN       NaN         NaN         NaN         NaN         NaN         NaN         NaN          NaN          NaN          NaN          NaN          NaN          NaN          NaN          NaN          NaN          NaN          NaN          NaN          NaN          NaN          NaN          NaN          NaN          NaN          NaN          NaN          NaN          NaN          NaN          NaN          NaN
      NaN          NaN            NaN       NaN         NaN         NaN         NaN         NaN         NaN         NaN          NaN          NaN          NaN          NaN          NaN          NaN          NaN          NaN          NaN          NaN          NaN          NaN          NaN          NaN          NaN          NaN          NaN          NaN          NaN          NaN          NaN          NaN          NaN          NaN          NaN
      NaN          NaN            NaN       NaN         NaN         NaN         NaN         NaN         NaN         NaN          NaN          NaN          NaN          NaN          NaN          NaN          NaN          NaN          NaN          NaN          NaN          NaN          NaN          NaN          NaN          NaN          NaN          NaN          NaN          NaN          NaN          NaN          NaN          NaN          NaN
      NaN          NaN            NaN       NaN         NaN         NaN         NaN         NaN         NaN         NaN          NaN          NaN          NaN          NaN          NaN          NaN          NaN          NaN          NaN          NaN          NaN          NaN          NaN          NaN          NaN          NaN          NaN          NaN          NaN          NaN          NaN          NaN          NaN          NaN          NaN
      NaN          NaN            NaN       NaN         NaN         NaN         NaN         NaN         NaN         NaN          NaN          NaN          NaN          NaN          NaN          NaN          NaN          NaN          NaN          NaN          NaN          NaN          NaN          NaN          NaN          NaN          NaN          NaN          NaN          NaN          NaN          NaN          NaN          NaN          NaN
      NaN          NaN            NaN       NaN         NaN         NaN         NaN         NaN         NaN         NaN          NaN          NaN          NaN          NaN          NaN          NaN          NaN          NaN          NaN          NaN          NaN          NaN          NaN          NaN          NaN          NaN          NaN          NaN          NaN          NaN          NaN          NaN          NaN          NaN          NaN
      NaN          NaN            NaN       NaN         NaN         NaN         NaN         NaN         NaN         NaN          NaN          NaN          NaN          NaN          NaN          NaN          NaN          NaN          NaN          NaN          NaN          NaN          NaN          NaN          NaN          NaN          NaN          NaN          NaN          NaN          NaN          NaN          NaN          NaN          NaN
      NaN          NaN            NaN       NaN         NaN         NaN         NaN         NaN         NaN         NaN          NaN          NaN          NaN          NaN          NaN          NaN          NaN          NaN          NaN          NaN          NaN          NaN          NaN          NaN          NaN          NaN          NaN          NaN          NaN          NaN          NaN          NaN          NaN          NaN          NaN
      NaN          NaN            NaN       NaN         NaN         NaN         NaN         NaN         NaN         NaN          NaN          NaN          NaN          NaN          NaN          NaN          NaN          NaN          NaN          NaN          NaN          NaN          NaN          NaN          NaN          NaN          NaN          NaN          NaN          NaN          NaN          NaN          NaN          NaN          NaN
      NaN          NaN            NaN       NaN         NaN         NaN         NaN         NaN         NaN         NaN          NaN          NaN          NaN          NaN          NaN          NaN          NaN          NaN          NaN          NaN          NaN          NaN          NaN          NaN          NaN          NaN          NaN          NaN          NaN          NaN          NaN          NaN          NaN          NaN          NaN
      NaN          NaN            NaN       NaN         NaN         NaN         NaN         NaN         NaN         NaN          NaN          NaN          NaN          NaN          NaN          NaN          NaN          NaN          NaN          NaN          NaN          NaN          NaN          NaN          NaN          NaN          NaN          NaN          NaN          NaN          NaN          NaN          NaN          NaN          NaN
      NaN          NaN            NaN       NaN         NaN         NaN         NaN         NaN         NaN         NaN          NaN          NaN          NaN          NaN          NaN          NaN          NaN          NaN          NaN          NaN          NaN          NaN          NaN          NaN          NaN          NaN          NaN          NaN          NaN          NaN          NaN          NaN          NaN          NaN          NaN
      NaN          NaN            NaN       NaN         NaN         NaN         NaN         NaN         NaN         NaN          NaN          NaN          NaN          NaN          NaN          NaN          NaN          NaN          NaN          NaN          NaN          NaN          NaN          NaN          NaN          NaN          NaN          NaN          NaN          NaN          NaN          NaN          NaN          NaN          NaN
      NaN          NaN            NaN       NaN         NaN         NaN         NaN         NaN         NaN         NaN          NaN          NaN          NaN          NaN          NaN          NaN          NaN          NaN          NaN          NaN          NaN          NaN          NaN          NaN          NaN          NaN          NaN          NaN          NaN          NaN          NaN          NaN          NaN          NaN          NaN
      NaN          NaN            NaN       NaN         NaN         NaN         NaN         NaN         NaN         NaN          NaN          NaN          NaN          NaN          NaN          NaN          NaN          NaN          NaN          NaN          NaN          NaN          NaN          NaN          NaN          NaN          NaN          NaN          NaN          NaN          NaN          NaN          NaN          NaN          NaN
      NaN          NaN            NaN       NaN         NaN         NaN         NaN         NaN         NaN         NaN          NaN          NaN          NaN          NaN          NaN          NaN          NaN          NaN          NaN          NaN          NaN          NaN          NaN          NaN          NaN          NaN          NaN          NaN          NaN          NaN          NaN          NaN          NaN          NaN          NaN
      NaN          NaN            NaN       NaN         NaN         NaN         NaN         NaN         NaN         NaN          NaN          NaN          NaN          NaN          NaN          NaN          NaN          NaN          NaN          NaN          NaN          NaN          NaN          NaN          NaN          NaN          NaN          NaN          NaN          NaN          NaN          NaN          NaN          NaN          NaN
      NaN          NaN            NaN       NaN         NaN         NaN         NaN         NaN         NaN         NaN          NaN          NaN          NaN          NaN          NaN          NaN          NaN          NaN          NaN          NaN          NaN          NaN          NaN          NaN          NaN          NaN          NaN          NaN          NaN          NaN          NaN          NaN          NaN          NaN          NaN
      NaN          NaN            NaN       NaN         NaN         NaN         NaN         NaN         NaN         NaN          NaN          NaN          NaN          NaN          NaN          NaN          NaN          NaN          NaN          NaN          NaN          NaN          NaN          NaN          NaN          NaN          NaN          NaN          NaN          NaN          NaN          NaN          NaN          NaN          NaN
      NaN          NaN            NaN       NaN         NaN         NaN         NaN         NaN         NaN         NaN          NaN          NaN          NaN          NaN          NaN          NaN          NaN          NaN          NaN          NaN          NaN          NaN          NaN          NaN          NaN          NaN          NaN          NaN          NaN          NaN          NaN          NaN          NaN          NaN          NaN
      NaN          NaN            NaN       NaN         NaN         NaN         NaN         NaN         NaN         NaN          NaN          NaN          NaN          NaN          NaN          NaN          NaN          NaN          NaN          NaN          NaN          NaN          NaN          NaN          NaN          NaN          NaN          NaN          NaN          NaN          NaN          NaN          NaN          NaN          NaN
      NaN          NaN            NaN       NaN         NaN         NaN         NaN         NaN         NaN         NaN          NaN          NaN          NaN          NaN          NaN          NaN          NaN          NaN          NaN          NaN          NaN          NaN          NaN          NaN          NaN          NaN          NaN          NaN          NaN          NaN          NaN          NaN          NaN          NaN          NaN
      NaN          NaN            NaN       NaN         NaN         NaN         NaN         NaN         NaN         NaN          NaN          NaN          NaN          NaN          NaN          NaN          NaN          NaN          NaN          NaN          NaN          NaN          NaN          NaN          NaN          NaN          NaN          NaN          NaN          NaN          NaN          NaN          NaN          NaN          NaN
      NaN          NaN            NaN       NaN         NaN         NaN         NaN         NaN         NaN         NaN          NaN          NaN          NaN          NaN          NaN          NaN          NaN          NaN          NaN          NaN          NaN          NaN          NaN          NaN          NaN          NaN          NaN          NaN          NaN          NaN          NaN          NaN          NaN          NaN          NaN
      NaN          NaN            NaN       NaN         NaN         NaN         NaN         NaN         NaN         NaN          NaN          NaN          NaN          NaN          NaN          NaN          NaN          NaN          NaN          NaN          NaN          NaN          NaN          NaN          NaN          NaN          NaN          NaN          NaN          NaN          NaN          NaN          NaN          NaN          NaN
      NaN          NaN            NaN       NaN         NaN         NaN         NaN         NaN         NaN         NaN          NaN          NaN          NaN          NaN          NaN          NaN          NaN          NaN          NaN          NaN          NaN          NaN          NaN          NaN          NaN          NaN          NaN          NaN          NaN          NaN          NaN          NaN          NaN          NaN          NaN
      NaN          NaN            NaN       NaN         NaN         NaN         NaN         NaN         NaN         NaN          NaN          NaN          NaN          NaN          NaN          NaN          NaN          NaN          NaN          NaN          NaN          NaN          NaN          NaN          NaN          NaN          NaN          NaN          NaN          NaN          NaN          NaN          NaN          NaN          NaN
      NaN          NaN            NaN       NaN         NaN         NaN         NaN         NaN         NaN         NaN          NaN          NaN          NaN          NaN          NaN          NaN          NaN          NaN          NaN          NaN          NaN          NaN          NaN          NaN          NaN          NaN          NaN          NaN          NaN          NaN          NaN          NaN          NaN          NaN          NaN
      NaN          NaN            NaN       NaN         NaN         NaN         NaN         NaN         NaN         NaN          NaN          NaN          NaN          NaN          NaN          NaN          NaN          NaN          NaN          NaN          NaN          NaN          NaN          NaN          NaN          NaN          NaN          NaN          NaN          NaN          NaN          NaN          NaN          NaN          NaN
      NaN          NaN            NaN       NaN         NaN         NaN         NaN         NaN         NaN         NaN          NaN          NaN          NaN          NaN          NaN          NaN          NaN          NaN          NaN          NaN          NaN          NaN          NaN          NaN          NaN          NaN          NaN          NaN          NaN          NaN          NaN          NaN          NaN          NaN          NaN
      NaN          NaN            NaN       NaN         NaN         NaN         NaN         NaN         NaN         NaN          NaN          NaN          NaN          NaN          NaN          NaN          NaN          NaN          NaN          NaN          NaN          NaN          NaN          NaN          NaN          NaN          NaN          NaN          NaN          NaN          NaN          NaN          NaN          NaN          NaN
      NaN          NaN            NaN       NaN         NaN         NaN         NaN         NaN         NaN         NaN          NaN          NaN          NaN          NaN          NaN          NaN          NaN          NaN          NaN          NaN          NaN          NaN          NaN          NaN          NaN          NaN          NaN          NaN          NaN          NaN          NaN          NaN          NaN          NaN          NaN
      NaN          NaN            NaN       NaN         NaN         NaN         NaN         NaN         NaN         NaN          NaN          NaN          NaN          NaN          NaN          NaN          NaN          NaN          NaN          NaN          NaN          NaN          NaN          NaN          NaN          NaN          NaN          NaN          NaN          NaN          NaN          NaN          NaN          NaN          NaN
      NaN          NaN            NaN       NaN         NaN         NaN         NaN         NaN         NaN         NaN          NaN          NaN          NaN          NaN          NaN          NaN          NaN          NaN          NaN          NaN          NaN          NaN          NaN          NaN          NaN          NaN          NaN          NaN          NaN          NaN          NaN          NaN          NaN          NaN          NaN
      NaN          NaN            NaN       NaN         NaN         NaN         NaN         NaN         NaN         NaN          NaN          NaN          NaN          NaN          NaN          NaN          NaN          NaN          NaN          NaN          NaN          NaN          NaN          NaN          NaN          NaN          NaN          NaN          NaN          NaN          NaN          NaN          NaN          NaN          NaN
      NaN          NaN            NaN       NaN         NaN         NaN         NaN         NaN         NaN         NaN          NaN          NaN          NaN          NaN          NaN          NaN          NaN          NaN          NaN          NaN          NaN          NaN          NaN          NaN          NaN          NaN          NaN          NaN          NaN          NaN          NaN          NaN          NaN          NaN          NaN
      NaN          NaN            NaN       NaN         NaN         NaN         NaN         NaN         NaN         NaN          NaN          NaN          NaN          NaN          NaN          NaN          NaN          NaN          NaN          NaN          NaN          NaN          NaN          NaN          NaN          NaN          NaN          NaN          NaN          NaN          NaN          NaN          NaN          NaN          NaN
      NaN          NaN            NaN       NaN         NaN         NaN         NaN         NaN         NaN         NaN          NaN          NaN          NaN          NaN          NaN          NaN          NaN          NaN          NaN          NaN          NaN          NaN          NaN          NaN          NaN          NaN          NaN          NaN          NaN          NaN          NaN          NaN          NaN          NaN          NaN
      NaN          NaN            NaN       NaN         NaN         NaN         NaN         NaN         NaN         NaN          NaN          NaN          NaN          NaN          NaN          NaN          NaN          NaN          NaN          NaN          NaN          NaN          NaN          NaN          NaN          NaN          NaN          NaN          NaN          NaN          NaN          NaN          NaN          NaN          NaN
      NaN          NaN            NaN       NaN         NaN         NaN         NaN         NaN         NaN         NaN          NaN          NaN          NaN          NaN          NaN          NaN          NaN          NaN          NaN          NaN          NaN          NaN          NaN          NaN          NaN          NaN          NaN          NaN          NaN          NaN          NaN          NaN          NaN          NaN          NaN
      NaN          NaN            NaN       NaN         NaN         NaN         NaN         NaN         NaN         NaN          NaN          NaN          NaN          NaN          NaN          NaN          NaN          NaN          NaN          NaN          NaN          NaN          NaN          NaN          NaN          NaN          NaN          NaN          NaN          NaN          NaN          NaN          NaN          NaN          NaN
      NaN          NaN            NaN       NaN         NaN         NaN         NaN         NaN         NaN         NaN          NaN          NaN          NaN          NaN          NaN          NaN          NaN          NaN          NaN          NaN          NaN          NaN          NaN          NaN          NaN          NaN          NaN          NaN          NaN          NaN          NaN          NaN          NaN          NaN          NaN
      NaN          NaN            NaN       NaN         NaN         NaN         NaN         NaN         NaN         NaN          NaN          NaN          NaN          NaN          NaN          NaN          NaN          NaN          NaN          NaN          NaN          NaN          NaN          NaN          NaN          NaN          NaN          NaN          NaN          NaN          NaN          NaN          NaN          NaN          NaN
      NaN          NaN            NaN       NaN         NaN         NaN         NaN         NaN         NaN         NaN          NaN          NaN          NaN          NaN          NaN          NaN          NaN          NaN          NaN          NaN          NaN          NaN          NaN          NaN          NaN          NaN          NaN          NaN          NaN          NaN          NaN          NaN          NaN          NaN          NaN
      NaN          NaN            NaN       NaN         NaN         NaN         NaN         NaN         NaN         NaN          NaN          NaN          NaN          NaN          NaN          NaN          NaN          NaN          NaN          NaN          NaN          NaN          NaN          NaN          NaN          NaN          NaN          NaN          NaN          NaN          NaN          NaN          NaN          NaN          NaN
      NaN          NaN            NaN       NaN         NaN         NaN         NaN         NaN         NaN         NaN          NaN          NaN          NaN          NaN          NaN          NaN          NaN          NaN          NaN          NaN          NaN          NaN          NaN          NaN          NaN          NaN          NaN          NaN          NaN          NaN          NaN          NaN          NaN          NaN          NaN
      NaN          NaN            NaN       NaN         NaN         NaN         NaN         NaN         NaN         NaN          NaN          NaN          NaN          NaN          NaN          NaN          NaN          NaN          NaN          NaN          NaN          NaN          NaN          NaN          NaN          NaN          NaN          NaN          NaN          NaN          NaN          NaN          NaN          NaN          NaN
      NaN          NaN            NaN       NaN         NaN         NaN         NaN         NaN         NaN         NaN          NaN          NaN          NaN          NaN          NaN          NaN          NaN          NaN          NaN          NaN          NaN          NaN          NaN          NaN          NaN          NaN          NaN          NaN          NaN          NaN          NaN          NaN          NaN          NaN          NaN
      NaN          NaN            NaN       NaN         NaN         NaN         NaN         NaN         NaN         NaN          NaN          NaN          NaN          NaN          NaN          NaN          NaN          NaN          NaN          NaN          NaN          NaN          NaN          NaN          NaN          NaN          NaN          NaN          NaN          NaN          NaN          NaN          NaN          NaN          NaN
      NaN          NaN            NaN       NaN         NaN         NaN         NaN         NaN         NaN         NaN          NaN          NaN          NaN          NaN          NaN          NaN          NaN          NaN          NaN          NaN          NaN          NaN          NaN          NaN          NaN          NaN          NaN          NaN          NaN          NaN          NaN          NaN          NaN          NaN          NaN
      NaN          NaN            NaN       NaN         NaN         NaN         NaN         NaN         NaN         NaN          NaN          NaN          NaN          NaN          NaN          NaN          NaN          NaN          NaN          NaN          NaN          NaN          NaN          NaN          NaN          NaN          NaN          NaN          NaN          NaN          NaN          NaN          NaN          NaN          NaN
      NaN          NaN            NaN       NaN         NaN         NaN         NaN         NaN         NaN         NaN          NaN          NaN          NaN          NaN          NaN          NaN          NaN          NaN          NaN          NaN          NaN          NaN          NaN          NaN          NaN          NaN          NaN          NaN          NaN          NaN          NaN          NaN          NaN          NaN          NaN
      NaN          NaN            NaN       NaN         NaN         NaN         NaN         NaN         NaN         NaN          NaN          NaN          NaN          NaN          NaN          NaN          NaN          NaN          NaN          NaN          NaN          NaN          NaN          NaN          NaN          NaN          NaN          NaN          NaN          NaN          NaN          NaN          NaN          NaN          NaN
      NaN          NaN            NaN       NaN         NaN         NaN         NaN         NaN         NaN         NaN          NaN          NaN          NaN          NaN          NaN          NaN          NaN          NaN          NaN          NaN          NaN          NaN          NaN          NaN          NaN          NaN          NaN          NaN          NaN          NaN          NaN          NaN          NaN          NaN          NaN
      NaN          NaN            NaN       NaN         NaN         NaN         NaN         NaN         NaN         NaN          NaN          NaN          NaN          NaN          NaN          NaN          NaN          NaN          NaN          NaN          NaN          NaN          NaN          NaN          NaN          NaN          NaN          NaN          NaN          NaN          NaN          NaN          NaN          NaN          NaN
      NaN          NaN            NaN       NaN         NaN         NaN         NaN         NaN         NaN         NaN          NaN          NaN          NaN          NaN          NaN          NaN          NaN          NaN          NaN          NaN          NaN          NaN          NaN          NaN          NaN          NaN          NaN          NaN          NaN          NaN          NaN          NaN          NaN          NaN          NaN
      NaN          NaN            NaN       NaN         NaN         NaN         NaN         NaN         NaN         NaN          NaN          NaN          NaN          NaN          NaN          NaN          NaN          NaN          NaN          NaN          NaN          NaN          NaN          NaN          NaN          NaN          NaN          NaN          NaN          NaN          NaN          NaN          NaN          NaN          NaN
      NaN          NaN            NaN       NaN         NaN         NaN         NaN         NaN         NaN         NaN          NaN          NaN          NaN          NaN          NaN          NaN          NaN          NaN          NaN          NaN          NaN          NaN          NaN          NaN          NaN          NaN          NaN          NaN          NaN          NaN          NaN          NaN          NaN          NaN          NaN
      NaN          NaN            NaN       NaN         NaN         NaN         NaN         NaN         NaN         NaN          NaN          NaN          NaN          NaN          NaN          NaN          NaN          NaN          NaN          NaN          NaN          NaN          NaN          NaN          NaN          NaN          NaN          NaN          NaN          NaN          NaN          NaN          NaN          NaN          NaN
      NaN          NaN            NaN       NaN         NaN         NaN         NaN         NaN         NaN         NaN          NaN          NaN          NaN          NaN          NaN          NaN          NaN          NaN          NaN          NaN          NaN          NaN          NaN          NaN          NaN          NaN          NaN          NaN          NaN          NaN          NaN          NaN          NaN          NaN          NaN
      NaN          NaN            NaN       NaN         NaN         NaN         NaN         NaN         NaN         NaN          NaN          NaN          NaN          NaN          NaN          NaN          NaN          NaN          NaN          NaN          NaN          NaN          NaN          NaN          NaN          NaN          NaN          NaN          NaN          NaN          NaN          NaN          NaN          NaN          NaN
      NaN          NaN            NaN       NaN         NaN         NaN         NaN         NaN         NaN         NaN          NaN          NaN          NaN          NaN          NaN          NaN          NaN          NaN          NaN          NaN          NaN          NaN          NaN          NaN          NaN          NaN          NaN          NaN          NaN          NaN          NaN          NaN          NaN          NaN          NaN
      NaN          NaN            NaN       NaN         NaN         NaN         NaN         NaN         NaN         NaN          NaN          NaN          NaN          NaN          NaN          NaN          NaN          NaN          NaN          NaN          NaN          NaN          NaN          NaN          NaN          NaN          NaN          NaN          NaN          NaN          NaN          NaN          NaN          NaN          NaN
      NaN          NaN            NaN       NaN         NaN         NaN         NaN         NaN         NaN         NaN          NaN          NaN          NaN          NaN          NaN          NaN          NaN          NaN          NaN          NaN          NaN          NaN          NaN          NaN          NaN          NaN          NaN          NaN          NaN          NaN          NaN          NaN          NaN          NaN          NaN
      NaN          NaN            NaN       NaN         NaN         NaN         NaN         NaN         NaN         NaN          NaN          NaN          NaN          NaN          NaN          NaN          NaN          NaN          NaN          NaN          NaN          NaN          NaN          NaN          NaN          NaN          NaN          NaN          NaN          NaN          NaN          NaN          NaN          NaN          NaN
      NaN          NaN            NaN       NaN         NaN         NaN         NaN         NaN         NaN         NaN          NaN          NaN          NaN          NaN          NaN          NaN          NaN          NaN          NaN          NaN          NaN          NaN          NaN          NaN          NaN          NaN          NaN          NaN          NaN          NaN          NaN          NaN          NaN          NaN          NaN
      NaN          NaN            NaN       NaN         NaN         NaN         NaN         NaN         NaN         NaN          NaN          NaN          NaN          NaN          NaN          NaN          NaN          NaN          NaN          NaN          NaN          NaN          NaN          NaN          NaN          NaN          NaN          NaN          NaN          NaN          NaN          NaN          NaN          NaN          NaN
      NaN          NaN            NaN       NaN         NaN         NaN         NaN         NaN         NaN         NaN          NaN          NaN          NaN          NaN          NaN          NaN          NaN          NaN          NaN          NaN          NaN          NaN          NaN          NaN          NaN          NaN          NaN          NaN          NaN          NaN          NaN          NaN          NaN          NaN          NaN
      NaN          NaN            NaN       NaN         NaN         NaN         NaN         NaN         NaN         NaN          NaN          NaN          NaN          NaN          NaN          NaN          NaN          NaN          NaN          NaN          NaN          NaN          NaN          NaN          NaN          NaN          NaN          NaN          NaN          NaN          NaN          NaN          NaN          NaN          NaN
      NaN          NaN            NaN       NaN         NaN         NaN         NaN         NaN         NaN         NaN          NaN          NaN          NaN          NaN          NaN          NaN          NaN          NaN          NaN          NaN          NaN          NaN          NaN          NaN          NaN          NaN          NaN          NaN          NaN          NaN          NaN          NaN          NaN          NaN          NaN
      NaN          NaN            NaN       NaN         NaN         NaN         NaN         NaN         NaN         NaN          NaN          NaN          NaN          NaN          NaN          NaN          NaN          NaN          NaN          NaN          NaN          NaN          NaN          NaN          NaN          NaN          NaN          NaN          NaN          NaN          NaN          NaN          NaN          NaN          NaN
      NaN          NaN            NaN       NaN         NaN         NaN         NaN         NaN         NaN         NaN          NaN          NaN          NaN          NaN          NaN          NaN          NaN          NaN          NaN          NaN          NaN          NaN          NaN          NaN          NaN          NaN          NaN          NaN          NaN          NaN          NaN          NaN          NaN          NaN          NaN
      NaN          NaN            NaN       NaN         NaN         NaN         NaN         NaN         NaN         NaN          NaN          NaN          NaN          NaN          NaN          NaN          NaN          NaN          NaN          NaN          NaN          NaN          NaN          NaN          NaN          NaN          NaN          NaN          NaN          NaN          NaN          NaN          NaN          NaN          NaN
      NaN          NaN            NaN       NaN         NaN         NaN         NaN         NaN         NaN         NaN          NaN          NaN          NaN          NaN          NaN          NaN          NaN          NaN          NaN          NaN          NaN          NaN          NaN          NaN          NaN          NaN          NaN          NaN          NaN          NaN          NaN          NaN          NaN          NaN          NaN
      NaN          NaN            NaN       NaN         NaN         NaN         NaN         NaN         NaN         NaN          NaN          NaN          NaN          NaN          NaN          NaN          NaN          NaN          NaN          NaN          NaN          NaN          NaN          NaN          NaN          NaN          NaN          NaN          NaN          NaN          NaN          NaN          NaN          NaN          NaN
      NaN          NaN            NaN       NaN         NaN         NaN         NaN         NaN         NaN         NaN          NaN          NaN          NaN          NaN          NaN          NaN          NaN          NaN          NaN          NaN          NaN          NaN          NaN          NaN          NaN          NaN          NaN          NaN          NaN          NaN          NaN          NaN          NaN          NaN          NaN
      NaN          NaN            NaN       NaN         NaN         NaN         NaN         NaN         NaN         NaN          NaN          NaN          NaN          NaN          NaN          NaN          NaN          NaN          NaN          NaN          NaN          NaN          NaN          NaN          NaN          NaN          NaN          NaN          NaN          NaN          NaN          NaN          NaN          NaN          NaN
      NaN          NaN            NaN       NaN         NaN         NaN         NaN         NaN         NaN         NaN          NaN          NaN          NaN          NaN          NaN          NaN          NaN          NaN          NaN          NaN          NaN          NaN          NaN          NaN          NaN          NaN          NaN          NaN          NaN          NaN          NaN          NaN          NaN          NaN          NaN
      NaN          NaN            NaN       NaN         NaN         NaN         NaN         NaN         NaN         NaN          NaN          NaN          NaN          NaN          NaN          NaN          NaN          NaN          NaN          NaN          NaN          NaN          NaN          NaN          NaN          NaN          NaN          NaN          NaN          NaN          NaN          NaN          NaN          NaN          NaN
      NaN          NaN            NaN       NaN         NaN         NaN         NaN         NaN         NaN         NaN          NaN          NaN          NaN          NaN          NaN          NaN          NaN          NaN          NaN          NaN          NaN          NaN          NaN          NaN          NaN          NaN          NaN          NaN          NaN          NaN          NaN          NaN          NaN          NaN          NaN
      NaN          NaN            NaN       NaN         NaN         NaN         NaN         NaN         NaN         NaN          NaN          NaN          NaN          NaN          NaN          NaN          NaN          NaN          NaN          NaN          NaN          NaN          NaN          NaN          NaN          NaN          NaN          NaN          NaN          NaN          NaN          NaN          NaN          NaN          NaN
      NaN          NaN            NaN       NaN         NaN         NaN         NaN         NaN         NaN         NaN          NaN          NaN          NaN          NaN          NaN          NaN          NaN          NaN          NaN          NaN          NaN          NaN          NaN          NaN          NaN          NaN          NaN          NaN          NaN          NaN          NaN          NaN          NaN          NaN          NaN
      NaN          NaN            NaN       NaN         NaN         NaN         NaN         NaN         NaN         NaN          NaN          NaN          NaN          NaN          NaN          NaN          NaN          NaN          NaN          NaN          NaN          NaN          NaN          NaN          NaN          NaN          NaN          NaN          NaN          NaN          NaN          NaN          NaN          NaN          NaN
      NaN          NaN            NaN       NaN         NaN         NaN         NaN         NaN         NaN         NaN          NaN          NaN          NaN          NaN          NaN          NaN          NaN          NaN          NaN          NaN          NaN          NaN          NaN          NaN          NaN          NaN          NaN          NaN          NaN          NaN          NaN          NaN          NaN          NaN          NaN
      NaN          NaN            NaN       NaN         NaN         NaN         NaN         NaN         NaN         NaN          NaN          NaN          NaN          NaN          NaN          NaN          NaN          NaN          NaN          NaN          NaN          NaN          NaN          NaN          NaN          NaN          NaN          NaN          NaN          NaN          NaN          NaN          NaN          NaN          NaN
      NaN          NaN            NaN       NaN         NaN         NaN         NaN         NaN         NaN         NaN          NaN          NaN          NaN          NaN          NaN          NaN          NaN          NaN          NaN          NaN          NaN          NaN          NaN          NaN          NaN          NaN          NaN          NaN          NaN          NaN          NaN          NaN          NaN          NaN          NaN
      NaN          NaN            NaN       NaN         NaN         NaN         NaN         NaN         NaN         NaN          NaN          NaN          NaN          NaN          NaN          NaN          NaN          NaN          NaN          NaN          NaN          NaN          NaN          NaN          NaN          NaN          NaN          NaN          NaN          NaN          NaN          NaN          NaN          NaN          NaN
      NaN          NaN            NaN       NaN         NaN         NaN         NaN         NaN         NaN         NaN          NaN          NaN          NaN          NaN          NaN          NaN          NaN          NaN          NaN          NaN          NaN          NaN          NaN          NaN          NaN          NaN          NaN          NaN          NaN          NaN          NaN          NaN          NaN          NaN          NaN
      NaN          NaN            NaN       NaN         NaN         NaN         NaN         NaN         NaN         NaN          NaN          NaN          NaN          NaN          NaN          NaN          NaN          NaN          NaN          NaN          NaN          NaN          NaN          NaN          NaN          NaN          NaN          NaN          NaN          NaN          NaN          NaN          NaN          NaN          NaN
      NaN          NaN            NaN       NaN         NaN         NaN         NaN         NaN         NaN         NaN          NaN          NaN          NaN          NaN          NaN          NaN          NaN          NaN          NaN          NaN          NaN          NaN          NaN          NaN          NaN          NaN          NaN          NaN          NaN          NaN          NaN          NaN          NaN          NaN          NaN
      NaN          NaN            NaN       NaN         NaN         NaN         NaN         NaN         NaN         NaN          NaN          NaN          NaN          NaN          NaN          NaN          NaN          NaN          NaN          NaN          NaN          NaN          NaN          NaN          NaN          NaN          NaN          NaN          NaN          NaN          NaN          NaN          NaN          NaN          NaN
      NaN          NaN            NaN       NaN         NaN         NaN         NaN         NaN         NaN         NaN          NaN          NaN          NaN          NaN          NaN          NaN          NaN          NaN          NaN          NaN          NaN          NaN          NaN          NaN          NaN          NaN          NaN          NaN          NaN          NaN          NaN          NaN          NaN          NaN          NaN
      NaN          NaN            NaN       NaN         NaN         NaN         NaN         NaN         NaN         NaN          NaN          NaN          NaN          NaN          NaN          NaN          NaN          NaN          NaN          NaN          NaN          NaN          NaN          NaN          NaN          NaN          NaN          NaN          NaN          NaN          NaN          NaN          NaN          NaN          NaN
      NaN          NaN            NaN       NaN         NaN         NaN         NaN         NaN         NaN         NaN          NaN          NaN          NaN          NaN          NaN          NaN          NaN          NaN          NaN          NaN          NaN          NaN          NaN          NaN          NaN          NaN          NaN          NaN          NaN          NaN          NaN          NaN          NaN          NaN          NaN
      NaN          NaN            NaN       NaN         NaN         NaN         NaN         NaN         NaN         NaN          NaN          NaN          NaN          NaN          NaN          NaN          NaN          NaN          NaN          NaN          NaN          NaN          NaN          NaN          NaN          NaN          NaN          NaN          NaN          NaN          NaN          NaN          NaN          NaN          NaN
      NaN          NaN            NaN       NaN         NaN         NaN         NaN         NaN         NaN         NaN          NaN          NaN          NaN          NaN          NaN          NaN          NaN          NaN          NaN          NaN          NaN          NaN          NaN          NaN          NaN          NaN          NaN          NaN          NaN          NaN          NaN          NaN          NaN          NaN          NaN
      NaN          NaN            NaN       NaN         NaN         NaN         NaN         NaN         NaN         NaN          NaN          NaN          NaN          NaN          NaN          NaN          NaN          NaN          NaN          NaN          NaN          NaN          NaN          NaN          NaN          NaN          NaN          NaN          NaN          NaN          NaN          NaN          NaN          NaN          NaN
      NaN          NaN            NaN       NaN         NaN         NaN         NaN         NaN         NaN         NaN          NaN          NaN          NaN          NaN          NaN          NaN          NaN          NaN          NaN          NaN          NaN          NaN          NaN          NaN          NaN          NaN          NaN          NaN          NaN          NaN          NaN          NaN          NaN          NaN          NaN
      NaN          NaN            NaN       NaN         NaN         NaN         NaN         NaN         NaN         NaN          NaN          NaN          NaN          NaN          NaN          NaN          NaN          NaN          NaN          NaN          NaN          NaN          NaN          NaN          NaN          NaN          NaN          NaN          NaN          NaN          NaN          NaN          NaN          NaN          NaN
      NaN          NaN            NaN       NaN         NaN         NaN         NaN         NaN         NaN         NaN          NaN          NaN          NaN          NaN          NaN          NaN          NaN          NaN          NaN          NaN          NaN          NaN          NaN          NaN          NaN          NaN          NaN          NaN          NaN          NaN          NaN          NaN          NaN          NaN          NaN
      NaN          NaN            NaN       NaN         NaN         NaN         NaN         NaN         NaN         NaN          NaN          NaN          NaN          NaN          NaN          NaN          NaN          NaN          NaN          NaN          NaN          NaN          NaN          NaN          NaN          NaN          NaN          NaN          NaN          NaN          NaN          NaN          NaN          NaN          NaN
      NaN          NaN            NaN       NaN         NaN         NaN         NaN         NaN         NaN         NaN          NaN          NaN          NaN          NaN          NaN          NaN          NaN          NaN          NaN          NaN          NaN          NaN          NaN          NaN          NaN          NaN          NaN          NaN          NaN          NaN          NaN          NaN          NaN          NaN          NaN
      NaN          NaN            NaN       NaN         NaN         NaN         NaN         NaN         NaN         NaN          NaN          NaN          NaN          NaN          NaN          NaN          NaN          NaN          NaN          NaN          NaN          NaN          NaN          NaN          NaN          NaN          NaN          NaN          NaN          NaN          NaN          NaN          NaN          NaN          NaN
      NaN          NaN            NaN       NaN         NaN         NaN         NaN         NaN         NaN         NaN          NaN          NaN          NaN          NaN          NaN          NaN          NaN          NaN          NaN          NaN          NaN          NaN          NaN          NaN          NaN          NaN          NaN          NaN          NaN          NaN          NaN          NaN          NaN          NaN          NaN
      NaN          NaN            NaN       NaN         NaN         NaN         NaN         NaN         NaN         NaN          NaN          NaN          NaN          NaN          NaN          NaN          NaN          NaN          NaN          NaN          NaN          NaN          NaN          NaN          NaN          NaN          NaN          NaN          NaN          NaN          NaN          NaN          NaN          NaN          NaN
      NaN          NaN            NaN       NaN         NaN         NaN         NaN         NaN         NaN         NaN          NaN          NaN          NaN          NaN          NaN          NaN          NaN          NaN          NaN          NaN          NaN          NaN          NaN          NaN          NaN          NaN          NaN          NaN          NaN          NaN          NaN          NaN          NaN          NaN          NaN
      NaN          NaN            NaN       NaN         NaN         NaN         NaN         NaN         NaN         NaN          NaN          NaN          NaN          NaN          NaN          NaN          NaN          NaN          NaN          NaN          NaN          NaN          NaN          NaN          NaN          NaN          NaN          NaN          NaN          NaN          NaN          NaN          NaN          NaN          NaN
      NaN          NaN            NaN       NaN         NaN         NaN         NaN         NaN         NaN         NaN          NaN          NaN          NaN          NaN          NaN          NaN          NaN          NaN          NaN          NaN          NaN          NaN          NaN          NaN          NaN          NaN          NaN          NaN          NaN          NaN          NaN          NaN          NaN          NaN          NaN
      NaN          NaN            NaN       NaN         NaN         NaN         NaN         NaN         NaN         NaN          NaN          NaN          NaN          NaN          NaN          NaN          NaN          NaN          NaN          NaN          NaN          NaN          NaN          NaN          NaN          NaN          NaN          NaN          NaN          NaN          NaN          NaN          NaN          NaN          NaN
      NaN          NaN            NaN       NaN         NaN         NaN         NaN         NaN         NaN         NaN          NaN          NaN          NaN          NaN          NaN          NaN          NaN          NaN          NaN          NaN          NaN          NaN          NaN          NaN          NaN          NaN          NaN          NaN          NaN          NaN          NaN          NaN          NaN          NaN          NaN
      NaN          NaN            NaN       NaN         NaN         NaN         NaN         NaN         NaN         NaN          NaN          NaN          NaN          NaN          NaN          NaN          NaN          NaN          NaN          NaN          NaN          NaN          NaN          NaN          NaN          NaN          NaN          NaN          NaN          NaN          NaN          NaN          NaN          NaN          NaN
      NaN          NaN            NaN       NaN         NaN         NaN         NaN         NaN         NaN         NaN          NaN          NaN          NaN          NaN          NaN          NaN          NaN          NaN          NaN          NaN          NaN          NaN          NaN          NaN          NaN          NaN          NaN          NaN          NaN          NaN          NaN          NaN          NaN          NaN          NaN
      NaN          NaN            NaN       NaN         NaN         NaN         NaN         NaN         NaN         NaN          NaN          NaN          NaN          NaN          NaN          NaN          NaN          NaN          NaN          NaN          NaN          NaN          NaN          NaN          NaN          NaN          NaN          NaN          NaN          NaN          NaN          NaN          NaN          NaN          NaN
      NaN          NaN            NaN       NaN         NaN         NaN         NaN         NaN         NaN         NaN          NaN          NaN          NaN          NaN          NaN          NaN          NaN          NaN          NaN          NaN          NaN          NaN          NaN          NaN          NaN          NaN          NaN          NaN          NaN          NaN          NaN          NaN          NaN          NaN          NaN
      NaN          NaN            NaN       NaN         NaN         NaN         NaN         NaN         NaN         NaN          NaN          NaN          NaN          NaN          NaN          NaN          NaN          NaN          NaN          NaN          NaN          NaN          NaN          NaN          NaN          NaN          NaN          NaN          NaN          NaN          NaN          NaN          NaN          NaN          NaN
      NaN          NaN            NaN       NaN         NaN         NaN         NaN         NaN         NaN         NaN          NaN          NaN          NaN          NaN          NaN          NaN          NaN          NaN          NaN          NaN          NaN          NaN          NaN          NaN          NaN          NaN          NaN          NaN          NaN          NaN          NaN          NaN          NaN          NaN          NaN
      NaN          NaN            NaN       NaN         NaN         NaN         NaN         NaN         NaN         NaN          NaN          NaN          NaN          NaN          NaN          NaN          NaN          NaN          NaN          NaN          NaN          NaN          NaN          NaN          NaN          NaN          NaN          NaN          NaN          NaN          NaN          NaN          NaN          NaN          NaN
      NaN          NaN            NaN       NaN         NaN         NaN         NaN         NaN         NaN         NaN          NaN          NaN          NaN          NaN          NaN          NaN          NaN          NaN          NaN          NaN          NaN          NaN          NaN          NaN          NaN          NaN          NaN          NaN          NaN          NaN          NaN          NaN          NaN          NaN          NaN
      NaN          NaN            NaN       NaN         NaN         NaN         NaN         NaN         NaN         NaN          NaN          NaN          NaN          NaN          NaN          NaN          NaN          NaN          NaN          NaN          NaN          NaN          NaN          NaN          NaN          NaN          NaN          NaN          NaN          NaN          NaN          NaN          NaN          NaN          NaN
      NaN          NaN            NaN       NaN         NaN         NaN         NaN         NaN         NaN         NaN          NaN          NaN          NaN          NaN          NaN          NaN          NaN          NaN          NaN          NaN          NaN          NaN          NaN          NaN          NaN          NaN          NaN          NaN          NaN          NaN          NaN          NaN          NaN          NaN          NaN
      NaN          NaN            NaN       NaN         NaN         NaN         NaN         NaN         NaN         NaN          NaN          NaN          NaN          NaN          NaN          NaN          NaN          NaN          NaN          NaN          NaN          NaN          NaN          NaN          NaN          NaN          NaN          NaN          NaN          NaN          NaN          NaN          NaN          NaN          NaN
      NaN          NaN            NaN       NaN         NaN         NaN         NaN         NaN         NaN         NaN          NaN          NaN          NaN          NaN          NaN          NaN          NaN          NaN          NaN          NaN          NaN          NaN          NaN          NaN          NaN          NaN          NaN          NaN          NaN          NaN          NaN          NaN          NaN          NaN          NaN
      NaN          NaN            NaN       NaN         NaN         NaN         NaN         NaN         NaN         NaN          NaN          NaN          NaN          NaN          NaN          NaN          NaN          NaN          NaN          NaN          NaN          NaN          NaN          NaN          NaN          NaN          NaN          NaN          NaN          NaN          NaN          NaN          NaN          NaN          NaN
      NaN          NaN            NaN       NaN         NaN         NaN         NaN         NaN         NaN         NaN          NaN          NaN          NaN          NaN          NaN          NaN          NaN          NaN          NaN          NaN          NaN          NaN          NaN          NaN          NaN          NaN          NaN          NaN          NaN          NaN          NaN          NaN          NaN          NaN          NaN
      NaN          NaN            NaN       NaN         NaN         NaN         NaN         NaN         NaN         NaN          NaN          NaN          NaN          NaN          NaN          NaN          NaN          NaN          NaN          NaN          NaN          NaN          NaN          NaN          NaN          NaN          NaN          NaN          NaN          NaN          NaN          NaN          NaN          NaN          NaN
      NaN          NaN            NaN       NaN         NaN         NaN         NaN         NaN         NaN         NaN          NaN          NaN          NaN          NaN          NaN          NaN          NaN          NaN          NaN          NaN          NaN          NaN          NaN          NaN          NaN          NaN          NaN          NaN          NaN          NaN          NaN          NaN          NaN          NaN          NaN
      NaN          NaN            NaN       NaN         NaN         NaN         NaN         NaN         NaN         NaN          NaN          NaN          NaN          NaN          NaN          NaN          NaN          NaN          NaN          NaN          NaN          NaN          NaN          NaN          NaN          NaN          NaN          NaN          NaN          NaN          NaN          NaN          NaN          NaN          NaN
      NaN          NaN            NaN       NaN         NaN         NaN         NaN         NaN         NaN         NaN          NaN          NaN          NaN          NaN          NaN          NaN          NaN          NaN          NaN          NaN          NaN          NaN          NaN          NaN          NaN          NaN          NaN          NaN          NaN          NaN          NaN          NaN          NaN          NaN          NaN

Table_name: 3WS_Total cancer incidents 2011
 Data: 
                             Cancer Site Total_cancer_incidents_2011
                                 Breast                      50,285
                                   Lung                      43,463
                               Prostate                      41,736
                                  Bowel                      41,581
                            Other Sites                      35,252
                     Malignant Melanoma                      13,348
                   Non-Hodgkin Lymphoma                      12,783
                                Bladder                      10,399
                                 Kidney                      10,144
Brain, Other CNS & Intracranial Tumours                       9,365
                               Pancreas                       8,773
                              Leukaemia                       8,616
                                 Uterus                       8,475
                             Oesophagus                       8,332
                                  Ovary                       7,116
                                Stomach                       7,089
                                   Oral                       6,767
                                Myeloma                       4,792
                                  Liver                       4,348
                                 Cervix                       3,064
                                Thyroid                       2,727

Table_name: 4WS_Survival Rate All cancer
 Data: 
          Cancer Site  survival_rate
              Testis          97.25
    Melanoma of skin          83.56
    Hodgkin lymphoma          81.79
            Prostate          81.38
              Larynx          66.75
Non-Hodgkin lymphoma          61.45
             Bladder          58.24
              Rectum          54.57
               Colon          54.41
          Colorectum          54.19
              Kidney          53.34
           Leukaemia          44.01
             Myeloma          37.11
             Stomach          17.56
               Brain          14.52
          Oesophagus          12.52
                Lung           8.19
            Pancreas           3.84

Table_name: 5WS_PSA vs Normal per age
 Data: 
 Age Range  Avg. Actual  Avg. Normal Level Avg. Variance%
    50-59            4                  3            33%
    60-69            4                  4             0%
  over 70            4                  5           -20%",Prostate Cancer - it doesn't just happen to your grandad!
33,data\Test\Tableau\tab_012,"Table_name: 1Overall Discounts
 Data: 
 Discount Status In / Out of Discounted Order IDs Avg. Discount   Profit
     Discounted                               In        30.00% -$34,599
 Non Discounted                              Out         0.00% $320,946

Table_name: 2Regional Profitability
 Data: 
 Discount Status In / Out of Discounted Order IDs  Region Avg. Discount   Profit
     Discounted                               In    West        23.60%  $31,897
     Discounted                               In    East        29.60% -$13,837
     Discounted                               In   South        29.30% -$16,254
     Discounted                               In Central        37.30% -$36,405
 Non Discounted                              Out    West         0.00%  $76,489
 Non Discounted                              Out    East         0.00% $105,358
 Non Discounted                              Out   South         0.00%  $62,975
 Non Discounted                              Out Central         0.00%  $76,124

Table_name: 3Not Discounted by Sub-Category
 Data: 
 Discount Status In / Out of Discounted Order IDs Sub-Category Avg. Discount  Profit
 Non Discounted                              Out      Binders         0.00% $39,306
 Non Discounted                              Out      Copiers         0.00% $35,556
 Non Discounted                              Out  Accessories         0.00% $35,284
 Non Discounted                              Out       Phones         0.00% $34,353
 Non Discounted                              Out     Machines         0.00% $27,137
 Non Discounted                              Out      Storage         0.00% $25,525
 Non Discounted                              Out        Paper         0.00% $25,326
 Non Discounted                              Out   Appliances         0.00% $23,183
 Non Discounted                              Out       Chairs         0.00% $21,929
 Non Discounted                              Out  Furnishings         0.00% $16,856
 Non Discounted                              Out       Tables         0.00% $13,273
 Non Discounted                              Out    Bookcases         0.00%  $6,073
 Non Discounted                              Out          Art         0.00%  $5,379
 Non Discounted                              Out    Envelopes         0.00%  $4,967
 Non Discounted                              Out       Labels         0.00%  $4,428
 Non Discounted                              Out     Supplies         0.00%  $1,717
 Non Discounted                              Out    Fasteners         0.00%    $654

Table_name: 4Discounts by Sub-Category
 Data: 
 Discount Status In / Out of Discounted Order IDs Sub-Category Avg. Discount   Profit
     Discounted                               In      Binders        47.80%  -$9,106
     Discounted                               In     Machines        40.90% -$23,750
     Discounted                               In   Appliances        39.80%  -$5,051
     Discounted                               In  Furnishings        34.30%  -$3,786
     Discounted                               In       Tables        33.70% -$31,006
     Discounted                               In    Bookcases        28.70%  -$9,552
     Discounted                               In      Copiers        23.90%  $20,062
     Discounted                               In       Phones        23.80%  $10,139
     Discounted                               In       Chairs        21.70%   $4,657
     Discounted                               In        Paper        20.00%   $8,727
     Discounted                               In      Storage        20.00%  -$4,245
     Discounted                               In  Accessories        20.00%   $6,648
     Discounted                               In          Art        20.00%   $1,151
     Discounted                               In     Supplies        20.00%  -$2,904
     Discounted                               In    Fasteners        20.00%     $298
     Discounted                               In    Envelopes        20.00%   $1,989
     Discounted                               In       Labels        20.00%   $1,130",Discounts Harm Profits
34,data\Test\Tableau\tab_013,"Table_name: 1Enrollment
 Data: 
             Revenue_Type % of Total Amount along Revenue Type (group)        Amount
Enrollment Based Funding                                       67.11% $389,177,099 
Other Budget Allocations                                       32.89% $190,696,728 

Table_name: 2Other Sources
 Data: 
                     budget_category      amount  Unnamed: 2  Unnamed: 3  Unnamed: 4  Unnamed: 5  Unnamed: 6  Unnamed: 7
                            At-Risk    39710916         NaN         NaN         NaN         NaN         NaN         NaN
                  Special Education    85814650         NaN         NaN         NaN         NaN         NaN         NaN
          English Language Learners    24282230         NaN         NaN         NaN         NaN         NaN         NaN
                      Title Funding    14374755         NaN         NaN         NaN         NaN         NaN         NaN
                    Funding Minimum $9,053,905          NaN         NaN         NaN         NaN         NaN         NaN
                    Specialty Funds     7120411         NaN         NaN         NaN         NaN         NaN         NaN
Afterschool/Evening Credit Recovery     3918416         NaN         NaN         NaN         NaN         NaN         NaN

Table_name: 3Budget Allocation - Enrollment and Other
 Data: 
              budget_type       school % of Total Amount along School      Amount  Sort
Enrollment Based Funding Anacostia HS                         53.53% $5,296,931      0
Enrollment Based Funding    Ballou HS                         46.47% $4,597,757      1
Other Budget Allocations Anacostia HS                         41.31% $4,083,722      0
Other Budget Allocations    Ballou HS                         58.69% $5,801,485      7

Table_name: 4Budget Allocation - Other
 Data: 
           budget_category       school % of Amount from the Total along Budget Category      Amount  Sort
        Special Education Anacostia HS                                           34.45% $3,231,225      0
        Special Education    Ballou HS                                           30.68% $3,190,220      1
                  At-Risk Anacostia HS                                            5.48%   $513,719      0
                  At-Risk    Ballou HS                                           22.20% $2,308,862      1
            Title Funding Anacostia HS                                            3.47%   $325,530      0
            Title Funding    Ballou HS                                            2.83%   $293,887      1
English Language Learners Anacostia HS                                            0.14%    $13,248      0
English Language Learners    Ballou HS                                            0.08%     $8,516      1",FY15 School Budgets
35,data\Test\Tableau\tab_014,"Table_name: 1How was time spent_
 Data: 
                        Category  January  February  March  April   May  June  July  August  September  October  November  December
                       Campaign     4.75     29.00  14.00    NaN  2.00  2.00 18.00    6.50       2.75    16.50      4.50      9.25
                          Media     4.50      2.05   2.75   0.50  2.00  2.50  1.00    1.50       0.50     3.50       NaN      1.00
Office time (nothing scheduled)    41.75     64.25  21.75  64.50 56.75 80.00 66.00   60.50      46.00    48.50     38.50     43.50
                  Personal time     2.00      1.75   8.25   1.00 27.00  3.50  5.50    5.50       9.25    14.00      2.50      1.00
                     Receptions     6.00      3.25   5.00   1.50   NaN 18.75  9.50     NaN      14.50     6.00       NaN      5.25
       Scheduled work, meetings    65.15     64.25  87.15  39.75 21.00 52.25 41.50   56.75      42.75    46.25     35.25     45.75
                  Social events    14.00      4.50    NaN    NaN  1.00  3.00   NaN     NaN        NaN      NaN       NaN       NaN
                  Trade mission      NaN       NaN    NaN  72.00   NaN   NaN   NaN     NaN        NaN      NaN     81.00       NaN
                         Travel    13.10     17.50  24.50   7.50  9.50 17.25 16.25   24.50      13.50    30.00     39.50     16.25

Table_name: 2Hours worked
 Data: 
 Month of Date  hours_worked_2013
      January              135.3
     February              180.3
        March              155.2
        April              185.8
          May               91.3
         June              172.8
         July              152.3
       August              149.8
    September              120.0
      October              150.8
     November              198.8
     December              121.0

Table_name: 3Travel time
 Data: 
 Month of Date  Travel
      January   13.10
     February   17.50
        March   24.50
        April    7.50
          May    9.50
         June   17.25
         July   16.25
       August   24.50
    September   13.50
      October   30.00
     November   39.50
     December   16.25

Table_name: 4Days off
 Data: 
       category month  count
Day not worked   jan      7
Day not worked   feb      3
Day not worked   mar      5
Day not worked   apr      3
Day not worked   may     14
Day not worked   jun      5
Day not worked   jul      4
Day not worked   aug      7
Day not worked   sep      6
Day not worked   oct      6
Day not worked   nov      5
Day not worked   dec      6

Table_name: 5Campaign
 Data: 
 Day of Date  Campaign
   1/5/2013      4.25
  1/28/2013      0.50
   2/1/2013      1.75
   2/5/2013      0.50
  2/20/2013      1.75
  2/21/2013     10.50
  2/22/2013      6.50
  2/23/2013      4.00
  2/25/2013      4.00
   3/2/2013      3.00
   3/7/2013      0.50
  3/13/2013      0.50
  3/18/2013      1.50
  3/24/2013      2.75
  3/25/2013      4.50
  3/26/2013      1.25
  5/30/2013      2.00
  6/26/2013      2.00
  7/24/2013      7.50
  7/25/2013     10.50
  8/14/2013      2.00
  8/24/2013      1.00
  8/26/2013      2.00
  8/29/2013      1.50
  9/18/2013      1.00
  9/25/2013      1.75
  10/1/2013      1.75
  10/7/2013      1.75
 10/15/2013      0.50
 10/18/2013      1.75
 10/19/2013      3.25
 10/20/2013      4.50
 10/24/2013      1.25
 10/29/2013      1.75
  11/6/2013      2.25
  11/7/2013      0.50
 11/11/2013      1.75
  12/3/2013      1.00
  12/4/2013      3.75
  12/6/2013      2.50
 12/10/2013      1.00
 12/30/2013      1.00

Table_name: 6Detailed schedule
 Data: 
                 Category  2014 Vision Meeting with DFM  ""Hire a Vet"" PSA  Ada County Capital for a Day  Address the 3rd Annual Student Leadership Forum  AG  Albertson's  Albertsons Grand Reopening  Allstate Insurance Company Announcement  Alzheimer's PSA  Ann Marie and Matthew Carlson Wedding  Annual Dividend Presentation  AP Legislative Preview  Arbor Day PSA  Awards Reception  Beer and Wine  Beverlys  BHS Drill  Big Creek Lodge Tour  Bob Geddes  Boise Chamber Annual Legislative Forum with Jeff Sayer  Boise Chamber- Governor's Address to Business Community  Boise COC with Hamdi Ulukaya of Chobani  Boise Rescue Mission Great Thanksgiving Banquet  Bonners Ferry American Legion  Boy Scouts Annual Report to the Governor  BPA Meeting  Brad Little Official Announcement/Kickoff Breakfast  Brandon Woolf Announcement  Breakfast with Hamdi Ulukaya of Chobani  Breakfast with Mark Smith  Brenda Maynard Walters funeral (Travel with ISP)  Brown Bag Business Lunch with Western States Caterpillar  Bruce Newcomb  BSU Higher Education Day Proclamation Signing Ceremony  Budget and Policy Discussion Meeting  Budget Briefing with Directors  Budget Briefing with Leadership  Budget Meeting  Budget Meeting (Education)  Budget Meeting (Elected Officials and Others)  Budget Meeting (Natural Resources)  Budget Meeting with Constitutional Officers  Budget Meeting with Majority Leadership  Budget Meeting with Minority Leadership  Budget Wrap-Up Meeting  Business Brown Bag Lunch  Cabinet Meeting (Tax and Regulation)  Cafeteria Meetings  Caldwell Night Rodeo & Man Up Crusade Press Conference  Caldwell Night Rodeo Century Roping  California Gov Cup Golf Tournament  California Governor's Cup Leadership Meeting (Gov on Panel)  Call Mark Brinkmeyer  Call with Harvey Martin  Camas County Capital for a Day  Canal Safety PSA  Canyon County Lincoln Day Dinner  CDA Chamber- Governors Address to Business Community  CDA Tribe  Celebrity Fight Night Charity Event  Cenarrusa Lying in-State  Channel 7 Interview  Cives Steel Ribbon Cutting  Clay Target Shooting with the National Sporting Clay Association  Clint Stennett Memorial Scholarship Luncheon  Club Night at Arid Club  Code of the West Event with James Owen  Coffee with Idaho Hospital Association  Colby Civil Air Promotion  Colonel Powell Promotion Ceremony  Constitutional Officers Dinner at Arid Club  Corrections Meetings  Cottage Sites Meeting  Criminal Justice Cabinet Meeting  Current Insurance Policy Discussion Meeting  Daughters of the Nile Proclamation Signing Ceremony  Dave Petso Interview  David Doeringsfeld, Port Manager-Port of Lewiston  David McAnaney  Depart Western Aircraft for Idaho Falls  Dinner at Chandler's  Dinner at Harmon's New House  Dinner with James Adamson  Dinner with Mayor Bloomberg  Dinner with Mtn. View Hospital  Dinner with Potlatch  Dinner with Sacred Heart Auction Winners  Director Anderson  Director of Labor Interviews  Discuss Clean Air Act  Drive to 1101 W. River Street  Drive to Boise Hotel and Conference Center  Drive to HP  Duck Hunt-Hagerman  Economic Development, Enterprise, and Infrastructure Cabinet Meeting  Editorial Board Meeting  Education and Government Cabinet Meeting  Education Meeting  End of Session Press Conference  Executive Roundtable Panel Discussion I (Immigration)  Fallen Soldier Memorial  Famous Idaho Potato Bowl (Gov to Be Coin Tosser)  FBI Briefing  Federal Lands Meeting  Federal Reserve Bank Community Leaders Luncheon  Festival of Trees Gala  Fire Prevention PSA  Fire Tour  Fly back to Boise from Fort Hood  Fly Boise to Bonners Ferry on State King Air  Fly Boise to Burley on State King Air  Fly Boise to CDA on State King Air  Fly Boise to Hailey on State King Air  Fly Boise to Idaho Falls on State King Air  Fly Boise to Jerome on State King Air  Fly Boise to Palo Alto on State King Air  Fly Boise to Pocatello  Fly Boise to Pocatello on State King Air  Fly Boise to Pullman, WA on State King Air  Fly Boise to Rexburg on State King Air  Fly Boise to Salt Lake on State King Air  Fly Boise to Soda on State King Air  Fly Boise to Twin Falls  Fly Bonners Ferry to Boise on State King Air  Fly Burley to Boise on State King Air  Fly CDA to Boise on State King Air  Fly Delta Airlines to Boise  Fly Delta Airlines to NYC  Fly Delta Airlines to Orlando, FL  Fly Delta Airlines to Salt Lake (RGA)  Fly Delta Airlines to Washington DC  Fly Idaho Falls to Boise  Fly Idaho Falls to Boise on State King Air  Fly Idaho Falls to McCall on State King Air  Fly Idaho Falls to Utah on State King Air  Fly Jerome to Boise on State King Air  Fly King Air to CDA  Fly Logan, UT to Boise on State King Air  Fly McCall to Boise on State King Air  Fly on Jackson Jet Center King Air to Boise, ID  Fly Palo Alto to Boise on State King Air  Fly Pocatello to Boise  Fly Pullman, WA to Boise on State King Air  Fly Rexburg to Boise on State King Air  Fly Salt Lake to Boise on State King Air  Fly Soda to Boise on State King Air  Fly Southwest Airlines to Boise  Fly to Boise to Idaho Falls (Fly over Fires)  Fly to CDA with Governor Christie  Fly to Sun Valley  Fly Twin Falls to Boise on State King Air  Fly United Airlines to Boise  Fly United Airlines to Monterey, CA  Fly United Airlines to Moscow Russia  Fly US Airways to Boise  Fox Cavuto Appearance  Fred Martin Reception and Minerals, Inc. Dinner  Funeral for Father Don Riffle  Gary Ingrahm  Gem County Capital for a Day  General office time  Girls State Winning Candidates  Give Welcome and Introduce Celia  Give Welcome at Line Commission Meeting  Give Welcome at North American Wildlife Enforcement Officers Association  Give Welcome Remarks at ""China's…  Golf @ Plantation Golf Course (Sacred Heart Auction Item)  Golf @ Shadow Valley (Sacred Heart Auction Item)  Golf Practice Rounds  Golf Tournament w/pictures  GOP Night at Boise Hawks Stadium (Travel with ISP)  Gov to call Secretary Sebelius  Governor Batt Building Declaration  Governor Visits Patients at Boise VA Hospital  Governor's Brightest Star Awards Ceremony  Governor's Christmas Tree Lighting  Governor's Cup Meeting  Governor's Cup Race at Les Bois  Governor's Cup Reception  Governor's Dinner and Ball  Governor's Roundtable Breakfast  Governor's State of the State Address  Governors Depart for White House  Governors-Only Meeting with the President  Grace Capital for a Day  Grain Producers PAC Event  Grand Marshal Caldwell Parade  Grandparents Day with Kenneth Inzer  Guardian Council Lunch  H100 (Opportunity Fund) Mock Bill Signing  H. 222 Bill Signing Ceremony  H.B. 168 & S. 1064 Mock Bill Signing  Hagerman Capitol for a Day  Health and Individual Services Cabinet Meeting  Health Promotion Program Kick-Off Event  Holocaust Rememberance Day Proclamation Signing Ceremony  Homedale Rodeo  Horman, VanOrden, Packer and Perry Reception  Hymns of Thanksgiving Recording  IACI Golf Tournament  IACI Legislative Reception  IACI Reception  Idah State Prayer Breakfast Dinner  Idaho 150th Celebration  Idaho Falls Day  Idaho Federation of Republican Women  Idaho Gives PS  Idaho GOP State Central Committee Meeting  Idaho Healthcare Insurance Exchange Rollout  Idaho Industry Breakfast  Idaho Meth Project Fund Reception and Dinner (Gov. to Auctioneer)  Idaho State Prayer Breakfast  Idaho State University Legislative Reception  Idaho Statesman Education Web Chat  Idaho Technology Council Meeting  Idaho Technology Quarterly Meeting  Idaho Trucking Association Legislative Dinner  Idaho's Hometown Hero Medal Ceremony (Gov Receiving Medal)  IDOL Document Signing  IDOL Signing with Ben Ysursa  Ink Pens for Servicemen Presented to Governor Otter  INL Press Conference  INL Update  Insurance Exchange Update  Interview with Alan Stephens (7th Judicial District Judge)  Interview with Barbara Buchanan  Interview with Brent Featherston  Interview with Bruce Pickett (7th Judicial District)  Interview with Christopher Nye (Third Judicial District)  Interview with Christopher Topmiller (Third Judicial District)  Interview with Doug Petcash  Interview with Idaho Statesman Editorial Board  Interview with Jason Scott (4th Judicial District)  Interview with Kenneth Jorgenson (Third Judicial District)  Interview with Les Bock  Interview with Mark Johnson  Interview with Mike Sharp  Interview with Phil Janquart  Interview with Richard Christensen  Interview with Roger Cockerille (4th Judicial District)  Interview with Scott Wayman  Interview with Scott Wyman  Interview with Stephen Clark (7th Judicial District)  Interview with Steve Hippler (4th Judicial District)  IPTV Morrell Send Off  ISP Interview with Lt. Col. Powell  ISP Interview with Major Ked Wills  ISP Interview with Russ Roper  ISP pick up for funeral  ISP Pick Up Gov at Big O  ITC Meeting Quarterly meeting  Jackson Jet Center King Air to Yakima, WA  Jeremy Pisca  Jerome Capital for a Day  Jerry Deckard  Jim Riley  Jim Yost Birthday Party  John Cafferty Interview  Judge Edward Lodge Reception-Celebrating 50 Years on the Bench  Judge Lodge 50th Year Proclamation  Katie Brief  KBOI- Nate Shelman  Kenneth Inzer CVCA Harvest Fundraising Auction  Kevin Miller Radio Show  Kevin Miller Show with Lt. Governor Little  Kick Off Event - Star Elementary School  KTVB Live Interview  Land Board Meeting  Leadership AP Review  Lee Barron  Legislative Leadership Breakfast (Majority)  Legislative Leadership Breakfast (Minority)  Legislative Leadership Lunch (Minority)  Legislative Leadership Working Lunch (Majority)  LINE Commission  Live Interview w/107.9 Lite FM  Live Interview with Fox and Friends  Low country boil  Lt. Gov.  Lt. Governor  March of Dimes Auction Winner Dinner  Marry Bill Hatch and Dixie Grover  Marry Jason Horst and Christina Lynn Perez  Marty Peterson  Massage at ranch  Media  Media Availability  Medicaid Expansion Update  Meet and Greet with BSU Political Science Class  Meet and Greet with Dan Gerkin and Family  Meet and Greet with Dennis Bassford  Meet and Greet with Dr. Lochead  Meet and Greet with Eagle High School  Meet and Greet with FLEX Students  Meet and Greet with Meridian High State and Local Government Class  Meet and Greet with Minidoka Sch.  Meet and Greet with Ron Pisaneschi  Meet and Greet with School Group  Meet and Greet with Students  Meet and Greet with Susan Johnson  Meet and Greet with Todd Monrow, New Exec. Dir. Of Wyakin Warriors  Meet and Greet with Trendwell Executives  Meeting at Hoover Institute  Meeting John Gotts, Senator Fulcher  Meeting w Lt. Col./Acting Director  Meeting with Admiral Grossenbacher  Meeting with Admiral Richardson  Meeting with AG Wasden  Meeting with Albertsons  Meeting with Ambassador João Vale de Almeida  Meeting with Andreeson Horowitz  Meeting with Assistant Secretary Pete Lyons  Meeting with Ball Ventures  Meeting with Bannock County Commissioners  Meeting with Barry Peterson  Meeting with Bedke and Fred Wood  Meeting with Beer and Wine Distributors of Idaho  Meeting with Ben  Meeting with Big Brothers Big Sisters Southwest Idaho CEO  Meeting with Bill Drummond, BPA Administrator  Meeting with BLM Acting Director Pool  Meeting with Bob Kustra and Bruce Newcomb  Meeting with Bonnie  Meeting with Brad Miller  Meeting with Bruce Lehram, Involta's CEO  Meeting with Capstone Students  Meeting with CCA  Meeting with Celia Gould  Meeting with CenturyLink  Meeting with Chairman Budge, Director Moore Vice Chair Barowsky et al  Meeting with Chairman Dennis Smith  Meeting with Col. Russell  Meeting with Colonel Powell and Jerry Whitehead  Meeting with Commissioner Chmelik  Meeting with Commissioners Steve Hadley and Karl Anderson of Bannock County  Meeting with Concordia Law School Dean, Cathy Silak  Meeting with Congressman Doc Hastings and Congressman Mike Simpson  Meeting with Constitutional Officers  Meeting with Consul General Yushmanov  Meeting with Dave Huizinga, Assistant Secretary for Environmental Management  Meeting with Dave McAnaney  Meeting with David  Meeting with David P. McAnaney  Meeting with David, Jani and David F.  Meeting with Denis Stevens, Consul General of Canada in Seattle  Meeting with Director Deal  Meeting with Director Gould  Meeting with Director Merrill and Parks Board  Meeting with Director Ness  Meeting with Director Sayer  Meeting with Director Schultz  Meeting with Director Spackman  Meeting with District 1 Legislators  Meeting with Don  Meeting with Donald L. Burnett, Interim President of U of I  Meeting with Dr. Andy David, Israel's Consul-General to the Pacific North-West  Meeting with Frank Luntz  Meeting with Garry Isaacs  Meeting with General Sayler  Meeting with Governor Batt  Meeting with Harry Karns  Meeting with Herry Whitehead and Jim Kempton  Meeting with House and Senate Pages  Meeting with Idaho Outfitters and Guides Association  Meeting with Idaho Sportsman's Caucus Advisory Council  Meeting with Idaho Wool Growers  Meeting with ISU College of Pharmacy-Meridian  Meeting with Jani Revier  Meeting with Jason Kreizenbeck  Meeting with Jay Combs  Meeting with Jay Combs with Wells Fargo  Meeting with Jayson Ronk  Meeting with Jeff Malmen  Meeting with Jeremy Pisca and Bill Brownlee  Meeting with Jerry Russell  Meeting with Jim Addis  Meeting with Jim Coleman  Meeting with John Greenfield  Meeting with John Gwin  Meeting with Kathleen Sebelius  Meeting with Katie Brodie  Meeting with Kelley Packer  Meeting with Ken Edmunds  Meeting with Kirk Sullivan  Meeting with Leadership Boise Academy  Meeting with Loel Fenwick  Meeting with Lt. Gov.  Meeting with Lt. Governor Little and Director Sayer  Meeting with Luke Malek and Ed Morse  Meeting with Majority Leadership  Meeting with Majority Leadership and JFAC Co-Chairs  Meeting with Marc Brinkmeyer  Meeting with Mark and David  Meeting with Mark Smith with Da Vinci Group  Meeting with Meg Whitman  Meeting with Michael Mullis  Meeting with Mike Field  Meeting with Minority Leadership  Meeting with Mr. Stratton  Meeting with NaphCare CEO  Meeting with New Mexican Consul Ordorica  Meeting with Nora Rasure, Forest Service  Meeting with Northern Regional  Meeting with Northwest Mining  Meeting with Optum Health  Meeting with Phil Cox, RGA Executive Director  Meeting with PNWER  Meeting with President Henberg of College of Idaho  Meeting with President Kustra and Bruce Newcomb  Meeting with President Nellis  Meeting with President Vailas  Meeting with Priya Guha. British Consul General in SF  Meeting with Pro Tem and Speaker  Meeting with Pro Tem, Senator David, and Senator Winder  Meeting with Project de Gama  Meeting with Ramesh Ramen with Magneda  Meeting with Renee Sinclair, Apple  Meeting with Rep. Bateman  Meeting with Rep. Brandon Hixon  Meeting with Rep. Hixon  Meeting with Rep. Jeff Thompson  Meeting with Rep. Steve Miller  Meeting with Rep. Thompson  Meeting with Rep. Wills  Meeting with Representative Eskridge and Senator Marv Hagedorn  Meeting with Representative Pete Nielsen  Meeting with Reps. Ringo, Erpelding, and Ward-Engelking  Meeting with Richard Salzman  Meeting with Richard Yukes (CEO, Black Bear Oil Corporation)  Meeting with Robin Sandy  Meeting with Roger Chase  Meeting with Ron Nilson  Meeting with Sandra Mitchell  Meeting with Secretary Jewell  Meeting with Secretary Moniz  Meeting with Secretary Vilsack  Meeting with Sen. Werk and Sen. Stennett  Meeting with Senator  Meeting with Senator Bair  Meeting with Senator Brackett  Meeting with Senator Cameron  Meeting with Senator Craig and Milt Erhart  Meeting with Senator Goedde  Meeting with Senator Heider  Meeting with Senator Risch and Congressman Simpson  Meeting with Senator Siddoway and Stan Boyd  Meeting with Senator Stennett  Meeting with Skip Oppenheimer and Mike Gwartney  Meeting with Snake River Oil and Gas  Meeting with Speaker Bedke and Senator Cameron  Meeting with Steve Forbes  Meeting with Taiwan Director Andy Chin  Meeting with Tana Cory  Meeting with the Consul General of Switzerland in SF  Meeting with the Idaho Library Association  Meeting with the Newspaper Association of Idaho  Meeting with the Supreme Court  Meeting with Tim Wilson  Meeting with Todd Cranney  Meeting with Tom Luna  Meeting with US Commerce Secretary  Meeting with Vickie T.  Meeting with Wal-Mart  Meeting with WGA Exec Director James Ogsbury  Meeting wth Pro Tem and Senator Heider  Meetings Downstairs  Meetings with Local Officials  Meridian Lions Club Rodeo  Micron PAC event (Travel with ISP)  Micron R&D Tour  Mini-Cassia Lincoln Day Dinner  Mock and Actual Bill Signings  Mock Bill Signings  Monthly Meeting with Tom Luna  Nampa Chamber Economic Forum  Nate Shelman Show  Natural Resources Cabinet Meeting  New Public Service and Safety Building Tour & Ribbon Cutting  New York Meeting  New York Meeting Private Dinner  New York Meeting Speakers' Reception  Nez Perce Tribe Legislative Reception  NGA: Closing Session  NGA: Embassy Reception, Embassy of Canada  NGA: Governors Only Lunch and Business Session  NGA: Natural Resources Committee Winter Meeting (Gov member)  NGA: Reception for All Meeting Attendees  NGA: Special Session  North Idaho College New Facility Open House  North Idaho Rally and VIP Reception  NYT Interview  Office Time (Bill Signing Etc.)  Office Time (Bill Signing)  Office time to sign bills  Office Time-Bill Signing  OFI  OFI Dinner at Arid Club (Travel with ISP)  OFI Lunch  OFI Reception (Travel with ISP)  OFI Time  Opening Speaker for Coalition of Idaho Charter School Families Annual Capitol  Otter for Idaho at Caldwell Night Rodeo  Otter for Idaho Dinner  Otter for Idaho Dinner (Travel with ISP)  Otter for Idaho Dinner at Arid Club (ISP Travel)  Otter for Idaho Event  Otter for Idaho Event at Arid Club (Travel with ISP)  Otter for Idaho Lunch  Otter for Idaho Time  Pat Sullivan  Paul Otter  Personal Property Tax Meeting  Pete Cenarrusa Funeral  Pete Cenarrusa Vigil  Pete Lyons Reception  Pheasant Hunt  Phone Call  Phone Call to Walter Steed  Phone Call wih Mark Burrows  Phone Call with Allen Noble  Phone Call with Bill Bradley  Phone Call with Bob Kerrey  Phone Call with Bob Miller, Albertsons CEO  Phone Call with Christy Eames, Hamilton Manufacturing  Phone Call with Frank van Schaayk, President-McCain Foods Limited  Phone Call with Governor  Phone Call with Governor Fallin  Phone Call with Governor Inslee  Phone Call with Governor Sandoval  Phone Call with Haley Barbour  Phone Call with Joan Hurlock  Phone Call with Jon Eaves, Arch Cole  Phone Call with Justice Burdick  Phone Call with Kimber R.  Phone Call with President Henberg  Phone Call with Richard Jerome  Phone Call with Ron Kauffman  Phone Call with Secretary Jewell  Phone Call with Senator Goedde  Phone Call with Thomas Hamilton  Phone Call with Tommy Thompson  Photo with Kids  Photo with Taiwanese National (Larry Craig's Client)  Picture at USDA Service Center  Picture with Ada County GOP Women  Picture with Carson Magee  Picture with Glory Hanson  Picture with House and Senate Pages  Picture with House Pages  Picture with Ken Winkleman  Picture with Senator Keough  Picture with State FFA Officers  Picture with Syringa Middle School  Picture with Whitney Erickson, Distinguished Young Woman of Magic Valley  Potlatch Capital for a Day  Practice Roping  Pre Mission Briefing (Russia Trade Mission)  Present a Congressional Gold Medal of Honor to Caldwell WWII Vet  Present Certificate of Achievement to Kelly Pearce  Present Governors Speech Award at Snake River Stampede  Presenting the Hispanic Business Association College Scholarships  Press Club Breakfast  Press Conference for Canal Safety  Private Sidebar meetng re: sage grouse with Secretary Jewell  Project Aspire Announcement  Project Bolt Meeting  Public Launch for the Idaho Criminal Justice Reinvestment Study  Public Service Announcement  Radio Add  Radio Interviews  Ramesh Ramen, with Magnolia Group  Receive Legislative Freedom Award for 2013  Reception for Davis Cup Affiliates, Hosted by Gov and FL  Reception for Legislators  Reception for Shooters (Sponsored by Areva)  Reckless Kelly Concert  Record Comments for IRON 5-Year Anniversary Event  Record Office Greeting  Red Cross Month Proclamation Signing Ceremony  Region 7 BBQ  Remede Spa Visit  Renaming of the Senate Auditorium (Lincoln Auditorium)  Rep. Eric Anderson  Rep. Jeff Thompson  Revive Spa  Rexburg Capital for a Day  RGA After Dinner Fireside Chat  RGA Breakfast and Political Update  RGA Events  RGA Farefell Cocktails & Dinner  RGA Governor's Only Call  RGA Lunch  RGA Luncheon  RGA Panel Discussion I-Workforce Development/Job Creation Creating Jobs and Putting More Americans to Work  RGA Panel Discussion II-International Economic Relations: How Global Markets and National Security Challenges are Changing the Way States Enact Policy  RGA Reception and Dinner  RGA Welcome Breakfast and 2013 Political Overview  RGA: America's Majority Celebration Breakfast  RGA: Executive Roundtable Brunch  RGA: Executive Roundtable Lunch  RGA: Executive Roundtable Panel Discussion II: Solving the National Debt Crisis  RGA:  Executive Roundtable Reception, Dinner  RGA: Gubernatorial Dinner  RGA: Republican Governors Only Meeting and Breakfast  Rich Walje  Riverview Rehab  Robin Sandy  Russia Trade Mission  RV Fund and Grant Fund Management Meeting  Sage Grouse Meeting  Sage Grouse Update  Scheduling Meeting  Senate Memorial for Lost Servicemen Reception  Senator Brackett  Senator Hagedorn  Senator Mackenzie and Senator Rice  Senator Monty Pearce  Shaken Baby Award Presentation  Shotgun Sports (Gov to talk to shooters and get pictures)  Shriners Picture with Governor Otter  Sign DOL Documents with Ben Ysursa  Sign Proclamation  Sign University of Idaho Higher Ed  Simpson Luncheon with Speaker Boehner (Gov. welcomes crowd and introduces Simpson)  Skip Smyser  SPC Murach Funeral  Speak at 2013 Eastern Idaho Legislative Tour  Speak at Ada County Republican Women Summer Family Picnic  Speak at AGC Winter Convention  Speak at Albertson's Foundation Continuous Pilot Project Event  Speak at Annual Southern Idaho Economic Development Organization Summit  Speak at Annual Tribal Summit  Speak at Associated Taxpayers of Idaho Annual Meeting  Speak at ATV Graduation  Speak at Boise Lions Club Lunch  Speak at Farmers Insurance Legislative Day  Speak at Fruitland Middle School Veteran's Day Assembly  Speak at HP 40th Anniversary  Speak at IACI Breakfast  Speak at ICUA Conference  Speak at ICUL Governmental Affairs Conference  Speak at Idaho Association of Counties Midwinter Legislative Conference  Speak at Idaho Chamber Alliance Legislative Meeting  Speak at Idaho Community Bankers  Speak at Idaho Falls Veterans Appreciation Event  Speak at Idaho Farm Bureau Conference  Speak at Idaho Truckers Annual Meeting  Speak at Idaho Water Users Annual Conference  Speak at Leadership Boise Government Day (Class of 2015)  Speak at the Idaho Beverage Association Trade Show  Speak at the Wyakin Warrior Foundation Induction eremony  Speak to Arid Club Members Breakfast  Speak to Bishop Kelly Government Class  Speak to IACI Board Members  Special Land Board Meeting  Sponsor Reception  St. Maries School  Staff Sgt. Octavio Herrera Funeral  State Board of Examiners  State Board of Examiners Meeting  State-of-the-State Practice  State-of-the-State Prep  State-of-the-State Prep Meeting  Stop by Commerce's Councils  Stop by Kootenai County Women Lunch  Stop by Workforce Council Meeting  Subcommittee on Public Lands and Environmental Regulation Oversight Hearing on ""State Forest Management: A Model for Promoting Healthy Forests, Rural Schools, and Jobs.""  Sun Valley Buffet Dinner  Surprise BBQ for Josh and Chanel Tewalt  Tade Mission Visit to Idaho Timber  Taiwan Goodwill Mission Dinner  Taiwan Goodwill Mission Media Event  Tape Idaho Reports  Teeth Cleaning with Dr. Tuller  The Aspen Institute: A Conversation with Republican Governors  TheBlaze.com Interview  Tour High Desert Milk  Trade Mission  Trade Mission Meeting with Carl Lufkin-Leador Angus and Tim Shaw Herefords & Lunch with ICA Board and Staff  Trade Mission Pre-Mssion Briefing  Trade Mission Site Visit to Boise Cascade  Trade Mission Site Visit to Idaho Eastern Oregon Onion Committee  Trade Mission Site Visit to Zions Bank  Trade Mission Site Visit with Idaho Forest Group  Trade Mission Site Visit with Industrial Ventilation, Inc.  Trade Mission to Mobile Data Force  Trade Mission Visit to Camille Beckman  Trade Mission Visit to Dynamite Marketing  Trade Mission Visit to Idaho Potato Commission  Trade Mission Visit to Idaho Wheat Commission  Trade Mission Visit to ISR Capitol  Trade Mission Visit with Naturopathix, Inc.  Trade Mission Visit with Netscan, Inc.  Trail Ride  Transparency Site Launch Press Conference with Controller Woolf  Travel to Aspen with ISP and United Airlines for RGA  Travel to Las Vegas  Travel to Office  Travel to Riverside Hotel  Travel to Washington DC  Travel with IDP to Idaho Forest Group  Travel with ISP  Travel with ISP to 305 W. Idaho St.  Travel with ISP to 501 Baybrook Court  Travel with ISP to 690 Industry Way in Meridian  Travel with ISP to 1800 Fairview  Travel with ISP to Aeronautics  Travel with ISP to Ag Dept  Travel with ISP to Airport  Travel with ISP to Airport (to personal time in Arizona)  Travel with ISP to Albertson Park  Travel with ISP to Albertsons  Travel with ISP to Arid Club  Travel with ISP to Boise Cascade  Travel with ISP to Boise Centre  Travel with ISP to Boise High  Travel with ISP to Boise VA Hospital  Travel with ISP to Boise Valley Economic Partnership office  Travel with ISP to Bronco Stadium, Onion Grill-Off  Travel with ISP to Cabin in Pine  Travel with ISP to Caldwell  Travel with ISP to Camille Beckman  Travel with ISP to Canal Safety PSA Site  Travel with ISP to Capitol  Travel with ISP to CDA Airport  Travel with ISP to Dynamite Marketing  Travel with ISP to Econ Development Meeting in Meridian  Travel with ISP to Emmett  Travel with ISP to Emmett City Park  Travel with ISP to Fairfield  Travel with ISP to Fish and Game  Travel with ISP to Fruitland Middle Schol  Travel with ISP to Gowen Field  Travel with ISP to Grove Hotel  Travel with ISP to Hagerman  Travel with ISP to Idaho Center  Travel with ISP to Idaho Eastern Oregon Onion Committee  Travel with ISP to Idaho Potato Commission  Travel with ISP to Idaho Statesman  Travel with ISP to Idaho Timber  Travel with ISP to Idaho Wheat Commission  Travel with ISP to ITD  Travel with ISP to Jackson Jet Center  Travel with ISP to KBOI  Travel with ISP to Kuna  Travel with ISP to Laura Johnson Residence  Travel with ISP to Les Bois  Travel with ISP to Lions Club  Travel with ISP to McCall  Travel with ISP to Micron  Travel with ISP to Mike's and Arid Club  Travel with ISP to Mobile Data Force  Travel with ISP to Nampa  Travel with ISP to North Angelview Drive in Boise  Travel with ISP to Office  Travel with ISP to Omega Tech Labs  Travel with ISP to Our Lady of the Valley Catholic Church in Caldwell  Travel with ISP to Peak  Travel with ISP to Preston  Travel with ISP to PTV  Travel with ISP to Red Lion  Travel with ISP to Revierside Hotel  Travel with ISP to Riverside  Travel with ISP to St. John's Cathedral  Travel with ISP to Veteran's Day Parade  Travel with ISP to Weiser  Travel with ISP to Western Aircraft  Travel with Phoenix Security to Airport  Travel with to CDA by plane/with ISP  Treasure Valley Ag Coalition Meeting  Trick or Treat at the Capitol  Twin Falls County Lincoln Day Dinner  Twin Falls Editorial Board  U of I Transportation Survey Meeting  United Way Employee BBQ  US Manufacturing Summit  Veteran's Day Parade  War Bonnet Round-Up Rodeo (Tough Enough to Wear Pink)  Washington County Lincoln Day Dinner  Wayne Butts- Antiquities and Boulder White Clouds  Weiser Capital for a Day  Weiser Old Timers Fiddler Parade  Welcome Breakfast for Freshman Legislators and House and Senate Leadership  Welcome Reception  Western BBQ  WGA Breakfast  WGA Events  WGA Keynote and Policy Meetings  WGA Keynote: T. Boone Pickens  WGA Keynotes  WGA Media Availability  WGA New Polict Resolutions  WGA Opening Ceremony (Governor to Give Remarks)  WGA Reception  WGA Reception with Platinum and Chairman Level Sponsors  WGA Receptions  WGA Roundtable I-Public Lands  WGA Roundtable II: Endangered Species (Gov. Otter as moderator)  WGA Sponsor Luncheon with Governor Otter  WGA: Dinner  WGA: Gala Reception and Dinner  WGA: Governors and Premiers Lunch with Sponsors and VIP  WGA: Governors and Premiers Private Breakfast  WGA: Incoming Chairman Remarks  WGA: Lone Ranger Movie Screening  WGA: Opening Reception  WGA: Plenary Session-Education  WGA: Private Lunch-Governor's, Premiers and Secretary Jewell  WGA: Roundtable on Healthcare  WGA: Roundtable-Energy  WGPA Keynote: Secretary Jewell  WGU Sidebar Meeting  WHA Breakfast Meeting with Cabinet Officials  Wild Fire Press Conference  Women in Agriculture Conference  YPO Boise Event  YPO Dinner at Charlie and JoAnne Wilson's  Zeb Bell Interview  Zions Bank 12th Annual Trade and Business Luncheon (Keynote by George W. Bush)
                Campaign                           NaN               NaN                           NaN                                              NaN NaN          NaN                         NaN                                      NaN              NaN                                    NaN                           NaN                     NaN            NaN               NaN            NaN       NaN        NaN                   NaN         NaN                                                     NaN                                                      NaN                                      NaN                                              NaN                            NaN                                       NaN          NaN                                                  0.5                         0.5                                      NaN                        NaN                                               NaN                                                       NaN            NaN                                                     NaN                                   NaN                             NaN                              NaN             NaN                         NaN                                            NaN                                 NaN                                          NaN                                      NaN                                      NaN                     NaN                       NaN                                   NaN                 NaN                                                     NaN                                  NaN                                 NaN                                                          NaN                   NaN                      NaN                             NaN               NaN                              1.75                                                   NaN        NaN                                  NaN                       NaN                  NaN                         NaN                                                               3.0                                           NaN                      NaN                                     NaN                                     1.0                        NaN                                NaN                                          NaN                   NaN                    NaN                               NaN                                          NaN                                                  NaN                   NaN                                                NaN             NaN                                      NaN                   NaN                           NaN                        NaN                          NaN                             NaN                   NaN                                       NaN                NaN                           NaN                    NaN                            NaN                                         NaN          NaN                 NaN                                                                   NaN                      NaN                                       NaN                NaN                              NaN                                                    1.0                      NaN                                               NaN           NaN                    NaN                                              NaN                     NaN                  NaN        NaN                               NaN                                           NaN                                    NaN                                 NaN                                    NaN                                         NaN                                    NaN                                       NaN                     NaN                                       NaN                                         NaN                                     NaN                                       NaN                                  NaN                      NaN                                           NaN                                    NaN                                 NaN                         1.25                        NaN                                NaN                                   2.75                                  NaN                       NaN                                         NaN                                          NaN                                        NaN                                    NaN                  NaN                                       NaN                                    NaN                                              NaN                                       NaN                     NaN                                         NaN                                     NaN                                       NaN                                  NaN                             4.50                                           NaN                                NaN                NaN                                        NaN                           NaN                                  NaN                                   NaN                      NaN                    NaN                                              NaN                            NaN           NaN                           NaN                  NaN                             NaN                               NaN                                      NaN                                                                       NaN                                NaN                                                        NaN                                               NaN                   NaN                         NaN                                                 1.5                             NaN                                 NaN                                            NaN                                        NaN                                 NaN                     NaN                              NaN                       NaN                        2.75                              1.5                                    NaN                               NaN                                        NaN                      NaN                        0.5                            NaN                                  NaN                     NaN                                        NaN                           NaN                                   NaN                         NaN                                             NaN                                      NaN                                                       NaN             NaN                                           NaN                              NaN                   NaN                         NaN             NaN                                 NaN                      NaN              NaN                                   0.5             NaN                                        1.5                                          NaN                       NaN                                                                NaN                           NaN                                           NaN                                 NaN                               NaN                                 NaN                                            NaN                                                         NaN                    NaN                           NaN                                                  NaN                   NaN         NaN                        NaN                                                         NaN                              NaN                               NaN                                                   NaN                                                       NaN                                                             NaN                          NaN                                             NaN                                                 NaN                                                         NaN                      NaN                          NaN                        NaN                           NaN                                 NaN                                                      NaN                          NaN                         NaN                                                   NaN                                                   NaN                    NaN                                 NaN                                 NaN                            NaN                      NaN                       NaN                            NaN                                        NaN           NaN                       NaN            NaN        NaN                      NaN                      NaN                                                             NaN                                 NaN          NaN                 NaN                                             NaN                      NaN                                         NaN                                      NaN                  NaN                 NaN                   NaN         NaN                                          NaN                                          NaN                                      NaN                                              NaN              NaN                             NaN                                  NaN               NaN       NaN           NaN                                   NaN                                NaN                                         NaN             NaN               NaN    NaN                 NaN                        NaN                                              NaN                                        NaN                                  NaN                              NaN                                    NaN                                NaN                                                                 NaN                                NaN                                 NaN                               NaN                           NaN                                NaN                                                                 NaN                                       NaN                          NaN                                  NaN                                 NaN                                 NaN                              NaN                     NaN                      NaN                                           NaN                              NaN                                          NaN                         NaN                                        NaN                          0.5                               NaN                                               NaN               NaN                                                        NaN                                            NaN                                    NaN                                        NaN                  NaN                       NaN                                       NaN                             NaN               NaN                       NaN                       NaN                                                                    NaN                                 NaN                        NaN                                              NaN                                NaN                                                                          NaN                                                  NaN                                                                 NaN                                   NaN                                    NaN                                                                           NaN                         NaN                 NaN                             NaN                                    NaN                                                              NaN                         NaN                          NaN                                            NaN                         NaN                          NaN                            NaN                             NaN                                  NaN               NaN                                                          NaN                                                                             NaN                       1.0                        NaN                          NaN                         NaN                       NaN                                           NaN                                  NaN                                                   NaN                                                     NaN                              NaN                                            NaN                       NaN                             NaN                     NaN                                      NaN                       NaN                       NaN                                          NaN                         NaN                     NaN                       NaN                           NaN                     NaN                             NaN                        NaN                         NaN                       NaN                         NaN                                    NaN                        NaN                    NaN                                                  NaN                                   NaN                               NaN                                                  NaN                           NaN                          NaN                                          NaN                       NaN                          NaN                      NaN                               NaN                        NaN                        NaN                                       NaN                                       NaN                             NaN                            NaN                        NaN                                            0.5                 NaN                                                 NaN                                              NaN                            NaN                            NaN                                                    NaN                               NaN                                                      NaN                           NaN                                     NaN                                 NaN                        NaN                              NaN                      NaN                              NaN                             NaN                         NaN                      NaN                                                             NaN                                       NaN                                                      NaN                           NaN                                                           NaN                       NaN                       NaN                      NaN                           NaN                            NaN                           NaN                             NaN                                       NaN                   NaN                        NaN                            NaN                           NaN                                         NaN                          NaN                          NaN                                                 NaN                                          NaN                            NaN                                              NaN                                   NaN                                             NaN                        NaN                                     NaN                     NaN                                                   NaN                                         NaN                                              NaN                             NaN                      NaN                        NaN                    NaN                                 NaN                     NaN                    0.5                                           NaN                                     NaN                  NaN                            NaN                        NaN                                1.75              NaN                             2.0                            NaN                 NaN                            NaN                           NaN                NaN                                NaN                                                           NaN               NaN                              NaN                                   NaN                                    NaN                   NaN                                        NaN                                             NaN                                                           NaN                                       NaN                   NaN                                          NaN                                  1.0            NaN                              NaN                         NaN                        NaN                       NaN  1.5                                       1.75        1.5                              4.0       2.0                                                                            NaN                                      1.5                     2.0                                      1.75                                              1.75                    1.5                                                  1.75                   2.75                   NaN           NaN         NaN                            NaN                     NaN                   NaN                   NaN            NaN         NaN                         NaN                          NaN                          NaN                           NaN                         NaN                                         NaN                                                    NaN                                                                NaN                       NaN                              NaN                              NaN                                NaN                            NaN                           NaN                                   NaN                              NaN                        NaN                                NaN                             NaN                           NaN                               NaN                             NaN                              NaN                             NaN              NaN                                                   NaN                             NaN                                0.5                        NaN                        NaN                                  NaN                       NaN                         NaN                          NaN                              NaN                                 NaN                                                                       NaN                         NaN              NaN                                          NaN                                                               NaN                                                 NaN                                                     NaN                                                                NaN                   NaN                                NaN                                                           NaN                          NaN                   NaN                                                              NaN                          NaN        NaN               NaN                                NaN                                         NaN                                                       NaN                        NaN                                          NaN                     NaN                                                NaN                     NaN                                            NaN           1.0               NaN                                                     NaN                 NaN                 NaN         NaN                        NaN                             2.0                                0.75         4.0                              1.0                       0.5       1.25           1.0                                                                                                         1.0                                                                                                                                                     1.0                      5.75                                                1.0                                            1.5                               1.5                              0.5                                                                              1.0                                           2.0                        0.5                                                   2.0         NaN              NaN          NaN                   NaN                                        NaN                  NaN                 NaN                 NaN                                            NaN               NaN               NaN                                 NaN                   NaN                             NaN                                                        NaN                                   NaN                                 NaN                NaN                                 NaN                                                                                 2.0          NaN                 NaN                                           NaN                                                        2.0                             NaN                                                             NaN                                                                      NaN                            NaN                                                    NaN                      NaN                              NaN                                         NaN                                                      NaN                           NaN                      NaN                       NaN                                            NaN                                                                      NaN                                                  NaN                               NaN                                               NaN                                    NaN                                     NaN                                           NaN                                                       NaN                                                 NaN                                                       NaN                                   NaN                                     NaN                          NaN                         NaN                NaN                NaN                                 NaN                       NaN                               NaN                          NaN                      NaN                              NaN                          NaN                                  0.5                                NaN                                                                                                                                                                        NaN                       NaN                                      NaN                                 NaN                             NaN                                  NaN                 NaN                             NaN                                                            1.0                     NaN                    NaN            NaN                                                                                                          NaN                                NaN                                        NaN                                                               NaN                                     NaN                                               NaN                                                         NaN                                 NaN                                     NaN                                        NaN                                             NaN                                            NaN                                 NaN                                          NaN                                     NaN         NaN                                                              NaN                                                   3.5                  NaN               NaN                        NaN                     10.5                                    NaN              NaN                                  NaN                                    NaN                                              NaN                               NaN                             NaN                         NaN                        0.75                                                       NaN                                NaN                            NaN                           NaN                               NaN                              NaN                            NaN                                   NaN                                                          NaN                                                 NaN                               NaN                          0.5                                 NaN                                       NaN                         NaN                             NaN                                    NaN                                                      NaN                        NaN                                  0.5                           NaN                               NaN                                        NaN                             NaN                             NaN                          NaN                              NaN                                                      NaN                                         NaN                                 NaN                              NaN                                        NaN                     NaN                                    NaN                      NaN                      NaN                                         NaN                          NaN                            NaN                        NaN                        NaN                                      NaN                                   NaN                       NaN                                                NaN                        NaN                                 NaN                                                                    NaN                      NaN                         NaN                     NaN                          NaN                                  NaN                           NaN                                      NaN                                      NaN                        NaN                                  NaN                                      NaN                                   NaN                                   NaN                            NaN                                   1.0                         NaN                                   NaN                      NaN                      NaN                   NaN                                                    NaN                                  1.75                                                NaN                       NaN                               NaN                                                                         NaN                NaN          NaN            NaN         NaN                              NaN                            NaN           NaN                     NaN                         NaN                                              NaN            NaN                                                      NaN             NaN                            NaN                                                              NaN                                       NaN          NaN                             NaN                                                      NaN                                            NaN                             NaN                               NaN                     NaN                             NaN                                                           NaN                            NaN                     NaN                             NaN                  NaN                                           NaN                         NaN                              NaN              NaN                                        NaN                 NaN                                                                             NaN
                   Media                           NaN               NaN                           NaN                                              NaN NaN          NaN                         NaN                                      NaN              NaN                                    NaN                           NaN                     1.0            NaN               NaN            NaN       NaN        NaN                   NaN         NaN                                                     NaN                                                      NaN                                      NaN                                              NaN                            NaN                                       NaN          NaN                                                  NaN                         NaN                                      NaN                        NaN                                               NaN                                                       NaN            NaN                                                     NaN                                   NaN                             NaN                              NaN             NaN                         NaN                                            NaN                                 NaN                                          NaN                                      NaN                                      NaN                     NaN                       NaN                                   NaN                 NaN                                                     1.0                                  NaN                                 NaN                                                          NaN                   NaN                      NaN                             NaN               NaN                               NaN                                                   NaN        NaN                                  NaN                       NaN                  0.5                         NaN                                                               NaN                                           NaN                      NaN                                     NaN                                     NaN                        NaN                                NaN                                          NaN                   NaN                    NaN                               NaN                                          NaN                                                  NaN                   1.0                                                NaN             NaN                                      NaN                   NaN                           NaN                        NaN                          NaN                             NaN                   NaN                                       NaN                NaN                           NaN                    NaN                            NaN                                         NaN          NaN                 NaN                                                                   NaN                      NaN                                       NaN                NaN                              0.5                                                    NaN                      NaN                                               NaN           NaN                    NaN                                              NaN                     NaN                  NaN        NaN                               NaN                                           NaN                                    NaN                                 NaN                                    NaN                                         NaN                                    NaN                                       NaN                     NaN                                       NaN                                         NaN                                     NaN                                       NaN                                  NaN                      NaN                                           NaN                                    NaN                                 NaN                          NaN                        NaN                                NaN                                    NaN                                  NaN                       NaN                                         NaN                                          NaN                                        NaN                                    NaN                  NaN                                       NaN                                    NaN                                              NaN                                       NaN                     NaN                                         NaN                                     NaN                                       NaN                                  NaN                              NaN                                           NaN                                NaN                NaN                                        NaN                           NaN                                  NaN                                   NaN                      NaN                    NaN                                              NaN                            NaN           NaN                           NaN                  NaN                             NaN                               NaN                                      NaN                                                                       NaN                                NaN                                                        NaN                                               NaN                   NaN                         NaN                                                 NaN                             NaN                                 NaN                                            NaN                                        NaN                                 NaN                     NaN                              NaN                       NaN                         NaN                              NaN                                    NaN                               NaN                                        NaN                      NaN                        NaN                            NaN                                  NaN                     NaN                                        NaN                           NaN                                   NaN                         NaN                                             NaN                                      NaN                                                       NaN             NaN                                           NaN                              NaN                   NaN                         NaN             NaN                                 NaN                      NaN              NaN                                   NaN             NaN                                        NaN                                          NaN                       NaN                                                                NaN                           NaN                                           NaN                                 1.0                               NaN                                 NaN                                            NaN                                                         NaN                    NaN                           NaN                                                  NaN                   0.5         NaN                        NaN                                                         NaN                              NaN                               NaN                                                   NaN                                                       NaN                                                             NaN                          0.5                                             1.0                                                 NaN                                                         NaN                      NaN                          NaN                        0.3                           0.5                                 NaN                                                      NaN                          NaN                         NaN                                                   NaN                                                   NaN                    NaN                                 NaN                                 NaN                            NaN                      NaN                       NaN                            NaN                                        NaN           NaN                       NaN            NaN        NaN                      NaN                      NaN                                                             NaN                                 NaN          NaN                 NaN                                             NaN                      NaN                                         NaN                                      NaN                  0.5                 NaN                   NaN         NaN                                          NaN                                          NaN                                      NaN                                              NaN              NaN                             0.5                                 0.75               NaN       NaN           NaN                                   NaN                                NaN                                         NaN             NaN               NaN    1.5                 0.5                        NaN                                              NaN                                        NaN                                  NaN                              NaN                                    NaN                                NaN                                                                 NaN                                NaN                                 NaN                               NaN                           NaN                                NaN                                                                 NaN                                       NaN                          NaN                                  NaN                                 NaN                                 NaN                              NaN                     NaN                      NaN                                           NaN                              NaN                                          NaN                         NaN                                        NaN                          NaN                               NaN                                               NaN               NaN                                                        NaN                                            NaN                                    NaN                                        NaN                  NaN                       NaN                                       NaN                             NaN               NaN                       NaN                       NaN                                                                    NaN                                 NaN                        NaN                                              NaN                                NaN                                                                          NaN                                                  NaN                                                                 NaN                                   NaN                                    NaN                                                                           NaN                         NaN                 NaN                             NaN                                    NaN                                                              NaN                         NaN                          NaN                                            NaN                         NaN                          NaN                            NaN                             NaN                                  NaN               NaN                                                          NaN                                                                             NaN                       NaN                        NaN                          NaN                         NaN                       NaN                                           NaN                                  NaN                                                   NaN                                                     NaN                              NaN                                            NaN                       NaN                             NaN                     NaN                                      NaN                       NaN                       NaN                                          NaN                         NaN                     NaN                       NaN                           NaN                     NaN                             NaN                        NaN                         NaN                       NaN                         NaN                                    NaN                        NaN                    NaN                                                  NaN                                   NaN                               NaN                                                  NaN                           NaN                          NaN                                          NaN                       NaN                          NaN                      NaN                               NaN                        NaN                        NaN                                       NaN                                       NaN                             NaN                            NaN                        NaN                                            NaN                 NaN                                                 NaN                                              NaN                            NaN                            NaN                                                    NaN                               NaN                                                      NaN                           NaN                                     NaN                                 NaN                        NaN                              NaN                      NaN                              NaN                             NaN                         NaN                      NaN                                                             NaN                                       NaN                                                      NaN                           NaN                                                           NaN                       NaN                       NaN                      NaN                           NaN                            NaN                           NaN                             NaN                                       NaN                   NaN                        NaN                            NaN                           NaN                                         NaN                          NaN                          NaN                                                 NaN                                          NaN                            NaN                                              NaN                                   NaN                                             NaN                        NaN                                     NaN                     NaN                                                   NaN                                         NaN                                              NaN                             NaN                      NaN                        NaN                    NaN                                 NaN                     NaN                    NaN                                           NaN                                     NaN                  NaN                            NaN                        NaN                                 NaN              NaN                             NaN                            NaN                 NaN                            NaN                           NaN                NaN                                NaN                                                           NaN               NaN                              NaN                                   NaN                                    NaN                   NaN                                        NaN                                             NaN                                                           NaN                                       NaN                   NaN                                          NaN                                  NaN           0.25                              NaN                         NaN                        NaN                       NaN  NaN                                        NaN        NaN                              NaN       NaN                                                                            NaN                                      NaN                     NaN                                       NaN                                               NaN                    NaN                                                   NaN                    NaN                   NaN           NaN         NaN                            NaN                     NaN                   NaN                   NaN            NaN         NaN                         NaN                          NaN                          NaN                           NaN                         NaN                                         NaN                                                    NaN                                                                NaN                       NaN                              NaN                              NaN                                NaN                            NaN                           NaN                                   NaN                              NaN                        NaN                                NaN                             NaN                           NaN                               NaN                             NaN                              NaN                             NaN              NaN                                                   NaN                             NaN                                NaN                        NaN                        NaN                                  NaN                       NaN                         NaN                          NaN                              NaN                                 NaN                                                                       NaN                         NaN              NaN                                          NaN                                                               NaN                                                 NaN                                                     NaN                                                                NaN                  0.75                                1.0                                                           NaN                          NaN                   NaN                                                              NaN                          NaN        NaN               5.0                                NaN                                         NaN                                                       NaN                        NaN                                          NaN                     NaN                                                NaN                     NaN                                            NaN           NaN               NaN                                                     NaN                 NaN                 NaN         NaN                        NaN                             NaN                                 NaN         NaN                              NaN                       NaN        NaN           NaN                                                                                                         NaN                                                                                                                                                     NaN                       NaN                                                NaN                                            NaN                               NaN                              NaN                                                                              NaN                                           NaN                        NaN                                                   NaN         NaN              NaN          NaN                   NaN                                        NaN                  NaN                 NaN                 NaN                                            NaN               NaN               NaN                                 NaN                   NaN                             NaN                                                        NaN                                   NaN                                 NaN                NaN                                 NaN                                                                                 NaN          NaN                 NaN                                           NaN                                                        NaN                             NaN                                                             NaN                                                                      NaN                            NaN                                                    NaN                      NaN                              NaN                                         NaN                                                      NaN                           NaN                      NaN                       NaN                                            NaN                                                                      NaN                                                  NaN                               NaN                                               NaN                                    NaN                                     NaN                                           NaN                                                       NaN                                                 NaN                                                       NaN                                   NaN                                     NaN                          NaN                         NaN                NaN                NaN                                 NaN                       NaN                               NaN                          NaN                      NaN                              NaN                          NaN                                  NaN                                NaN                                                                                                                                                                        NaN                       NaN                                      NaN                                 NaN                             NaN                                  0.5                 NaN                             NaN                                                            NaN                     0.5                    NaN            NaN                                                                                                          NaN                                NaN                                        NaN                                                               NaN                                     NaN                                               NaN                                                         NaN                                 NaN                                     NaN                                        NaN                                             NaN                                            NaN                                 NaN                                          NaN                                     NaN         NaN                                                              0.5                                                   NaN                  NaN               NaN                        NaN                      NaN                                    NaN              NaN                                  NaN                                    NaN                                              NaN                               NaN                             NaN                         NaN                         NaN                                                       NaN                                NaN                            NaN                           NaN                               NaN                              NaN                            NaN                                   NaN                                                          NaN                                                 NaN                               NaN                          NaN                                 NaN                                       NaN                         NaN                             NaN                                    NaN                                                      NaN                        NaN                                  NaN                           NaN                               NaN                                        NaN                             NaN                             NaN                          NaN                              NaN                                                      NaN                                         NaN                                 NaN                              NaN                                        NaN                     NaN                                    NaN                      NaN                      NaN                                         NaN                          NaN                            NaN                        NaN                        NaN                                      NaN                                   NaN                       NaN                                                NaN                        NaN                                 NaN                                                                    NaN                      NaN                         NaN                     NaN                          NaN                                  NaN                           NaN                                      NaN                                      NaN                        NaN                                  NaN                                      NaN                                   NaN                                   NaN                            NaN                                   NaN                         NaN                                   NaN                      NaN                      NaN                   NaN                                                    NaN                                   NaN                                                NaN                       NaN                               NaN                                                                         NaN                NaN          NaN            NaN         NaN                              NaN                            NaN           NaN                     1.0                         NaN                                              NaN            NaN                                                      NaN             NaN                            NaN                                                              NaN                                       NaN          NaN                             NaN                                                      NaN                                            NaN                             NaN                               NaN                     NaN                             NaN                                                           NaN                            NaN                     NaN                             NaN                  NaN                                           NaN                         0.5                              NaN              NaN                                        NaN                0.25                                                                             NaN
           Personal time                           NaN               NaN                           NaN                                              NaN NaN          NaN                         NaN                                      NaN              NaN                                    1.0                           NaN                     NaN            NaN               NaN            NaN       NaN        NaN                   NaN         NaN                                                     NaN                                                      NaN                                      NaN                                              NaN                            NaN                                       NaN          NaN                                                  NaN                         NaN                                      NaN                        NaN                                               NaN                                                       NaN            NaN                                                     NaN                                   NaN                             NaN                              NaN             NaN                         NaN                                            NaN                                 NaN                                          NaN                                      NaN                                      NaN                     NaN                       NaN                                   NaN                 NaN                                                     NaN                                  1.0                                 NaN                                                          NaN                   NaN                      NaN                             NaN               NaN                               NaN                                                   NaN        NaN                                  2.0                       NaN                  NaN                         NaN                                                               NaN                                           NaN                      3.0                                     NaN                                     NaN                        NaN                                NaN                                          NaN                   NaN                    NaN                               NaN                                          NaN                                                  NaN                   NaN                                                NaN             NaN                                      NaN                  1.75                          1.75                        NaN                          NaN                             NaN                   NaN                                       1.0                NaN                           NaN                    NaN                            NaN                                         NaN          NaN                 NaN                                                                   NaN                      NaN                                       NaN                NaN                              NaN                                                    NaN                      NaN                                               NaN           NaN                    NaN                                              NaN                     NaN                  NaN        NaN                               NaN                                           NaN                                    NaN                                 NaN                                    NaN                                         NaN                                    NaN                                       NaN                     NaN                                       NaN                                         NaN                                     NaN                                       NaN                                  NaN                      NaN                                           NaN                                    NaN                                 NaN                          NaN                        NaN                                NaN                                    NaN                                  NaN                       NaN                                         NaN                                          NaN                                        NaN                                    NaN                  NaN                                       NaN                                    NaN                                              NaN                                       NaN                     NaN                                         NaN                                     NaN                                       NaN                                  NaN                              NaN                                           NaN                                NaN                NaN                                        NaN                           NaN                                  NaN                                   NaN                      NaN                    NaN                                              NaN                            2.0           NaN                           NaN                  NaN                             NaN                               NaN                                      NaN                                                                       NaN                                NaN                                                        5.5                                               4.0                   3.5                         NaN                                                 NaN                             NaN                                 NaN                                            NaN                                        NaN                                 NaN                     NaN                              NaN                       NaN                         NaN                              NaN                                    NaN                               NaN                                        NaN                      NaN                        NaN                            NaN                                  1.0                     NaN                                        NaN                           NaN                                   NaN                         NaN                                             NaN                                      NaN                                                       NaN             2.0                                           NaN                              NaN                   NaN                         NaN             NaN                                 NaN                      NaN              NaN                                   NaN             NaN                                        NaN                                          NaN                       NaN                                                                NaN                           NaN                                           NaN                                 NaN                               NaN                                 NaN                                            NaN                                                         NaN                    NaN                           NaN                                                  NaN                   NaN         NaN                        NaN                                                         NaN                              NaN                               NaN                                                   NaN                                                       NaN                                                             NaN                          NaN                                             NaN                                                 NaN                                                         NaN                      NaN                          NaN                        NaN                           NaN                                 NaN                                                      NaN                          NaN                         NaN                                                   NaN                                                   NaN                    NaN                                 NaN                                 NaN                            NaN                      NaN                       NaN                            NaN                                        NaN           NaN                       NaN            NaN        NaN                      NaN                      NaN                                                             NaN                                 NaN          NaN                 NaN                                             1.5                      NaN                                         NaN                                      NaN                  NaN                 NaN                   NaN         NaN                                          NaN                                          NaN                                      NaN                                              NaN              NaN                             NaN                                  NaN               1.0       NaN           NaN                                   NaN                                0.5                                         1.0             NaN               1.0    NaN                 NaN                        NaN                                              NaN                                        NaN                                  NaN                              NaN                                    NaN                                NaN                                                                 NaN                                NaN                                 NaN                               NaN                           NaN                                NaN                                                                 NaN                                       NaN                          NaN                                  NaN                                 NaN                                 NaN                              NaN                     NaN                      NaN                                           NaN                              NaN                                          NaN                         NaN                                        NaN                          NaN                               NaN                                               NaN               NaN                                                        NaN                                            NaN                                    NaN                                        NaN                  NaN                       NaN                                       NaN                             NaN               NaN                       NaN                       NaN                                                                    NaN                                 NaN                        NaN                                              NaN                                NaN                                                                          NaN                                                  NaN                                                                 NaN                                   NaN                                    NaN                                                                           NaN                         NaN                 NaN                             NaN                                    NaN                                                              NaN                         NaN                          NaN                                            NaN                         NaN                          NaN                            NaN                             NaN                                  NaN               NaN                                                          NaN                                                                             NaN                       NaN                        NaN                          NaN                         NaN                       NaN                                           NaN                                  NaN                                                   NaN                                                     NaN                              NaN                                            NaN                       NaN                             NaN                     NaN                                      NaN                       NaN                       NaN                                          NaN                         NaN                     NaN                       NaN                           NaN                     NaN                             NaN                        NaN                         NaN                       NaN                         NaN                                    NaN                        NaN                    NaN                                                  NaN                                   NaN                               NaN                                                  NaN                           NaN                          NaN                                          NaN                       NaN                          NaN                      NaN                               NaN                        NaN                        NaN                                       NaN                                       NaN                             NaN                            NaN                        NaN                                            NaN                 NaN                                                 NaN                                              NaN                            NaN                            NaN                                                    NaN                               NaN                                                      NaN                           NaN                                     NaN                                 NaN                        NaN                              NaN                      NaN                              NaN                             NaN                         NaN                      NaN                                                             NaN                                       NaN                                                      NaN                           NaN                                                           NaN                       NaN                       NaN                      NaN                           NaN                            NaN                           NaN                             NaN                                       NaN                   NaN                        NaN                            NaN                           NaN                                         NaN                          NaN                          NaN                                                 NaN                                          NaN                            NaN                                              NaN                                   NaN                                             NaN                        NaN                                     NaN                     NaN                                                   NaN                                         NaN                                              NaN                             NaN                      NaN                        NaN                    NaN                                 NaN                     NaN                    NaN                                           NaN                                     NaN                  NaN                            NaN                        3.0                                 NaN              NaN                             NaN                            NaN                 NaN                            NaN                           NaN                NaN                                NaN                                                           NaN               NaN                              NaN                                   NaN                                    NaN                   NaN                                        NaN                                             NaN                                                           NaN                                       NaN                   NaN                                          NaN                                  NaN            NaN                              NaN                         NaN                        NaN                       NaN  NaN                                        NaN        NaN                              NaN       NaN                                                                            NaN                                      NaN                     NaN                                       NaN                                               NaN                    NaN                                                   NaN                    NaN                   NaN           NaN         NaN                            NaN                     NaN                   NaN                   NaN            7.5         NaN                         NaN                          NaN                          NaN                           NaN                         NaN                                         NaN                                                    NaN                                                                NaN                       NaN                              NaN                              NaN                                NaN                            NaN                           NaN                                   NaN                              NaN                        NaN                                NaN                             NaN                           NaN                               NaN                             NaN                              NaN                             NaN              NaN                                                   NaN                             NaN                                NaN                        NaN                        NaN                                  NaN                       NaN                         NaN                          NaN                              NaN                                 NaN                                                                       NaN                         NaN              1.0                                          NaN                                                               NaN                                                 NaN                                                     NaN                                                                NaN                   NaN                                NaN                                                           NaN                          NaN                   NaN                                                              NaN                          NaN        NaN               NaN                                NaN                                         NaN                                                       NaN                        NaN                                          NaN                     NaN                                                NaN                     NaN                                            NaN           NaN               1.0                                                     NaN                 NaN                 NaN         1.5                        NaN                             NaN                                 NaN         NaN                              NaN                       NaN        NaN           NaN                                                                                                         NaN                                                                                                                                                     NaN                       NaN                                                NaN                                            NaN                               NaN                              NaN                                                                              NaN                                           NaN                        NaN                                                   NaN         NaN              NaN          NaN                   NaN                                        NaN                  NaN                 NaN                 NaN                                            NaN               NaN               NaN                                 NaN                   NaN                             NaN                                                        NaN                                   NaN                                 NaN                NaN                                 NaN                                                                                 NaN          NaN                 NaN                                           NaN                                                        NaN                             NaN                                                             NaN                                                                      NaN                            NaN                                                    NaN                      NaN                              NaN                                         NaN                                                      NaN                           NaN                      NaN                       NaN                                            NaN                                                                      NaN                                                  NaN                               NaN                                               NaN                                    NaN                                     NaN                                           NaN                                                       NaN                                                 NaN                                                       NaN                                   NaN                                     NaN                          NaN                         NaN                NaN                NaN                                 NaN                       NaN                               NaN                          NaN                      NaN                              NaN                          NaN                                  NaN                                NaN                                                                                                                                                                        NaN                       NaN                                      1.0                                 NaN                             NaN                                  NaN                 NaN                             1.0                                                            NaN                     NaN                    NaN            NaN                                                                                                          NaN                                NaN                                        NaN                                                               NaN                                     NaN                                               NaN                                                         NaN                                 NaN                                     NaN                                        NaN                                             NaN                                            NaN                                 NaN                                          NaN                                     NaN        27.0                                                              NaN                                                   NaN                  NaN               NaN                        NaN                      NaN                                    NaN              NaN                                  NaN                                    NaN                                              NaN                               NaN                             NaN                         NaN                         NaN                                                       0.5                                0.5                            NaN                           NaN                               NaN                              NaN                            NaN                                   NaN                                                          NaN                                                1.75                               NaN                          NaN                                 NaN                                       NaN                         NaN                             NaN                                    NaN                                                      NaN                        NaN                                  NaN                           NaN                               NaN                                        NaN                             NaN                             NaN                          NaN                              NaN                                                      NaN                                         NaN                                 NaN                              NaN                                        NaN                     NaN                                    NaN                      NaN                      NaN                                         NaN                          NaN                            NaN                        NaN                        NaN                                      0.5                                   NaN                       NaN                                                NaN                        NaN                                 NaN                                                                    NaN                      NaN                         NaN                     NaN                          NaN                                  NaN                           NaN                                      NaN                                      NaN                        NaN                                  NaN                                      0.5                                   NaN                                   NaN                            NaN                                   NaN                         NaN                                   NaN                      NaN                      NaN                   NaN                                                    NaN                                   NaN                                                NaN                       NaN                               NaN                                                                         NaN                NaN          NaN            NaN         NaN                              NaN                            NaN           NaN                     NaN                         NaN                                              NaN            NaN                                                      NaN             NaN                            NaN                                                              NaN                                       NaN          NaN                             NaN                                                      NaN                                            NaN                             NaN                               NaN                     NaN                             NaN                                                           NaN                            NaN                     NaN                             NaN                  NaN                                           NaN                         NaN                              NaN              NaN                                        NaN                 NaN                                                                             NaN
              Receptions                           NaN               NaN                           NaN                                              NaN NaN          NaN                         NaN                                      NaN              NaN                                    NaN                           NaN                     NaN            NaN               1.0           0.25       NaN        NaN                   NaN         NaN                                                     NaN                                                      NaN                                      NaN                                              NaN                            NaN                                       NaN          NaN                                                  NaN                         NaN                                      NaN                        NaN                                               NaN                                                       NaN            NaN                                                     NaN                                   NaN                             NaN                              NaN             NaN                         NaN                                            NaN                                 NaN                                          NaN                                      NaN                                      NaN                     NaN                       NaN                                   NaN                 NaN                                                     NaN                                  NaN                                 7.0                                                          NaN                   NaN                      NaN                             NaN               NaN                               NaN                                                   NaN        NaN                                  NaN                       NaN                  NaN                         NaN                                                               NaN                                           1.5                      NaN                                     NaN                                     NaN                        NaN                                NaN                                          0.5                   NaN                    NaN                               NaN                                          NaN                                                  NaN                   NaN                                                NaN             NaN                                      NaN                   NaN                           NaN                        NaN                          NaN                             1.5                   1.5                                       NaN                NaN                           NaN                    NaN                            NaN                                         NaN          NaN                 NaN                                                                   NaN                      NaN                                       NaN                NaN                              NaN                                                    NaN                      NaN                                               NaN           NaN                    NaN                                              NaN                     NaN                  NaN        NaN                               NaN                                           NaN                                    NaN                                 NaN                                    NaN                                         NaN                                    NaN                                       NaN                     NaN                                       NaN                                         NaN                                     NaN                                       NaN                                  NaN                      NaN                                           NaN                                    NaN                                 NaN                          NaN                        NaN                                NaN                                    NaN                                  NaN                       NaN                                         NaN                                          NaN                                        NaN                                    NaN                  NaN                                       NaN                                    NaN                                              NaN                                       NaN                     NaN                                         NaN                                     NaN                                       NaN                                  NaN                              NaN                                           NaN                                NaN                NaN                                        NaN                           NaN                                  NaN                                   NaN                      NaN                    NaN                                              3.5                            NaN           NaN                           NaN                  NaN                             NaN                               NaN                                      NaN                                                                       NaN                                NaN                                                        NaN                                               NaN                   NaN                         NaN                                                 NaN                             NaN                                 NaN                                            NaN                                        NaN                                 NaN                     NaN                              1.0                       2.0                         NaN                              NaN                                    NaN                               NaN                                        NaN                      NaN                        NaN                            NaN                                  NaN                     1.5                                        NaN                           NaN                                   NaN                         NaN                                             NaN                                      NaN                                                       NaN             NaN                                           NaN                              NaN                   1.5                         2.0             1.5                                 1.0                      NaN              NaN                                   NaN             NaN                                        NaN                                          NaN                       NaN                                                                NaN                           2.5                                           2.0                                 NaN                               NaN                                 NaN                                            1.0                                                         NaN                    NaN                           NaN                                                  NaN                   NaN         NaN                        NaN                                                         NaN                              NaN                               NaN                                                   NaN                                                       NaN                                                             NaN                          NaN                                             NaN                                                 NaN                                                         NaN                      NaN                          NaN                        NaN                           NaN                                 NaN                                                      NaN                          NaN                         NaN                                                   NaN                                                   NaN                    NaN                                 NaN                                 NaN                            NaN                      NaN                       NaN                            NaN                                        NaN           NaN                       NaN            NaN        NaN                      NaN                      NaN                                                             1.5                                 NaN          NaN                 NaN                                             NaN                      NaN                                         NaN                                      NaN                  NaN                 NaN                   NaN         NaN                                          NaN                                          NaN                                      NaN                                              NaN              NaN                             NaN                                  NaN               NaN       NaN           NaN                                   NaN                                NaN                                         NaN             NaN               NaN    NaN                 NaN                        NaN                                              NaN                                        NaN                                  NaN                              NaN                                    NaN                                NaN                                                                 NaN                                NaN                                 NaN                               NaN                           NaN                                NaN                                                                 NaN                                       NaN                          NaN                                  NaN                                 NaN                                 NaN                              NaN                     NaN                      NaN                                           NaN                              NaN                                          NaN                         NaN                                        NaN                          NaN                               NaN                                               NaN               NaN                                                        NaN                                            NaN                                    NaN                                        NaN                  NaN                       NaN                                       NaN                             NaN               NaN                       NaN                       NaN                                                                    NaN                                 NaN                        NaN                                              NaN                                NaN                                                                          NaN                                                  NaN                                                                 NaN                                   NaN                                    NaN                                                                           NaN                         NaN                 NaN                             NaN                                    NaN                                                              NaN                         NaN                          NaN                                            NaN                         NaN                          NaN                            NaN                             NaN                                  NaN               NaN                                                          NaN                                                                             NaN                       NaN                        NaN                          NaN                         NaN                       NaN                                           NaN                                  NaN                                                   NaN                                                     NaN                              NaN                                            NaN                       NaN                             NaN                     NaN                                      NaN                       NaN                       NaN                                          NaN                         NaN                     NaN                       NaN                           NaN                     NaN                             NaN                        NaN                         NaN                       NaN                         NaN                                    NaN                        NaN                    NaN                                                  NaN                                   NaN                               NaN                                                  NaN                           NaN                          NaN                                          NaN                       NaN                          NaN                      NaN                               NaN                        NaN                        NaN                                       NaN                                       NaN                             NaN                            NaN                        NaN                                            NaN                 NaN                                                 NaN                                              NaN                            NaN                            NaN                                                    NaN                               NaN                                                      NaN                           NaN                                     NaN                                 NaN                        NaN                              NaN                      NaN                              NaN                             NaN                         NaN                      NaN                                                             NaN                                       NaN                                                      NaN                           NaN                                                           NaN                       NaN                       NaN                      NaN                           NaN                            NaN                           NaN                             NaN                                       NaN                   NaN                        NaN                            NaN                           NaN                                         NaN                          NaN                          NaN                                                 NaN                                          NaN                            NaN                                              NaN                                   NaN                                             NaN                        NaN                                     NaN                     NaN                                                   NaN                                         NaN                                              NaN                             NaN                      NaN                        NaN                    NaN                                 NaN                     NaN                    NaN                                           NaN                                     NaN                  NaN                            NaN                        NaN                                 NaN              NaN                             NaN                            NaN                 NaN                            NaN                           NaN                NaN                                NaN                                                           NaN               NaN                              1.5                                   NaN                                    2.0                   NaN                                        NaN                                             NaN                                                           NaN                                       NaN                   NaN                                          NaN                                  NaN            NaN                              NaN                         NaN                        NaN                       NaN  NaN                                        NaN        NaN                              NaN       NaN                                                                            NaN                                      NaN                     NaN                                       NaN                                               NaN                    NaN                                                   NaN                    NaN                   NaN           NaN         NaN                            NaN                     NaN                   NaN                   1.5            NaN         NaN                         NaN                          NaN                          NaN                           NaN                         NaN                                         NaN                                                    NaN                                                                NaN                       NaN                              NaN                              NaN                                NaN                            NaN                           NaN                                   NaN                              NaN                        NaN                                NaN                             NaN                           NaN                               NaN                             NaN                              NaN                             NaN              NaN                                                   NaN                             NaN                                NaN                        NaN                        NaN                                  NaN                       NaN                         NaN                          NaN                              NaN                                 NaN                                                                       NaN                         NaN              NaN                                          NaN                                                               NaN                                                 NaN                                                     NaN                                                                NaN                   NaN                                NaN                                                           NaN                          NaN                   NaN                                                              NaN                          NaN        NaN               NaN                                NaN                                         NaN                                                       1.5                        1.0                                          1.0                     1.5                                                NaN                     NaN                                            NaN           NaN               NaN                                                     NaN                 NaN                 NaN         NaN                        NaN                             NaN                                 NaN         NaN                              NaN                       NaN        NaN           NaN                                                                                                         NaN                                                                                                                                                     NaN                       NaN                                                NaN                                            NaN                               NaN                              NaN                                                                              NaN                                           NaN                        NaN                                                   NaN         NaN              NaN          NaN                   NaN                                        NaN                  NaN                 NaN                 NaN                                            NaN               NaN               NaN                                 NaN                   NaN                             NaN                                                        NaN                                   NaN                                 NaN                NaN                                 NaN                                                                                 NaN          NaN                 NaN                                           NaN                                                        NaN                             NaN                                                             NaN                                                                      NaN                            NaN                                                    NaN                      NaN                              NaN                                         NaN                                                      NaN                           NaN                      NaN                       NaN                                            NaN                                                                      NaN                                                  NaN                               NaN                                               NaN                                    NaN                                     NaN                                           NaN                                                       NaN                                                 NaN                                                       NaN                                   NaN                                     NaN                          NaN                         NaN                1.0                NaN                                 NaN                       NaN                               NaN                          NaN                      NaN                              NaN                          NaN                                  NaN                                NaN                                                                                                                                                                        NaN                       1.0                                      NaN                                 NaN                             1.0                                  NaN                 NaN                             NaN                                                            NaN                     NaN                    NaN            NaN                                                                                                          NaN                                NaN                                        NaN                                                               NaN                                     NaN                                               NaN                                                         NaN                                 NaN                                     NaN                                        NaN                                             NaN                                            NaN                                 NaN                                          NaN                                     NaN         NaN                                                              NaN                                                   NaN                  NaN               NaN                        NaN                      NaN                                    NaN              NaN                                  NaN                                    NaN                                              NaN                               NaN                             NaN                         NaN                         NaN                                                       NaN                                NaN                            NaN                           NaN                               NaN                              NaN                            NaN                                   NaN                                                          NaN                                                 NaN                               NaN                          NaN                                 NaN                                       NaN                         NaN                             NaN                                    NaN                                                      NaN                        NaN                                  NaN                           NaN                               NaN                                        NaN                             NaN                             NaN                          NaN                              NaN                                                      NaN                                         NaN                                 NaN                              NaN                                        NaN                     NaN                                    NaN                      NaN                      NaN                                         NaN                          NaN                            NaN                        NaN                        NaN                                      NaN                                   NaN                       NaN                                                NaN                        NaN                                 NaN                                                                    NaN                      NaN                         NaN                     NaN                          NaN                                  NaN                           NaN                                      NaN                                      NaN                        NaN                                  NaN                                      NaN                                   NaN                                   NaN                            NaN                                   NaN                         NaN                                   NaN                      NaN                      NaN                   NaN                                                    NaN                                   NaN                                                NaN                       NaN                               NaN                                                                         1.0                1.0          1.0           1.25         NaN                              NaN                            NaN           NaN                     NaN                         NaN                                              NaN            1.0                                                     1.25             2.0                            NaN                                                              NaN                                       1.5          2.0                             2.0                                                      1.5                                            1.0                             NaN                               2.5                     1.0                             NaN                                                           1.5                            NaN                     NaN                             NaN                  NaN                                           NaN                         NaN                              NaN              NaN                                        1.0                 NaN                                                                             NaN
Scheduled work, meetings                           1.0               2.0                           6.0                                              0.5 0.5          0.5                         1.0                                      1.0              1.0                                    NaN                           1.0                     NaN            0.5               NaN            NaN       NaN       1.25                   4.0         0.5                                                    1.25                                                     1.75                                      2.0                                              1.0                            1.0                                       0.5          1.0                                                  NaN                         NaN                                      1.0                        1.5                                              2.75                                                       2.0            0.5                                                     0.5                                   1.0                             0.5                              0.5             3.0                         1.5                                            0.5                                 1.5                                          0.5                                      0.5                                      0.5                     1.0                       1.0                                   1.5                1.75                                                     NaN                                  NaN                                 NaN                                                          2.0                   0.5                     0.25                             6.0               2.5                               NaN                                                   1.5        3.0                                  NaN                       2.0                  NaN                         1.5                                                               NaN                                           NaN                      1.0                                     NaN                                     NaN                        1.0                                0.5                                          NaN                   0.5                    0.5                               2.0                                          1.0                                                  0.5                   NaN                                                0.5             2.5                                      NaN                   NaN                           NaN                        1.0                          2.0                             NaN                   NaN                                       NaN                0.5                           1.5                    0.5                            NaN                                         NaN          NaN                 NaN                                                                   2.0                     0.25                                       2.0                1.0                              NaN                                                    NaN                      2.0                                               0.5           1.0                    1.0                                              1.5                     1.0                  2.0       6.75                               NaN                                           NaN                                    NaN                                 NaN                                    NaN                                         NaN                                    NaN                                       NaN                     NaN                                       NaN                                         NaN                                     NaN                                       NaN                                  NaN                      NaN                                           NaN                                    NaN                                 NaN                         1.00                        NaN                                NaN                                    NaN                                  NaN                       NaN                                         NaN                                          NaN                                        NaN                                    NaN                  NaN                                       NaN                                    NaN                                              NaN                                       NaN                     NaN                                         NaN                                     NaN                                       NaN                                  NaN                              NaN                                           NaN                                NaN                NaN                                        NaN                           NaN                                  NaN                                   NaN                      NaN                    0.5                                              NaN                            NaN           0.5                           5.0                 0.75                             0.5                               0.5                                      0.5                                                                       0.5                                0.5                                                        NaN                                               NaN                   NaN                         7.0                                                 NaN                             0.5                                 1.5                                            0.5                                        1.5                                 1.5                     0.5                              NaN                       NaN                         NaN                              NaN                                    1.0                               NaN                                        2.5                      5.0                        NaN                            2.0                                  NaN                     NaN                                        0.5                           0.5                                   0.5                         5.0                                             1.5                                      0.5                                                       0.5             NaN                                           1.0                              5.0                   NaN                         NaN             NaN                                 NaN                     0.75             5.25                                   NaN             0.5                                        NaN                                          1.0                       1.0                                                                1.0                           NaN                                           NaN                                 NaN                               1.0                                 1.0                                            NaN                                                         1.5                   0.25                           0.5                                                  0.5                   NaN         0.5                        0.5                                                         0.5                              0.5                               0.5                                                   0.5                                                       0.5                                                             0.5                          NaN                                             NaN                                                 0.5                                                         0.5                      0.5                          0.5                        NaN                           NaN                                 1.0                                                      0.5                          0.5                         0.5                                                   0.5                                                   0.5                    0.5                                 0.5                                 0.5                            0.5                      NaN                       NaN                            1.0                                        NaN           0.5                       5.0            1.5        1.0                      NaN                      0.5                                                             NaN                                 0.5          0.5                 1.0                                             NaN                      1.0                                         1.0                                      0.5                  NaN                27.5                   0.5         2.0                                         12.0                                          4.5                                      1.0                                              2.0              0.5                             NaN                                  NaN               NaN      0.25           0.5                                   1.5                                NaN                                         NaN             0.5               NaN    NaN                 NaN                        1.0                                              0.5                                        0.5                                  0.5                              0.5                                    1.1                                0.5                                                                 0.5                               0.25                                 0.5                              0.25                           0.5                                0.5                                                                 0.5                                       0.5                          1.5                                  0.5                                 0.5                                 1.5                              0.5                     0.5                      0.5                                           0.5                             1.25                                          0.5                         1.0                                        0.5                          NaN                               0.5                                               0.5               0.5                                                        0.5                                           0.75                                    1.0                                        0.5                  0.5                       0.5                                       0.5                             0.5               0.5                       0.5                       0.5                                                                    0.5                                 0.5                        0.5                                              1.0                                0.5                                                                          0.5                                                  0.5                                                                 0.5                                   0.5                                    2.0                                                                           0.5                         0.5                 0.5                             3.0                                   0.75                                                              0.5                         1.0                         0.75                                            0.5                         0.5                          0.5                            0.5                             0.5                                  0.5               1.0                                                          0.5                                                                             0.5                       NaN                        1.0                          0.5                         0.5                       0.5                                           0.5                                  0.5                                                   0.5                                                     0.5                              0.5                                            0.5                       2.0                             0.5                     1.0                                      1.0                      1.25                       0.5                                          0.5                         0.5                     0.5                       0.5                           0.5                     0.5                             0.5                       0.75                         0.5                       0.5                         1.0                                    0.5                        0.5                    0.5                                                  0.5                                  0.75                               0.5                                                  1.0                           0.5                         0.25                                          0.5                       1.0                          0.5                      0.5                               1.5                        0.5                        0.5                                       0.5                                       0.5                             0.5                           0.25                        0.5                                            NaN                 0.5                                                 0.5                                              0.5                            0.5                            0.5                                                    0.5                               0.5                                                      0.5                           0.5                                     0.5                                 0.5                        5.0                              0.5                      0.5                              0.5                             0.5                         0.5                     0.25                                                             0.5                                       0.5                                                      0.5                           0.5                                                           5.0                       0.5                       0.5                      0.5                           0.5                            1.0                           1.0                             1.5                                       0.5                   0.5                        0.5                            0.5                           0.5                                         1.0                          1.0                          0.4                                                 1.0                                          0.5                            0.5                                              5.5                                   0.5                                             0.5                        1.0                                     0.5                     0.5                                                   0.5                                         0.5                                              0.5                             1.0                      0.5                       0.75                    2.0                                 0.5                    1.25                    NaN                                           0.5                                     0.5                 0.75                            0.5                        NaN                                 NaN              1.0                             NaN                            2.0                 1.5                            3.0                           1.5                1.0                               4.75                                                           1.0               1.0                              NaN                                   0.8                                    NaN                   1.0                                        0.5                                             4.0                                                           1.5                                       1.5                   1.5                                          1.0                                  NaN            NaN                              1.0                        3.75                        1.0                       0.5  NaN                                        NaN        NaN                              2.0       NaN                                                                            0.5                                      NaN                     NaN                                       NaN                                               NaN                    NaN                                                   NaN                    NaN                   NaN           1.0        0.25                           2.25                     2.0                   0.5                   NaN            NaN         0.5                         0.5                         0.25                          0.5                          0.25                         0.5                                         0.5                                                    0.5                                                                0.5                       0.5                              0.5                              0.5                                0.5                            0.5                           0.5                                   0.5                              0.5                       0.25                                1.0                             0.5                           0.5                               1.0                             1.0                              0.5                            0.25              0.5                                                   0.5                             0.5                                NaN                       0.25                        0.5                                  0.5                       0.5                         0.5                          0.5                              0.5                                0.25                                                                       0.5                         5.0              NaN                                          2.0                                                               0.5                                                 0.5                                                     2.5                                                                0.5                   NaN                                NaN                                                          0.75                          2.0                   0.5                                                              0.5                          1.0        0.5               NaN                                0.5                                         0.5                                                       NaN                        NaN                                          NaN                     NaN                                                0.5                     0.5                                            0.5           NaN               NaN                                                     0.5                 0.5                 0.5         NaN                        6.0                             NaN                                 NaN         NaN                              NaN                       NaN        NaN           NaN                                                                                                         NaN                                                                                                                                                     NaN                       NaN                                                NaN                                            NaN                               NaN                              NaN                                                                              NaN                                           NaN                        NaN                                                   NaN         0.5              0.5          0.5                   NaN                                        0.5                  1.0                 0.5                11.0                                            1.0               0.5               0.5                                 0.5                   0.5                             0.5                                                        2.0                                   0.5                                 0.5                0.5                                0.25                                                                                 NaN          0.5                 1.5                                           1.0                                                        NaN                             1.0                                                             0.5                                                                      2.0                            0.5                                                   0.75                      1.0                              1.0                                         0.5                                                      1.0                          0.75                      2.0                       1.0                                            0.5                                                                      0.5                                                  1.0                               0.5                                               1.0                                    0.5                                     1.0                                           0.5                                                      0.75                                                 0.5                                                       1.0                                   1.5                                     1.0                          0.5                         2.0                NaN                0.5                                 2.0                       0.5                               4.5                          2.0                      1.5                              2.0                          0.5                                  NaN                                0.5                                                                                                                                                                        1.5                       NaN                                      NaN                                0.75                             NaN                                  NaN                 1.0                             NaN                                                            NaN                     NaN                    1.0            NaN                                                                                                          1.5                                2.5                                       0.75                                                              0.75                                     1.0                                               1.0                                                         1.0                                 1.0                                     1.0                                        1.0                                             1.0                                            1.0                                 1.0                                          1.0                                     1.0         NaN                                                              NaN                                                   NaN                  NaN               NaN                        NaN                      NaN                                    NaN              NaN                                  NaN                                    NaN                                              NaN                               NaN                             NaN                         NaN                         NaN                                                       NaN                                NaN                            NaN                           NaN                               NaN                              NaN                            NaN                                   NaN                                                          NaN                                                 NaN                               NaN                          NaN                                 NaN                                       NaN                         NaN                             NaN                                    NaN                                                      NaN                        NaN                                  NaN                           NaN                               NaN                                        NaN                             NaN                             NaN                          NaN                              NaN                                                      NaN                                         NaN                                 NaN                              NaN                                        NaN                     NaN                                    NaN                      NaN                      NaN                                         NaN                          NaN                            NaN                        NaN                        NaN                                      NaN                                   NaN                       NaN                                                NaN                       0.75                                 NaN                                                                    NaN                      NaN                         5.0                     NaN                          NaN                                  NaN                           NaN                                      NaN                                      NaN                        NaN                                  NaN                                      NaN                                   NaN                                   0.5                           1.75                                   NaN                         1.0                                   2.0                      1.5                      2.5                   4.0                                                    2.0                                   NaN                                                0.5                       6.0                               2.0                                                                         NaN                NaN          NaN            NaN        1.75                              3.5                           0.75           0.5                     NaN                         0.5                                              0.5            NaN                                                      NaN             NaN                           1.25                                                              1.0                                       NaN          NaN                             NaN                                                      NaN                                            NaN                             0.5                               NaN                     NaN                            1.25                                                           NaN                           1.25                     1.5                             0.5                  0.5                                          2.25                         NaN                              0.5              0.5                                        NaN                 NaN                                                                             2.0
           Social events                           NaN               NaN                           NaN                                              NaN NaN          NaN                         NaN                                      NaN              NaN                                    NaN                           NaN                     NaN            NaN               NaN            NaN       1.5        NaN                   NaN         NaN                                                     NaN                                                      NaN                                      NaN                                              NaN                            NaN                                       NaN          NaN                                                  NaN                         NaN                                      NaN                        NaN                                               NaN                                                       NaN            NaN                                                     NaN                                   NaN                             NaN                              NaN             NaN                         NaN                                            NaN                                 NaN                                          NaN                                      NaN                                      NaN                     NaN                       NaN                                   NaN                 NaN                                                     NaN                                  NaN                                 NaN                                                          NaN                   NaN                      NaN                             NaN               NaN                               NaN                                                   NaN        NaN                                  NaN                       NaN                  NaN                         NaN                                                               NaN                                           NaN                      5.0                                     2.0                                     NaN                        NaN                                NaN                                          NaN                   NaN                    NaN                               NaN                                          NaN                                                  NaN                   NaN                                                NaN             NaN                                      NaN                   NaN                           NaN                        NaN                          NaN                             NaN                   NaN                                       NaN                NaN                           NaN                    NaN                            NaN                                         NaN          NaN                12.5                                                                   NaN                      NaN                                       NaN                NaN                              NaN                                                    NaN                      NaN                                               NaN           NaN                    NaN                                              NaN                     NaN                  NaN        NaN                               NaN                                           NaN                                    NaN                                 NaN                                    NaN                                         NaN                                    NaN                                       NaN                     NaN                                       NaN                                         NaN                                     NaN                                       NaN                                  NaN                      NaN                                           NaN                                    NaN                                 NaN                          NaN                        NaN                                NaN                                    NaN                                  NaN                       NaN                                         NaN                                          NaN                                        NaN                                    NaN                  NaN                                       NaN                                    NaN                                              NaN                                       NaN                     NaN                                         NaN                                     NaN                                       NaN                                  NaN                              NaN                                           NaN                                NaN                NaN                                        NaN                           NaN                                  NaN                                   NaN                      NaN                    NaN                                              NaN                            NaN           NaN                           NaN                  NaN                             NaN                               NaN                                      NaN                                                                       NaN                                NaN                                                        NaN                                               NaN                   NaN                         NaN                                                 NaN                             NaN                                 NaN                                            NaN                                        NaN                                 NaN                     NaN                              NaN                       NaN                         NaN                              NaN                                    NaN                               NaN                                        NaN                      NaN                        NaN                            NaN                                  NaN                     NaN                                        NaN                           NaN                                   NaN                         NaN                                             NaN                                      NaN                                                       NaN             NaN                                           NaN                              NaN                   NaN                         NaN             NaN                                 NaN                      NaN              NaN                                   NaN             NaN                                        NaN                                          NaN                       NaN                                                                NaN                           NaN                                           NaN                                 NaN                               NaN                                 NaN                                            NaN                                                         NaN                    NaN                           NaN                                                  NaN                   NaN         NaN                        NaN                                                         NaN                              NaN                               NaN                                                   NaN                                                       NaN                                                             NaN                          NaN                                             NaN                                                 NaN                                                         NaN                      NaN                          NaN                        NaN                           NaN                                 NaN                                                      NaN                          NaN                         NaN                                                   NaN                                                   NaN                    NaN                                 NaN                                 NaN                            NaN                      NaN                       NaN                            NaN                                        NaN           NaN                       NaN            NaN        NaN                      1.5                      NaN                                                             NaN                                 NaN          NaN                 NaN                                             NaN                      NaN                                         NaN                                      NaN                  NaN                 NaN                   NaN         NaN                                          NaN                                          NaN                                      NaN                                              NaN              NaN                             NaN                                  NaN               NaN       NaN           NaN                                   NaN                                NaN                                         NaN             NaN               NaN    NaN                 NaN                        NaN                                              NaN                                        NaN                                  NaN                              NaN                                    NaN                                NaN                                                                 NaN                                NaN                                 NaN                               NaN                           NaN                                NaN                                                                 NaN                                       NaN                          NaN                                  NaN                                 NaN                                 NaN                              NaN                     NaN                      NaN                                           NaN                              NaN                                          NaN                         NaN                                        NaN                          NaN                               NaN                                               NaN               NaN                                                        NaN                                            NaN                                    NaN                                        NaN                  NaN                       NaN                                       NaN                             NaN               NaN                       NaN                       NaN                                                                    NaN                                 NaN                        NaN                                              NaN                                NaN                                                                          NaN                                                  NaN                                                                 NaN                                   NaN                                    NaN                                                                           NaN                         NaN                 NaN                             NaN                                    NaN                                                              NaN                         NaN                          NaN                                            NaN                         NaN                          NaN                            NaN                             NaN                                  NaN               NaN                                                          NaN                                                                             NaN                       NaN                        NaN                          NaN                         NaN                       NaN                                           NaN                                  NaN                                                   NaN                                                     NaN                              NaN                                            NaN                       NaN                             NaN                     NaN                                      NaN                       NaN                       NaN                                          NaN                         NaN                     NaN                       NaN                           NaN                     NaN                             NaN                        NaN                         NaN                       NaN                         NaN                                    NaN                        NaN                    NaN                                                  NaN                                   NaN                               NaN                                                  NaN                           NaN                          NaN                                          NaN                       NaN                          NaN                      NaN                               NaN                        NaN                        NaN                                       NaN                                       NaN                             NaN                            NaN                        NaN                                            NaN                 NaN                                                 NaN                                              NaN                            NaN                            NaN                                                    NaN                               NaN                                                      NaN                           NaN                                     NaN                                 NaN                        NaN                              NaN                      NaN                              NaN                             NaN                         NaN                      NaN                                                             NaN                                       NaN                                                      NaN                           NaN                                                           NaN                       NaN                       NaN                      NaN                           NaN                            NaN                           NaN                             NaN                                       NaN                   NaN                        NaN                            NaN                           NaN                                         NaN                          NaN                          NaN                                                 NaN                                          NaN                            NaN                                              NaN                                   NaN                                             NaN                        NaN                                     NaN                     NaN                                                   NaN                                         NaN                                              NaN                             NaN                      NaN                        NaN                    NaN                                 NaN                     NaN                    NaN                                           NaN                                     NaN                  NaN                            NaN                        NaN                                 NaN              NaN                             NaN                            NaN                 NaN                            NaN                           NaN                NaN                                NaN                                                           NaN               NaN                              NaN                                   NaN                                    NaN                   NaN                                        NaN                                             NaN                                                           NaN                                       NaN                   NaN                                          NaN                                  NaN            NaN                              NaN                         NaN                        NaN                       NaN  NaN                                        NaN        NaN                              NaN       NaN                                                                            NaN                                      NaN                     NaN                                       NaN                                               NaN                    NaN                                                   NaN                    NaN                   NaN           NaN         NaN                            NaN                     NaN                   NaN                   NaN            NaN         NaN                         NaN                          NaN                          NaN                           NaN                         NaN                                         NaN                                                    NaN                                                                NaN                       NaN                              NaN                              NaN                                NaN                            NaN                           NaN                                   NaN                              NaN                        NaN                                NaN                             NaN                           NaN                               NaN                             NaN                              NaN                             NaN              NaN                                                   NaN                             NaN                                NaN                        NaN                        NaN                                  NaN                       NaN                         NaN                          NaN                              NaN                                 NaN                                                                       NaN                         NaN              NaN                                          NaN                                                               NaN                                                 NaN                                                     NaN                                                                NaN                   NaN                                NaN                                                           NaN                          NaN                   NaN                                                              NaN                          NaN        NaN               NaN                                NaN                                         NaN                                                       NaN                        NaN                                          NaN                     NaN                                                NaN                     NaN                                            NaN           NaN               NaN                                                     NaN                 NaN                 NaN         NaN                        NaN                             NaN                                 NaN         NaN                              NaN                       NaN        NaN           NaN                                                                                                         NaN                                                                                                                                                     NaN                       NaN                                                NaN                                            NaN                               NaN                              NaN                                                                              NaN                                           NaN                        NaN                                                   NaN         NaN              NaN          NaN                   NaN                                        NaN                  NaN                 NaN                 NaN                                            NaN               NaN               NaN                                 NaN                   NaN                             NaN                                                        NaN                                   NaN                                 NaN                NaN                                 NaN                                                                                 NaN          NaN                 NaN                                           NaN                                                        NaN                             NaN                                                             NaN                                                                      NaN                            NaN                                                    NaN                      NaN                              NaN                                         NaN                                                      NaN                           NaN                      NaN                       NaN                                            NaN                                                                      NaN                                                  NaN                               NaN                                               NaN                                    NaN                                     NaN                                           NaN                                                       NaN                                                 NaN                                                       NaN                                   NaN                                     NaN                          NaN                         NaN                NaN                NaN                                 NaN                       NaN                               NaN                          NaN                      NaN                              NaN                          NaN                                  NaN                                NaN                                                                                                                                                                        NaN                       NaN                                      NaN                                 NaN                             NaN                                  NaN                 NaN                             NaN                                                            NaN                     NaN                    NaN            NaN                                                                                                          NaN                                NaN                                        NaN                                                               NaN                                     NaN                                               NaN                                                         NaN                                 NaN                                     NaN                                        NaN                                             NaN                                            NaN                                 NaN                                          NaN                                     NaN         NaN                                                              NaN                                                   NaN                  NaN               NaN                        NaN                      NaN                                    NaN              NaN                                  NaN                                    NaN                                              NaN                               NaN                             NaN                         NaN                         NaN                                                       NaN                                NaN                            NaN                           NaN                               NaN                              NaN                            NaN                                   NaN                                                          NaN                                                 NaN                               NaN                          NaN                                 NaN                                       NaN                         NaN                             NaN                                    NaN                                                      NaN                        NaN                                  NaN                           NaN                               NaN                                        NaN                             NaN                             NaN                          NaN                              NaN                                                      NaN                                         NaN                                 NaN                              NaN                                        NaN                     NaN                                    NaN                      NaN                      NaN                                         NaN                          NaN                            NaN                        NaN                        NaN                                      NaN                                   NaN                       NaN                                                NaN                        NaN                                 NaN                                                                    NaN                      NaN                         NaN                     NaN                          NaN                                  NaN                           NaN                                      NaN                                      NaN                        NaN                                  NaN                                      NaN                                   NaN                                   NaN                            NaN                                   NaN                         NaN                                   NaN                      NaN                      NaN                   NaN                                                    NaN                                   NaN                                                NaN                       NaN                               NaN                                                                         NaN                NaN          NaN            NaN         NaN                              NaN                            NaN           NaN                     NaN                         NaN                                              NaN            NaN                                                      NaN             NaN                            NaN                                                              NaN                                       NaN          NaN                             NaN                                                      NaN                                            NaN                             NaN                               NaN                     NaN                             NaN                                                           NaN                            NaN                     NaN                             NaN                  NaN                                           NaN                         NaN                              NaN              NaN                                        NaN                 NaN                                                                             NaN
           Trade mission                           NaN               NaN                           NaN                                              NaN NaN          NaN                         NaN                                      NaN              NaN                                    NaN                           NaN                     NaN            NaN               NaN            NaN       NaN        NaN                   NaN         NaN                                                     NaN                                                      NaN                                      NaN                                              NaN                            NaN                                       NaN          NaN                                                  NaN                         NaN                                      NaN                        NaN                                               NaN                                                       NaN            NaN                                                     NaN                                   NaN                             NaN                              NaN             NaN                         NaN                                            NaN                                 NaN                                          NaN                                      NaN                                      NaN                     NaN                       NaN                                   NaN                 NaN                                                     NaN                                  NaN                                 NaN                                                          NaN                   NaN                      NaN                             NaN               NaN                               NaN                                                   NaN        NaN                                  NaN                       NaN                  NaN                         NaN                                                               NaN                                           NaN                      NaN                                     NaN                                     NaN                        NaN                                NaN                                          NaN                   NaN                    NaN                               NaN                                          NaN                                                  NaN                   NaN                                                NaN             NaN                                      NaN                   NaN                           NaN                        NaN                          NaN                             NaN                   NaN                                       NaN                NaN                           NaN                    NaN                            NaN                                         NaN          NaN                 NaN                                                                   NaN                      NaN                                       NaN                NaN                              NaN                                                    NaN                      NaN                                               NaN           NaN                    NaN                                              NaN                     NaN                  NaN        NaN                               NaN                                           NaN                                    NaN                                 NaN                                    NaN                                         NaN                                    NaN                                       NaN                     NaN                                       NaN                                         NaN                                     NaN                                       NaN                                  NaN                      NaN                                           NaN                                    NaN                                 NaN                          NaN                        NaN                                NaN                                    NaN                                  NaN                       NaN                                         NaN                                          NaN                                        NaN                                    NaN                  NaN                                       NaN                                    NaN                                              NaN                                       NaN                     NaN                                         NaN                                     NaN                                       NaN                                  NaN                              NaN                                           NaN                                NaN                NaN                                        NaN                           NaN                                  NaN                                   NaN                      NaN                    NaN                                              NaN                            NaN           NaN                           NaN                  NaN                             NaN                               NaN                                      NaN                                                                       NaN                                NaN                                                        NaN                                               NaN                   NaN                         NaN                                                 NaN                             NaN                                 NaN                                            NaN                                        NaN                                 NaN                     NaN                              NaN                       NaN                         NaN                              NaN                                    NaN                               NaN                                        NaN                      NaN                        NaN                            NaN                                  NaN                     NaN                                        NaN                           NaN                                   NaN                         NaN                                             NaN                                      NaN                                                       NaN             NaN                                           NaN                              NaN                   NaN                         NaN             NaN                                 NaN                      NaN              NaN                                   NaN             NaN                                        NaN                                          NaN                       NaN                                                                NaN                           NaN                                           NaN                                 NaN                               NaN                                 NaN                                            NaN                                                         NaN                    NaN                           NaN                                                  NaN                   NaN         NaN                        NaN                                                         NaN                              NaN                               NaN                                                   NaN                                                       NaN                                                             NaN                          NaN                                             NaN                                                 NaN                                                         NaN                      NaN                          NaN                        NaN                           NaN                                 NaN                                                      NaN                          NaN                         NaN                                                   NaN                                                   NaN                    NaN                                 NaN                                 NaN                            NaN                      NaN                       NaN                            NaN                                        NaN           NaN                       NaN            NaN        NaN                      NaN                      NaN                                                             NaN                                 NaN          NaN                 NaN                                             NaN                      NaN                                         NaN                                      NaN                  NaN                 NaN                   NaN         NaN                                          NaN                                          NaN                                      NaN                                              NaN              NaN                             NaN                                  NaN               NaN       NaN           NaN                                   NaN                                NaN                                         NaN             NaN               NaN    NaN                 NaN                        NaN                                              NaN                                        NaN                                  NaN                              NaN                                    NaN                                NaN                                                                 NaN                                NaN                                 NaN                               NaN                           NaN                                NaN                                                                 NaN                                       NaN                          NaN                                  NaN                                 NaN                                 NaN                              NaN                     NaN                      NaN                                           NaN                              NaN                                          NaN                         NaN                                        NaN                          NaN                               NaN                                               NaN               NaN                                                        NaN                                            NaN                                    NaN                                        NaN                  NaN                       NaN                                       NaN                             NaN               NaN                       NaN                       NaN                                                                    NaN                                 NaN                        NaN                                              NaN                                NaN                                                                          NaN                                                  NaN                                                                 NaN                                   NaN                                    NaN                                                                           NaN                         NaN                 NaN                             NaN                                    NaN                                                              NaN                         NaN                          NaN                                            NaN                         NaN                          NaN                            NaN                             NaN                                  NaN               NaN                                                          NaN                                                                             NaN                       NaN                        NaN                          NaN                         NaN                       NaN                                           NaN                                  NaN                                                   NaN                                                     NaN                              NaN                                            NaN                       NaN                             NaN                     NaN                                      NaN                       NaN                       NaN                                          NaN                         NaN                     NaN                       NaN                           NaN                     NaN                             NaN                        NaN                         NaN                       NaN                         NaN                                    NaN                        NaN                    NaN                                                  NaN                                   NaN                               NaN                                                  NaN                           NaN                          NaN                                          NaN                       NaN                          NaN                      NaN                               NaN                        NaN                        NaN                                       NaN                                       NaN                             NaN                            NaN                        NaN                                            NaN                 NaN                                                 NaN                                              NaN                            NaN                            NaN                                                    NaN                               NaN                                                      NaN                           NaN                                     NaN                                 NaN                        NaN                              NaN                      NaN                              NaN                             NaN                         NaN                      NaN                                                             NaN                                       NaN                                                      NaN                           NaN                                                           NaN                       NaN                       NaN                      NaN                           NaN                            NaN                           NaN                             NaN                                       NaN                   NaN                        NaN                            NaN                           NaN                                         NaN                          NaN                          NaN                                                 NaN                                          NaN                            NaN                                              NaN                                   NaN                                             NaN                        NaN                                     NaN                     NaN                                                   NaN                                         NaN                                              NaN                             NaN                      NaN                        NaN                    NaN                                 NaN                     NaN                    NaN                                           NaN                                     NaN                  NaN                            NaN                        NaN                                 NaN              NaN                             NaN                            NaN                 NaN                            NaN                           NaN                NaN                                NaN                                                           NaN               NaN                              NaN                                   NaN                                    NaN                   NaN                                        NaN                                             NaN                                                           NaN                                       NaN                   NaN                                          NaN                                  NaN            NaN                              NaN                         NaN                        NaN                       NaN  NaN                                        NaN        NaN                              NaN       NaN                                                                            NaN                                      NaN                     NaN                                       NaN                                               NaN                    NaN                                                   NaN                    NaN                   NaN           NaN         NaN                            NaN                     NaN                   NaN                   NaN            NaN         NaN                         NaN                          NaN                          NaN                           NaN                         NaN                                         NaN                                                    NaN                                                                NaN                       NaN                              NaN                              NaN                                NaN                            NaN                           NaN                                   NaN                              NaN                        NaN                                NaN                             NaN                           NaN                               NaN                             NaN                              NaN                             NaN              NaN                                                   NaN                             NaN                                NaN                        NaN                        NaN                                  NaN                       NaN                         NaN                          NaN                              NaN                                 NaN                                                                       NaN                         NaN              NaN                                          NaN                                                               NaN                                                 NaN                                                     NaN                                                                NaN                   NaN                                NaN                                                           NaN                          NaN                   NaN                                                              NaN                          NaN        NaN               NaN                                NaN                                         NaN                                                       NaN                        NaN                                          NaN                     NaN                                                NaN                     NaN                                            NaN           NaN               NaN                                                     NaN                 NaN                 NaN         NaN                        NaN                             NaN                                 NaN         NaN                              NaN                       NaN        NaN           NaN                                                                                                         NaN                                                                                                                                                     NaN                       NaN                                                NaN                                            NaN                               NaN                              NaN                                                                              NaN                                           NaN                        NaN                                                   NaN         NaN              NaN          NaN                  81.0                                        NaN                  NaN                 NaN                 NaN                                            NaN               NaN               NaN                                 NaN                   NaN                             NaN                                                        NaN                                   NaN                                 NaN                NaN                                 NaN                                                                                 NaN          NaN                 NaN                                           NaN                                                        NaN                             NaN                                                             NaN                                                                      NaN                            NaN                                                    NaN                      NaN                              NaN                                         NaN                                                      NaN                           NaN                      NaN                       NaN                                            NaN                                                                      NaN                                                  NaN                               NaN                                               NaN                                    NaN                                     NaN                                           NaN                                                       NaN                                                 NaN                                                       NaN                                   NaN                                     NaN                          NaN                         NaN                NaN                NaN                                 NaN                       NaN                               NaN                          NaN                      NaN                              NaN                          NaN                                  NaN                                NaN                                                                                                                                                                        NaN                       NaN                                      NaN                                 NaN                             NaN                                  NaN                 NaN                             NaN                                                            NaN                     NaN                    NaN           72.0                                                                                                          NaN                                NaN                                        NaN                                                               NaN                                     NaN                                               NaN                                                         NaN                                 NaN                                     NaN                                        NaN                                             NaN                                            NaN                                 NaN                                          NaN                                     NaN         NaN                                                              NaN                                                   NaN                  NaN               NaN                        NaN                      NaN                                    NaN              NaN                                  NaN                                    NaN                                              NaN                               NaN                             NaN                         NaN                         NaN                                                       NaN                                NaN                            NaN                           NaN                               NaN                              NaN                            NaN                                   NaN                                                          NaN                                                 NaN                               NaN                          NaN                                 NaN                                       NaN                         NaN                             NaN                                    NaN                                                      NaN                        NaN                                  NaN                           NaN                               NaN                                        NaN                             NaN                             NaN                          NaN                              NaN                                                      NaN                                         NaN                                 NaN                              NaN                                        NaN                     NaN                                    NaN                      NaN                      NaN                                         NaN                          NaN                            NaN                        NaN                        NaN                                      NaN                                   NaN                       NaN                                                NaN                        NaN                                 NaN                                                                    NaN                      NaN                         NaN                     NaN                          NaN                                  NaN                           NaN                                      NaN                                      NaN                        NaN                                  NaN                                      NaN                                   NaN                                   NaN                            NaN                                   NaN                         NaN                                   NaN                      NaN                      NaN                   NaN                                                    NaN                                   NaN                                                NaN                       NaN                               NaN                                                                         NaN                NaN          NaN            NaN         NaN                              NaN                            NaN           NaN                     NaN                         NaN                                              NaN            NaN                                                      NaN             NaN                            NaN                                                              NaN                                       NaN          NaN                             NaN                                                      NaN                                            NaN                             NaN                               NaN                     NaN                             NaN                                                           NaN                            NaN                     NaN                             NaN                  NaN                                           NaN                         NaN                              NaN              NaN                                        NaN                 NaN                                                                             NaN
                  Travel                           NaN               NaN                           NaN                                              NaN NaN          NaN                         NaN                                      NaN              NaN                                    NaN                           NaN                     NaN            NaN               NaN            NaN       NaN        NaN                   NaN         NaN                                                     NaN                                                      NaN                                      NaN                                              NaN                            NaN                                       NaN          NaN                                                  NaN                         NaN                                      NaN                        NaN                                               NaN                                                       NaN            NaN                                                     NaN                                   NaN                             NaN                              NaN             NaN                         NaN                                            NaN                                 NaN                                          NaN                                      NaN                                      NaN                     NaN                       NaN                                   NaN                 NaN                                                     NaN                                  NaN                                 NaN                                                          NaN                   NaN                      NaN                             NaN               NaN                               NaN                                                   NaN        NaN                                  NaN                       NaN                  NaN                         NaN                                                               NaN                                           NaN                      NaN                                     NaN                                     NaN                        NaN                                NaN                                          NaN                   NaN                    NaN                               NaN                                          NaN                                                  NaN                   NaN                                                NaN             NaN                                      1.0                   NaN                           NaN                        NaN                          NaN                             NaN                   NaN                                       NaN                NaN                           NaN                    NaN                           0.25                                        0.25          0.5                 NaN                                                                   NaN                      NaN                                       NaN                NaN                              NaN                                                    NaN                      NaN                                               NaN           NaN                    NaN                                              NaN                     NaN                  NaN        NaN                               5.0                                           1.0                                   0.75                                2.75                                    0.5                                         5.0                                   1.25                                       2.0                    0.75                                       2.5                                         0.5                                     2.0                                      1.25                                  1.0                      0.5                                           2.5                                   0.75                                 9.0                        16.00                        6.0                               3.75                                    NaN                                  9.0                       1.0                                         3.0                                          1.0                                        1.0                                   1.25                  0.5                                       1.0                                    0.5                                             2.25                                       2.0                     1.0                                         2.0                                     2.0                                      1.25                                  1.0                             2.75                                           1.0                                2.0                0.5                                        0.5                          20.0                                  2.5                                  12.0                     3.75                    NaN                                              NaN                            NaN           NaN                           NaN                  NaN                             NaN                               NaN                                      NaN                                                                       NaN                                NaN                                                        NaN                                               NaN                   NaN                         NaN                                                 NaN                             NaN                                 NaN                                            NaN                                        NaN                                 NaN                     NaN                              NaN                       NaN                         NaN                              NaN                                    NaN                               0.5                                        NaN                      NaN                        NaN                            NaN                                  NaN                     NaN                                        NaN                           NaN                                   NaN                         NaN                                             NaN                                      NaN                                                       NaN             NaN                                           NaN                              NaN                   NaN                         NaN             NaN                                 NaN                      NaN              NaN                                   NaN             NaN                                        NaN                                          NaN                       NaN                                                                NaN                           NaN                                           NaN                                 NaN                               NaN                                 NaN                                            NaN                                                         NaN                    NaN                           NaN                                                  NaN                   NaN         NaN                        NaN                                                         NaN                              NaN                               NaN                                                   NaN                                                       NaN                                                             NaN                          NaN                                             NaN                                                 NaN                                                         NaN                      NaN                          NaN                        NaN                           NaN                                 NaN                                                      NaN                          NaN                         NaN                                                   NaN                                                   NaN                    NaN                                 NaN                                 NaN                            NaN                      0.5                       0.5                            NaN                                        0.5           NaN                       NaN            NaN        NaN                      NaN                      NaN                                                             NaN                                 NaN          NaN                 NaN                                             NaN                      NaN                                         NaN                                      NaN                  NaN                 NaN                   NaN         NaN                                          NaN                                          NaN                                      NaN                                              NaN              NaN                             NaN                                  NaN               NaN       NaN           NaN                                   NaN                                NaN                                         NaN             NaN               NaN    NaN                 NaN                        NaN                                              NaN                                        NaN                                  NaN                              NaN                                    NaN                                NaN                                                                 NaN                                NaN                                 NaN                               NaN                           NaN                                NaN                                                                 NaN                                       NaN                          NaN                                  NaN                                 NaN                                 NaN                              NaN                     NaN                      NaN                                           NaN                              NaN                                          NaN                         NaN                                        NaN                          NaN                               NaN                                               NaN               NaN                                                        NaN                                            NaN                                    NaN                                        NaN                  NaN                       NaN                                       NaN                             NaN               NaN                       NaN                       NaN                                                                    NaN                                 NaN                        NaN                                              NaN                                NaN                                                                          NaN                                                  NaN                                                                 NaN                                   NaN                                    NaN                                                                           NaN                         NaN                 NaN                             NaN                                    NaN                                                              NaN                         NaN                          NaN                                            NaN                         NaN                          NaN                            NaN                             NaN                                  NaN               NaN                                                          NaN                                                                             NaN                       NaN                        NaN                          NaN                         NaN                       NaN                                           NaN                                  NaN                                                   NaN                                                     NaN                              NaN                                            NaN                       NaN                             NaN                     NaN                                      NaN                       NaN                       NaN                                          NaN                         NaN                     NaN                       NaN                           NaN                     NaN                             NaN                        NaN                         NaN                       NaN                         NaN                                    NaN                        NaN                    NaN                                                  NaN                                   NaN                               NaN                                                  NaN                           NaN                          NaN                                          NaN                       NaN                          NaN                      NaN                               NaN                        NaN                        NaN                                       NaN                                       NaN                             NaN                            NaN                        NaN                                            NaN                 NaN                                                 NaN                                              NaN                            NaN                            NaN                                                    NaN                               NaN                                                      NaN                           NaN                                     NaN                                 NaN                        NaN                              NaN                      NaN                              NaN                             NaN                         NaN                      NaN                                                             NaN                                       NaN                                                      NaN                           NaN                                                           NaN                       NaN                       NaN                      NaN                           NaN                            NaN                           NaN                             NaN                                       NaN                   NaN                        NaN                            NaN                           NaN                                         NaN                          NaN                          NaN                                                 NaN                                          NaN                            NaN                                              NaN                                   NaN                                             NaN                        NaN                                     NaN                     NaN                                                   NaN                                         NaN                                              NaN                             NaN                      NaN                        NaN                    NaN                                 NaN                     NaN                    NaN                                           NaN                                     NaN                  NaN                            NaN                        NaN                                 NaN              NaN                             NaN                            NaN                 NaN                            NaN                           NaN                NaN                                NaN                                                           NaN               NaN                              NaN                                   NaN                                    NaN                   NaN                                        NaN                                             NaN                                                           NaN                                       NaN                   NaN                                          NaN                                  NaN            NaN                              NaN                         NaN                        NaN                       NaN  NaN                                        NaN        NaN                              NaN       NaN                                                                            NaN                                      NaN                     NaN                                       NaN                                               NaN                    NaN                                                   NaN                    NaN                   NaN           NaN         NaN                            NaN                     NaN                   NaN                   NaN            NaN         NaN                         NaN                          NaN                          NaN                           NaN                         NaN                                         NaN                                                    NaN                                                                NaN                       NaN                              NaN                              NaN                                NaN                            NaN                           NaN                                   NaN                              NaN                        NaN                                NaN                             NaN                           NaN                               NaN                             NaN                              NaN                             NaN              NaN                                                   NaN                             NaN                                NaN                        NaN                        NaN                                  NaN                       NaN                         NaN                          NaN                              NaN                                 NaN                                                                       NaN                         NaN              NaN                                          NaN                                                               NaN                                                 NaN                                                     NaN                                                                NaN                   NaN                                NaN                                                           NaN                          NaN                   NaN                                                              NaN                          NaN        NaN               NaN                                NaN                                         NaN                                                       NaN                        NaN                                          NaN                     NaN                                                NaN                     NaN                                            NaN           NaN               NaN                                                     NaN                 NaN                 NaN         NaN                        NaN                             NaN                                 NaN         NaN                              NaN                       NaN        NaN           NaN                                                                                                         NaN                                                                                                                                                     NaN                       NaN                                                NaN                                            NaN                               NaN                              NaN                                                                              NaN                                           NaN                        NaN                                                   NaN         NaN              NaN          NaN                   NaN                                        NaN                  NaN                 NaN                 NaN                                            NaN               NaN               NaN                                 NaN                   NaN                             NaN                                                        NaN                                   NaN                                 NaN                NaN                                 NaN                                                                                 NaN          NaN                 NaN                                           NaN                                                        NaN                             NaN                                                             NaN                                                                      NaN                            NaN                                                    NaN                      NaN                              NaN                                         NaN                                                      NaN                           NaN                      NaN                       NaN                                            NaN                                                                      NaN                                                  NaN                               NaN                                               NaN                                    NaN                                     NaN                                           NaN                                                       NaN                                                 NaN                                                       NaN                                   NaN                                     NaN                          NaN                         NaN                NaN                NaN                                 NaN                       NaN                               NaN                          NaN                      NaN                              NaN                          NaN                                  NaN                                NaN                                                                                                                                                                        NaN                       NaN                                      NaN                                 NaN                             NaN                                  NaN                 NaN                             NaN                                                            NaN                     NaN                    NaN            NaN                                                                                                          NaN                                NaN                                        NaN                                                               NaN                                     NaN                                               NaN                                                         NaN                                 NaN                                     NaN                                        NaN                                             NaN                                            NaN                                 NaN                                          NaN                                     NaN         NaN                                                              NaN                                                   NaN                  2.0              0.25                       0.25                      NaN                                   0.75              1.0                                 1.25                                   0.75                                              0.5                               0.5                           15.25                        0.25                        3.50                                                       NaN                                NaN                           0.75                          1.75                              0.25                             1.25                           0.25                                  0.25                                                         0.75                                                 NaN                               2.0                          NaN                                0.25                                       0.5                        0.75                             0.5                                    0.5                                                      0.5                        0.5                                  NaN                           2.0                              0.25                                        1.0                            2.25                            0.35                         1.75                              0.5                                                      1.0                                         0.5                                0.25                             0.25                                       0.25                     0.5                                   0.75                     0.75                     0.75                                         0.5                         1.75                            0.5                       0.75                        0.5                                      NaN                                  0.25                       0.5                                               0.75                      17.75                                0.75                                                                   0.75                     2.25                         NaN                     0.5                         0.25                                 0.75                           1.0                                     0.75                                     0.75                        2.0                                 0.75                                      NaN                                   2.0                                   NaN                            NaN                                   NaN                         NaN                                   NaN                      NaN                      NaN                   NaN                                                    NaN                                   NaN                                                NaN                       NaN                               NaN                                                                         NaN                NaN          NaN            NaN         NaN                              NaN                            NaN           NaN                     NaN                         NaN                                              NaN            NaN                                                      NaN             NaN                            NaN                                                              NaN                                       NaN          NaN                             NaN                                                      NaN                                            NaN                             NaN                               NaN                     NaN                             NaN                                                           NaN                            NaN                     NaN                             NaN                  NaN                                           NaN                         NaN                              NaN              NaN                                        NaN                 NaN                                                                             NaN",Idaho Gov. Butch Otter's calendar for 2013
36,data\Test\Tableau\tab_018,"Table_name: 1Line Chart
 Data: 
  Answer Text 22-Jan-16 23-Jan-16 24-Jan-16 25-Jan-16 26-Jan-16 27-Jan-16 28-Jan-16 29-Jan-16 30-Jan-16 31-Jan-16 1-Feb-16 2-Feb-16 3-Feb-16 4-Feb-16 5-Feb-16 6-Feb-16 7-Feb-16 8-Feb-16 9-Feb-16 10-Feb-16 11-Feb-16 12-Feb-16 13-Feb-16 14-Feb-16 15-Feb-16 16-Feb-16 17-Feb-16 18-Feb-16 19-Feb-16 20-Feb-16 21-Feb-16 22-Feb-16 23-Feb-16 24-Feb-16 25-Feb-16 26-Feb-16 27-Feb-16 28-Feb-16 29-Feb-16 1-Mar-16 2-Mar-16 3-Mar-16 4-Mar-16 5-Mar-16 6-Mar-16 7-Mar-16 8-Mar-16 9-Mar-16 10-Mar-16 11-Mar-16 12-Mar-16 13-Mar-16 14-Mar-16 15-Mar-16 16-Mar-16 17-Mar-16 18-Mar-16 19-Mar-16 20-Mar-16 21-Mar-16 22-Mar-16 23-Mar-16 24-Mar-16 25-Mar-16 26-Mar-16 27-Mar-16 28-Mar-16 29-Mar-16 30-Mar-16 31-Mar-16 1-Apr-16 2-Apr-16 3-Apr-16 4-Apr-16 5-Apr-16 6-Apr-16 7-Apr-16 8-Apr-16 9-Apr-16 10-Apr-16 11-Apr-16 12-Apr-16 13-Apr-16 14-Apr-16 15-Apr-16 16-Apr-16 17-Apr-16 18-Apr-16 19-Apr-16 20-Apr-16 21-Apr-16 22-Apr-16 23-Apr-16 24-Apr-16 25-Apr-16 26-Apr-16 27-Apr-16 28-Apr-16 29-Apr-16 30-Apr-16 1-May-16 2-May-16 3-May-16 4-May-16 5-May-16 6-May-16 7-May-16 8-May-16 9-May-16 10-May-16 11-May-16 12-May-16 13-May-16 14-May-16 15-May-16 16-May-16 17-May-16 18-May-16 19-May-16 20-May-16 21-May-16 22-May-16 23-May-16 24-May-16 25-May-16 26-May-16 27-May-16 28-May-16 29-May-16 30-May-16 31-May-16 1-Jun-16 2-Jun-16 3-Jun-16 4-Jun-16 5-Jun-16 6-Jun-16 7-Jun-16 8-Jun-16 9-Jun-16 10-Jun-16 11-Jun-16 12-Jun-16 13-Jun-16 14-Jun-16 15-Jun-16 16-Jun-16 17-Jun-16 18-Jun-16 19-Jun-16 20-Jun-16 21-Jun-16 22-Jun-16 23-Jun-16 24-Jun-16 25-Jun-16 26-Jun-16 27-Jun-16 28-Jun-16 29-Jun-16 30-Jun-16 1-Jul-16 2-Jul-16 3-Jul-16 4-Jul-16 5-Jul-16 6-Jul-16 7-Jul-16 8-Jul-16 9-Jul-16 10-Jul-16 11-Jul-16 12-Jul-16 13-Jul-16 14-Jul-16 15-Jul-16 16-Jul-16 17-Jul-16 18-Jul-16 19-Jul-16 20-Jul-16 21-Jul-16 22-Jul-16 23-Jul-16 24-Jul-16 25-Jul-16 26-Jul-16 27-Jul-16 28-Jul-16 29-Jul-16 30-Jul-16 31-Jul-16 1-Aug-16 2-Aug-16 3-Aug-16 4-Aug-16 5-Aug-16 6-Aug-16 7-Aug-16 8-Aug-16 9-Aug-16 10-Aug-16 11-Aug-16 12-Aug-16 13-Aug-16 14-Aug-16 15-Aug-16 16-Aug-16 17-Aug-16 18-Aug-16 19-Aug-16 20-Aug-16 21-Aug-16 22-Aug-16 23-Aug-16 24-Aug-16 25-Aug-16 26-Aug-16 27-Aug-16 28-Aug-16 29-Aug-16 30-Aug-16 31-Aug-16 1-Sep-16 2-Sep-16 3-Sep-16 4-Sep-16 5-Sep-16 6-Sep-16 7-Sep-16 8-Sep-16 9-Sep-16 10-Sep-16 11-Sep-16 12-Sep-16 13-Sep-16 14-Sep-16 15-Sep-16 16-Sep-16 17-Sep-16 18-Sep-16 19-Sep-16 20-Sep-16 21-Sep-16 22-Sep-16 23-Sep-16 24-Sep-16 25-Sep-16 26-Sep-16 27-Sep-16 28-Sep-16 29-Sep-16 30-Sep-16 1-Oct-16 2-Oct-16 3-Oct-16 4-Oct-16 5-Oct-16 6-Oct-16 7-Oct-16 8-Oct-16 9-Oct-16 10-Oct-16 11-Oct-16 12-Oct-16 13-Oct-16 14-Oct-16 15-Oct-16 16-Oct-16 17-Oct-16 18-Oct-16 19-Oct-16 20-Oct-16 21-Oct-16 22-Oct-16 23-Oct-16 24-Oct-16 25-Oct-16 26-Oct-16 27-Oct-16 28-Oct-16 29-Oct-16 30-Oct-16 31-Oct-16 1-Nov-16 2-Nov-16 3-Nov-16 4-Nov-16 5-Nov-16 6-Nov-16 7-Nov-16 8-Nov-16
  A Democrat    65.00%    65.00%    65.00%    66.67%    65.33%    65.00%    65.66%    65.00%    65.00%    65.00%   64.29%   63.16%   63.16%   63.16%   63.16%   63.73%   63.16%   63.16%   63.16%    62.18%    62.18%    62.50%    61.86%    61.86%    62.50%    63.54%    63.92%    63.92%    63.92%    64.29%    63.92%    63.92%    63.92%    63.27%    63.92%    62.89%    62.89%    62.89%    63.59%   63.92%   63.92%   64.65%   64.65%   64.82%   65.00%   65.00%   65.00%   65.00%    65.00%    65.66%    65.66%    65.66%    65.66%    66.33%    66.33%    67.36%    69.07%    69.07%    69.07%    69.07%    69.07%    69.39%    69.39%    69.39%    69.70%    70.00%    70.00%    70.00%    70.00%    70.00%   70.00%   70.00%   70.71%   70.71%   71.43%   71.43%   71.43%   71.43%   72.16%    72.54%    73.68%    72.16%    68.42%    65.00%    65.00%    65.00%    65.00%    65.00%    63.92%    63.92%    63.92%    63.92%    63.92%    64.29%    64.29%    64.29%    64.29%    63.92%    63.92%    63.92%   63.92%   64.29%   64.29%   65.00%   65.00%   65.00%   65.00%   65.00%   65.00%    65.00%    65.00%    65.00%    65.00%    65.00%    65.00%    65.00%    65.00%    65.00%    65.00%    65.00%    65.00%    65.00%    65.00%    65.00%    65.00%    65.00%    65.00%    65.00%    65.00%    65.00%    65.00%   65.00%   65.00%   65.00%   65.00%   65.00%   65.00%   65.00%   65.00%   65.00%    65.00%    65.00%    65.00%    65.00%    65.00%    65.00%    65.00%    65.00%    65.00%    65.00%    65.00%    65.66%    66.33%    66.33%    66.33%    66.33%    66.33%    66.33%    66.33%    66.33%    66.33%   66.33%   66.33%   66.67%   67.71%   67.71%   67.71%   67.71%   67.71%   67.71%    67.71%    67.71%    67.71%    68.75%    68.75%    68.75%    67.71%    67.71%    67.71%    67.71%    68.23%    68.04%    67.71%    68.04%    68.04%    68.04%    67.71%    67.01%    67.01%    67.01%    67.01%    67.01%   67.01%   67.01%   67.71%   68.04%   69.07%   69.07%   69.07%   69.39%   69.39%    69.39%    69.39%    69.70%    69.70%    69.85%    70.00%    70.00%    70.00%    70.00%    70.00%    70.00%    70.00%    70.71%    70.71%    70.71%    71.43%    71.43%    72.16%    72.16%    72.16%    72.54%    72.92%   73.20%   73.20%   73.20%   73.20%   73.20%   73.47%   73.20%   73.20%   72.16%    72.16%    72.16%    72.16%    72.16%    72.16%    71.43%    71.43%    71.43%    70.71%    70.71%    70.71%    70.00%    70.00%    70.00%    70.00%    70.00%    70.00%    70.00%    70.00%    70.00%    70.00%   70.00%   70.00%   70.00%   70.00%   70.00%   70.71%   71.07%   71.43%   72.16%    74.75%    75.00%    75.00%    75.00%    75.00%    75.00%    75.00%    75.00%    75.00%    75.00%    75.00%    75.00%    75.00%    75.00%    75.00%    75.76%    75.76%    75.76%    75.76%    75.76%    75.76%    75.76%   75.00%   75.00%   75.00%   75.00%   75.00%   75.00%   75.00%   75.76%
A Republican    35.00%    35.00%    35.00%    33.33%    34.67%    35.00%    34.34%    35.00%    35.00%    35.00%   35.71%   36.84%   36.84%   36.84%   36.84%   36.27%   36.84%   36.84%   36.84%    37.82%    37.82%    37.50%    38.14%    38.14%    37.50%    36.46%    36.08%    36.08%    36.08%    35.71%    36.08%    36.08%    36.08%    36.73%    36.08%    37.11%    37.11%    37.11%    36.41%   36.08%   36.08%   35.35%   35.35%   35.18%   35.00%   35.00%   35.00%   35.00%    35.00%    34.34%    34.34%    34.34%    34.34%    33.67%    33.67%    32.64%    30.93%    30.93%    30.93%    30.93%    30.93%    30.61%    30.61%    30.61%    30.30%    30.00%    30.00%    30.00%    30.00%    30.00%   30.00%   30.00%   29.29%   29.29%   28.57%   28.57%   28.57%   28.57%   27.84%    27.46%    26.32%    27.84%    31.58%    35.00%    35.00%    35.00%    35.00%    35.00%    36.08%    36.08%    36.08%    36.08%    36.08%    35.71%    35.71%    35.71%    35.71%    36.08%    36.08%    36.08%   36.08%   35.71%   35.71%   35.00%   35.00%   35.00%   35.00%   35.00%   35.00%    35.00%    35.00%    35.00%    35.00%    35.00%    35.00%    35.00%    35.00%    35.00%    35.00%    35.00%    35.00%    35.00%    35.00%    35.00%    35.00%    35.00%    35.00%    35.00%    35.00%    35.00%    35.00%   35.00%   35.00%   35.00%   35.00%   35.00%   35.00%   35.00%   35.00%   35.00%    35.00%    35.00%    35.00%    35.00%    35.00%    35.00%    35.00%    35.00%    35.00%    35.00%    35.00%    34.34%    33.67%    33.67%    33.67%    33.67%    33.67%    33.67%    33.67%    33.67%    33.67%   33.67%   33.67%   33.33%   32.29%   32.29%   32.29%   32.29%   32.29%   32.29%    32.29%    32.29%    32.29%    31.25%    31.25%    31.25%    32.29%    32.29%    32.29%    32.29%    31.77%    31.96%    32.29%    31.96%    31.96%    31.96%    32.29%    32.99%    32.99%    32.99%    32.99%    32.99%   32.99%   32.99%   32.29%   31.96%   30.93%   30.93%   30.93%   30.61%   30.61%    30.61%    30.61%    30.30%    30.30%    30.15%    30.00%    30.00%    30.00%    30.00%    30.00%    30.00%    30.00%    29.29%    29.29%    29.29%    28.57%    28.57%    27.84%    27.84%    27.84%    27.46%    27.08%   26.80%   26.80%   26.80%   26.80%   26.80%   26.53%   26.80%   26.80%   27.84%    27.84%    27.84%    27.84%    27.84%    27.84%    28.57%    28.57%    28.57%    29.29%    29.29%    29.29%    30.00%    30.00%    30.00%    30.00%    30.00%    30.00%    30.00%    30.00%    30.00%    30.00%   30.00%   30.00%   30.00%   30.00%   30.00%   29.29%   28.93%   28.57%   27.84%    25.25%    25.00%    25.00%    25.00%    25.00%    25.00%    25.00%    25.00%    25.00%    25.00%    25.00%    25.00%    25.00%    25.00%    25.00%    24.24%    24.24%    24.24%    24.24%    24.24%    24.24%    24.24%   25.00%   25.00%   25.00%   25.00%   25.00%   25.00%   25.00%   24.24%
       Other     0.00%     0.00%     0.00%     0.00%     0.00%     0.00%     0.00%     0.00%     0.00%     0.00%    0.00%    0.00%    0.00%    0.00%    0.00%    0.00%    0.00%    0.00%    0.00%     0.00%     0.00%     0.00%     0.00%     0.00%     0.00%     0.00%     0.00%     0.00%     0.00%     0.00%     0.00%     0.00%     0.00%     0.00%     0.00%     0.00%     0.00%     0.00%     0.00%    0.00%    0.00%    0.00%    0.00%    0.00%    0.00%    0.00%    0.00%    0.00%     0.00%     0.00%     0.00%     0.00%     0.00%     0.00%     0.00%     0.00%     0.00%     0.00%     0.00%     0.00%     0.00%     0.00%     0.00%     0.00%     0.00%     0.00%     0.00%     0.00%     0.00%     0.00%    0.00%    0.00%    0.00%    0.00%    0.00%    0.00%    0.00%    0.00%    0.00%     0.00%     0.00%     0.00%     0.00%     0.00%     0.00%     0.00%     0.00%     0.00%     0.00%     0.00%     0.00%     0.00%     0.00%     0.00%     0.00%     0.00%     0.00%     0.00%     0.00%     0.00%    0.00%    0.00%    0.00%    0.00%    0.00%    0.00%    0.00%    0.00%    0.00%     0.00%     0.00%     0.00%     0.00%     0.00%     0.00%     0.00%     0.00%     0.00%     0.00%     0.00%     0.00%     0.00%     0.00%     0.00%     0.00%     0.00%     0.00%     0.00%     0.00%     0.00%     0.00%    0.00%    0.00%    0.00%    0.00%    0.00%    0.00%    0.00%    0.00%    0.00%     0.00%     0.00%     0.00%     0.00%     0.00%     0.00%     0.00%     0.00%     0.00%     0.00%     0.00%     0.00%     0.00%     0.00%     0.00%     0.00%     0.00%     0.00%     0.00%     0.00%     0.00%    0.00%    0.00%    0.00%    0.00%    0.00%    0.00%    0.00%    0.00%    0.00%     0.00%     0.00%     0.00%     0.00%     0.00%     0.00%     0.00%     0.00%     0.00%     0.00%     0.00%     0.00%     0.00%     0.00%     0.00%     0.00%     0.00%     0.00%     0.00%     0.00%     0.00%     0.00%    0.00%    0.00%    0.00%    0.00%    0.00%    0.00%    0.00%    0.00%    0.00%     0.00%     0.00%     0.00%     0.00%     0.00%     0.00%     0.00%     0.00%     0.00%     0.00%     0.00%     0.00%     0.00%     0.00%     0.00%     0.00%     0.00%     0.00%     0.00%     0.00%     0.00%     0.00%    0.00%    0.00%    0.00%    0.00%    0.00%    0.00%    0.00%    0.00%    0.00%     0.00%     0.00%     0.00%     0.00%     0.00%     0.00%     0.00%     0.00%     0.00%     0.00%     0.00%     0.00%     0.00%     0.00%     0.00%     0.00%     0.00%     0.00%     0.00%     0.00%     0.00%    0.00%    0.00%    0.00%    0.00%    0.00%    0.00%    0.00%    0.00%    0.00%     0.00%     0.00%     0.00%     0.00%     0.00%     0.00%     0.00%     0.00%     0.00%     0.00%     0.00%     0.00%     0.00%     0.00%     0.00%     0.00%     0.00%     0.00%     0.00%     0.00%     0.00%     0.00%    0.00%    0.00%    0.00%    0.00%    0.00%    0.00%    0.00%    0.00%

Table_name: 2Website Citations
 Data: 
                                     website  citation_count
                            FiveThirtyEight             528
                          RealClearPolitics             320
                             New York Times             243
                                   Politico             160
                            Washington Post             157
                                PredictWise             133
                                        CNN             102
                            Huffington Post              80
                                  Wikipedia              70
                                   The Hill              45
                                    Reuters              43
                                    YouTube              37
                                   NBC News              36
                                  Bloomberg              35
                    The Wall Street Journal              33
                                    Twitter              27
                                      Slate              26
                                   CBS News              25
                                   ABC News              24
                                OpenSecrets              21
                  The Cook Political Report              21
                                   270toWin              20
                                  USA Today              20
                                   Fox News              19
                                  PredictIt              19
                                        BBC              18
                                Oddschecker              18
                               The Guardian              18
                                        Vox              18
                                        NPR              17
              Princeton Election Consortium              17
                        Talking Points Memo              17
                       Qunnipiac University              14
                          Los Angeles Times              13
                                       CNBC              12
                              New York Post              12
                      Public Policy Polling              12
                                       TIME              12
                                Ballotpedia              11
                            BusinessInsider              11
                               Pew Research              11
                              Cleveland.com              10
                                    Betfair               9
               International Business Times               9
                               The Atlantic               9
                           The Daily Caller               9
                             The New Yorker               9
                           Washington Times               9
                   U.S. News & World Report               8
                            Financial Times               7
                                     Gallup               7
                 Milwaukee Journal Sentinel               7
                                MotherJones               7
                                  PollyVote               7
                                      Salon               7
                          Scott Adam's Blog               7
                                   The Week               7
                                  Breitbart               6
Center for Politics, University of Virginia               6
                                Newsmax.com               6
                    The Des Moines Register               6
                             Cincinnati.com               5
                           Florida Politics               5
                                   Law Newz               5
      Monmouth University Polling Institute               5
                                   RedState               5
                         Suffolk University               5
                           SupremeCourt.gov               5
                        The Chicago Tribune               5
                      The Columbus Dispatch               5
                              The Economist               5
                           The Green Papers               5
                              The Telegraph               5
                                      Yahoo               5
                                  ZeroHedge               5
                           Associated Press               4
                      Brookings Institution               4
                                  Daily Kos               4
                                      Heavy               4
                                     HotAir               4
                                MarketWatch               4
                                      MSNBC               4
                              NY Daily News               4
                                      NYMag               4
                                 PaddyPower               4
                                 PolitiFact               4
                              The Data Mine               4
                        The National Review               4
                                        WND               4
                                 Amazon AWS               3
                               Boston Globe               3
                                     Bustle               3
                      Election Betting Odds               3
                                   Facebook               3
                                     Forbes               3
                            Frontloading HQ               3
                                     Gawker               3
                                Madison.com               3
                  Media Matters for America               3
                            Morning Consult               3
                                   Newsweek               3
                                        PBS               3
                                  Roll Call               3
                            The Daily Beast               3
                      The Indianapolis Star               3
                 United Press International               3
             United States Election Project               3
                        Washington Examiner               3
                                WMUR News 9               3
                                    AJC.com               2
                                        AOL               2
                                 Census.gov               2
              FantasySCOTUS from LexPredict               2
                Federal Election Commission               2
                                   Fox6 Now               2
                                GazetteXtra               2
                                      imgur               2
                                  Inquisitr               2
                                McClatchyDC               2
                 New Hampshire Union Leader               2
  New Hampshire's Secretary of State Office               2
                               Observer.com               2
                              Politicus USA               2
                      Portland Press Herald               2
                                      Quora               2
                                 Reason.com               2
                                     Snopes               2
                               Star Tribune               2
                            Statistic Brain               2
                      The American Prospect               2
                     The Charlotte Observer               2
                        The Weekly Standard               2
                                Vanity Fair               2
                                   VOA News               2
                            WCPO Cinncinati               2
                                   WVXU.org               2
                                     YouGov               2

Table_name: 3Sentiment on Change
 Data: 
  Answer Text             Change  Avg. Polarity  Comment Count
  A Democrat Increased Forecast          0.103            503
  A Democrat Decreased Forecast          0.073            445
A Republican Increased Forecast          0.077            450
A Republican Decreased Forecast          0.101            492

Table_name: 4Sentiment over Time
 Data: 
   month  avg_message_polarity  comment_count  Unnamed: 3  Unnamed: 4  Unnamed: 5  Unnamed: 6  Unnamed: 7  Unnamed: 8  Unnamed: 9  Unnamed: 10  Unnamed: 11  Unnamed: 12  Unnamed: 13  Unnamed: 14
   Sep                      0            101         NaN         NaN         NaN         NaN         NaN         NaN         NaN          NaN          NaN          NaN          NaN          NaN
Oct '15                     0            240         NaN         NaN         NaN         NaN         NaN         NaN         NaN          NaN          NaN          NaN          NaN          NaN
Nov '15                     0            313         NaN         NaN         NaN         NaN         NaN         NaN         NaN          NaN          NaN          NaN          NaN          NaN
Dec '15                     0            457         NaN         NaN         NaN         NaN         NaN         NaN         NaN          NaN          NaN          NaN          NaN          NaN
Jan '16                     0           2573         NaN         NaN         NaN         NaN         NaN         NaN         NaN          NaN          NaN          NaN          NaN          NaN
Feb '16                     0           3244         NaN         NaN         NaN         NaN         NaN         NaN         NaN          NaN          NaN          NaN          NaN          NaN
Mar '16                     0           2842         NaN         NaN         NaN         NaN         NaN         NaN         NaN          NaN          NaN          NaN          NaN          NaN
Apr '16                     0           1854         NaN         NaN         NaN         NaN         NaN         NaN         NaN          NaN          NaN          NaN          NaN          NaN
May '16                     0           1295         NaN         NaN         NaN         NaN         NaN         NaN         NaN          NaN          NaN          NaN          NaN          NaN
Jun '16                     0            959         NaN         NaN         NaN         NaN         NaN         NaN         NaN          NaN          NaN          NaN          NaN          NaN
Jul '16                     0           1254         NaN         NaN         NaN         NaN         NaN         NaN         NaN          NaN          NaN          NaN          NaN          NaN
Aug '16                     0            929         NaN         NaN         NaN         NaN         NaN         NaN         NaN          NaN          NaN          NaN          NaN          NaN
Sep '16                     0            931         NaN         NaN         NaN         NaN         NaN         NaN         NaN          NaN          NaN          NaN          NaN          NaN
Oct '16                     0           1342         NaN         NaN         NaN         NaN         NaN         NaN         NaN          NaN          NaN          NaN          NaN          NaN
Nov '16                     0            762         NaN         NaN         NaN         NaN         NaN         NaN         NaN          NaN          NaN          NaN          NaN          NaN","A Review of the 2016 Election, using Good Judgment
Forecasting Data"
37,data\Test\Tableau\tab_020,"Table_name: 12014 Complaints Target
 Data: 
            All Products     At Goal 2013 Complaints 2014 Complaints
Bank account or service Not At Goal             408             495
          Consumer loan Not At Goal             107             197
            Credit card     At Goal           2,531           2,391
       Credit reporting   Excellent              54              39
        Debt collection Not At Goal             280             835
               Mortgage   Excellent           2,391           1,650
           Student loan     At Goal              93              89

Table_name: 2ConsumerLoanCiti1
 Data: 
             Sub-product  total
       Installment loan     85
              Pawn loan      1
Personal line of credit     16
             Title loan      5
           Vehicle loan      6

Table_name: 3ConsumerLoanCiti2
 Data: 
             Sub-product Closed with explanation Closed with monetary relief Closed with non-monetary relief In progress
       Installment loan                  51.33%                       6.19%                          15.93%       1.77%
              Pawn loan                     NaN                         NaN                           0.88%         NaN
Personal line of credit                   9.73%                         NaN                           4.42%         NaN
             Title loan                   4.42%                         NaN                             NaN         NaN
           Vehicle loan                   3.54%                         NaN                           1.77%         NaN

Table_name: 4Complaint Issues
 Data: 
                               Issue  Installment_loan
         Managing the loan or lease                45
Problems when you are unable to pay                25
       Shopping for a loan or lease                 5
       Taking out the loan or lease                10",Investigate complaints for Citibank
38,data\Test\Tableau\tab_022,"Table_name: 1Sex-Onboard-Pie
 Data: 
    Sex  onboard_count
female            207
  male            273

Table_name: 2_1Sex-Onboard-bar
 Data: 
    Sex onboard_rate
female       43.13%
  male       56.88%

Table_name: 2_2Sex-Survived-bar
 Data: 
    Sex survival_rate
female        70.56%
  male        29.44%

Table_name: 3Age group-sex survived
 Data: 
    Sex  Adult Child
female 62.64% 4.40%
  male 28.57% 4.40%

Table_name: 4State-class-fare
 Data: 
 Class  AZ   CA   CO   CT   DE   FL   IA   ID   IL   IN   KS   KY   MA   ME   MI   MN    MO   MT   ND   NE   NH   NJ   NM   NY    OH   OR    PA   RI   SD   UT   VA   VT   WA   WI   WV
  1st NaN 90.9 27.7 67.7  NaN  NaN  NaN  NaN 58.0 26.6  NaN  NaN 61.9 77.3 91.1 73.9 165.1  NaN 61.2 50.5  NaN 54.2  NaN 74.9 117.3 75.3 165.9 62.0  NaN 26.6  NaN 26.0 30.3 73.1 60.0
  2nd NaN 24.6 21.0 18.3 10.5 12.8 12.0 26.3 23.2 10.5  NaN 20.0 11.5 12.4 22.9 21.7   NaN 18.3  NaN  NaN 12.7 28.9 13.0 19.6  17.0 15.0  16.0 10.5 16.0 13.0  NaN 19.5 26.0  NaN  NaN
  3rd 7.8  7.7  NaN 10.8  NaN  NaN 14.4  NaN  8.9  NaN 20.6  NaN 27.6  NaN 16.9 24.4   NaN 17.4  8.2  NaN  NaN 13.2  NaN 17.7   8.1  7.9   7.6 20.3  7.3  NaN 12.5  NaN  NaN  8.2  NaN",Titanic Disaster
